source_player_id,name_ja,name_en,tier,wikipedia_title,pathway_category,pathway_matched_categories,pathway_reason,wikipedia_pathway_context,reviewed_pathway_category,reviewer_note
10770,田中 順也,Junya TANAKA,era1,田中順也,university,university|j_club_academy,possible_declined_university_offer,"

小学校1年生の時から本格的にサッカーを始めた。小学生時代は高島平SCと掛け持ちで三菱養和SCのスクールに通い、卒業後は三菱養和巣鴨SCジュニアユースへ昇格。力強いドリブルで前線に切り込み、左足の豪快なシュートを狙うプレースタイルから「三菱養和のアドリアーノ」の異名を取った。
高校3年時の2005年には、チームのエースストライカーとして背番号「10」を背負い、第29回日本クラブユースサッカー選手権に出場したが、香川真司、吉田麻也、安田理大、槙野智章といった後の日本代表メンバーが勢揃いした大会で目立った成績は残せず、グループリーグで敗退。Jリーグやサッカー名門大学からのオファーはなく、一般推薦で順天堂大学に入学した。
大学時代も無名の存在だったが、2学年先輩の村上佑介を視察するため頻繁に練習場を訪れていた柏レイソルのスカウトの目に留まり、2009年7月、大学4年の夏休みを利用する形で特別指定選手としてチームに登録された。登録期間は1ヶ月の予定だったが、同時期に監督に就任したネルシーニョの強い要望によりシーズン終了時まで延長され、リーグ戦9試合に出場した。

2010年から柏に正式加入。同年は主にスーパーサブとして起用されたが、チームがJ1に昇格した2011年は開幕からスターティングメンバーに定着し、リーグ戦30試合に出場して13得点を挙げ、Jリーグ史上初となる昇格初年度でのJ1優勝に大きく貢献した。FIFAクラブワールドカップ2011でも全4試合に出場し、オークランド・シティFC戦では得意の左足からゴールを決め、試合を観戦していたFIFAのゼップ・ブラッター会長から賞賛を受けた。
翌年のリーグ戦では5得点に留まったが、2013年はリーグ戦11得点を挙げたほか、日刊スポーツ等が算出したアシスト数も二桁を記録。攻撃時に4-2-3-1、守備時に4-1-4-1へ変化する変則的なフォーメーションが採用された試合では、攻撃時には前線まで飛び出し、守備時にはボランチのポジションまで下がる戦術のキープレーヤーを担った。
2014年シーズンも好調を維持し、ブラジルW杯開催によるリーグ中断期間を前にチームトップの5得点を記録した。

2014年6月、ポルトガル・プリメイラ・リーガのスポルティングCPに移籍。契約期間は5年間で、移籍金は20万ユーロ（約2,500万円）。また、違約金が6,000万ユーロ（約83億円）という破格の金額に設定されたことで欧州のメディアから注目を集め、イタリア紙ガゼッタ・デロ・スポルトでは「スポルティング・リスボンよ、タナカとは何者だ？」という見出しで大々的に報じられた。
同年8月23日、第2節FCアロウカ戦でプリメイラ・リーガデビューを飾ると、11月21日のタッサ・デ・ポルトガル4回戦SCエスピーニョ戦で移籍後初得点を記録。翌年1月11日の第16節SCブラガ戦では、0-0で迎えた後半アディショナルタイムに直接フリーキックからリーグ戦初ゴールを挙げ、勝利に貢献した。その後も途中交代で起用されることが多かったが、限られた出場時間の中で得点を重ね、シーズン通算7ゴールを記録した。
監督がマルコ・シウバからジョルジェ・ジェズスに代わった2015-16シーズンは新監督の構想外となり、出場機会が減少した。国内外から複数の移籍オファーが届いたが、条件面で折り合わずチームに残留した。

2016年2月2日、翌年7月までの期限付き移籍（買い取りオプション付き）で古巣の柏レイソルに復帰することが発表された。しかし監督がミルトン・メンデスから下平隆宏に早々に変わると、ユース出身選手を重用する下平の方針もあり、僅か21試合（先発8試合）の出場で4得点と、自己最低の成績に終わった（特別指定選手だった2009年を除く）。

2016年12月29日、柏時代より師事したネルシーニョ率いるヴィッセル神戸に完全移籍で加入することをスポルティングが発表。
2017年4月26日、ルヴァンカップ第3節のサンフレッチェ広島(4〇1)戦で移籍後初得点を決めた。
2018年はJ1第2節の清水エスパルス戦で今季初ゴールを挙げるも、その後はなかなかゴール数を伸ばせなかった。シーズン途中に監督が吉田孝行からフアン・マヌエル・リージョに交代した後は、僅か4分の出場に留まった。
2019年シーズンは、FWに古橋亨梧とルーカス・ポドルスキ、さらに新たに加入したダビド・ビジャの存在もあり、なかなか開幕から試合に出場できなかったが、第5節のガンバ大阪戦では途中出場で2得点の活躍をして、出場時間16分ながらチームの逆転勝利に貢献した。シーズン中盤頃からは、ポドルスキやビジャの怪我の影響で出場機会が増え、神戸移籍後最多のリーグ戦6得点を挙げた。天皇杯では全試合に出場し、クラブ初タイトル獲得に貢献した。
2021年12月27日、契約満了による退団が発表された。

2021年12月31日、FC岐阜へ完全移籍で加入することが発表された。
2023年11月8日に、2023シーズンをもって現役を引退することが発表された。

2011年9月、2014 FIFAワールドカップ・アジア3次予選の日本代表メンバーに初選出され、翌年2月24日のキリンチャレンジカップ2012・アイスランド戦で国際Aマッチ初出場を果たした。その後はしばらく代表から遠ざかっていたが、ハビエル・アギーレ監督の初陣となったキリンチャレンジカップ2014で約2年半ぶりに招集を受け、4-3-3システムの中盤、左インサイドハーフのポジションでウルグアイ戦・ベネズエラ戦と、同年10月の親善試合ブラジル戦に出場した。

2024年1月21日、FC岐阜のクラブアンバサダーに就任。同クラブのアカデミーコーチとしても活動する。",,
10936,塩谷 司,SHIOTANI Tsukasa,era1,塩谷司,university,university|high_school|j_club_academy,possible_declined_university_offer,"

小学生時代は南小松島FCと大松SCに所属。中学生年代は大塚FCジュニアユース（現徳島ヴォルティスジュニアユース）に所属、2歳下に石川雅博がいる。当時は全く無名だった。
2004年、徳島県立徳島商業高等学校に進学、高1および高2のとき選手権（第83回・第84回）にミッドフィルダーとして出場している。この選手権での活躍により国士舘大学からスポーツ特待生としてスカウトされる。
2007年、国士舘大学へ進学 し、国士大サッカー部に所属する。同期に新井章太や大竹隆人。なお、後に広島でチームメイトとなる柴崎晃誠は4学年、 柏好文は1学年上の先輩にあたる。主にボランチや左サイドのMFとしてプレーしていたものの、レギュラーを掴むに至らなかった。2009年大学3年時、父親が急死、退学し就職を考えていたが細田三二国士大監督に説得され思いとどまる。2010年大学4年時に、柱谷哲二が国士大コーチに就任したことが転機となる。この年、柱谷によりセンターバックにコンバートされ鍛えられ、レギュラーを獲得した。大学卒業の際にはJリーグクラブからオファーがなく、唯一JFL・SAGAWA SHIGA FCが声をかけたぐらいだった。

2011年、柱谷がJリーグ・水戸ホーリーホック監督に就任すると、宙ぶらりんの状況だった塩谷を水戸に誘った。水戸は前年まで主力だった選手が大量に移籍退団したことから大学出身の新入団選手を大量に獲得しており、ロメロ・フランク、小澤司、鈴木将也、代健司、飯田優二、金久保彩、神村奨、小幡純平、笠原昂史が同期入団となった。またDFも大和田真史や作田裕次ら主力が軒並み退団し、DFライン再編を余儀なくされた状況だった。その中で塩谷はレギュラーに抜擢され開幕戦からスタメン出場を果たし、シーズン中にはDFラインのリーダーになるほど成長した。北関東ダービーでは3試合でゴールを決めており「ダービー男」と呼ばれた。同年末の天皇杯ではガンバ大阪と対戦し、水戸の対J1勢初勝利に貢献した。2012年シーズンも引き続き水戸で中心選手として活躍した。同年、この活躍によりJ1勢の大宮アルディージャ・清水エスパルス・サンフレッチェ広島から獲得オファーが届き、2012年8月、広島へ完全移籍（ただし移籍金については非公開）。これは柱谷と広島の森保一監督がドーハの悲劇時のオフトジャパンメンバーで、柱谷が広島を推薦したことにより決まった。

移籍当初は森脇良太のバックアップとしてリーグ戦3試合の出場にとどまったが、2013年に森脇が浦和レッズへ移籍すると、塩谷は3バックの一角としてスタメンに定着し、その森脇の穴を埋める以上の活躍を見せ、千葉和彦・水本裕貴と共にリーグ戦全34試合に出場しチームの連覇に大きく貢献した。
翌2014年には攻撃参加の精度に成長が見られ、第6節の名古屋グランパス戦までに4ゴールを挙げた。最終的にリーグ戦で6ゴールを記録し、ベストイレブンに選出された。オフにはFC東京から獲得のオファーがあったが、「広島からワールドカップに出る」とクラブに5年契約を求め、契約を更新した。
2015年、主力としてJリーグ優勝を達成。

2017年6月15日、UAEの強豪クラブ・アル・アインFCへ完全移籍。移籍金は150万ドル（約1億6500万円）と現地メディア『albayan』が伝えている。9月30日、第3節のアル・アハリ・ドバイ戦で移籍後初得点を決めた。
2018年に開催されたFIFAクラブワールドカップ2018では4試合にフル出場し、2得点を挙げ、チーム初の準優勝に貢献した。なお、その内1得点はレアル・マドリードから挙げたものである。クラブワールドカップ通算得点も4に伸ばし、歴代通算得点ランキングでもトップ10入りした（2021年大会終了時点で6位タイ）。
2021年6月12日、アル・アインは塩谷の退団を発表した。

2021年10月1日、サンフレッチェ広島への加入が発表された。背番号は「3」。4年ぶりの復帰となる。
2023年シーズンより、背番号を「33」に変更。

アルベルト・ザッケローニ日本代表監督の目に止まり、2014年5月の日本代表キャンプに呼ばれたものの、この時点でのAキャップ出場はならず2014 FIFAワールドカップにも選出されなかった。その後、ハビエル・アギーレ監督時代の10月10日、キリンチャレンジカップ・ジャマイカ戦で日本代表デビューを果たした。AFCアジアカップ2015、ヴァイッド・ハリルホジッチ監督時代2015年10月のFIFAワールドカップ・アジア予選にも選出されたが、共に出場はなかった。
2016年6月14日、リオデジャネイロオリンピックに出場するU-23サッカー日本代表のオーバーエイジ枠に選出。センターバックに入りグループリーグ全試合フル出場を果たすも、不慣れな環境下で、DF植田直通との距離感が悪く、ビルドアップでもリスクの高いパスを選択して危険を招く など期待に応えられず、チームはグループリーグ敗退となった。
2019年1月5日、守田英正の負傷離脱に伴い、AFCアジアカップ2019に臨む日本代表に追加召集され、森保ジャパン初選出。3年3ヶ月ぶりのA代表復帰となった。グループステージ第3戦のウズベキスタン戦で代表初ゴールを決めた。なお、このゴールを挙げたスタジアムは、所属するアル・アインのホームスタジアムであった。決勝戦となったカタール戦では遠藤航が負傷した影響で、先発出場。縦パスで南野拓実の得点の起点を作ったが、試合は1-3で敗れ、準優勝となった。",,
10993,金園 英学,Hidetaka KANAZONO,era1,金園英学,university,university|high_school,university_entry_after_pro_entry,"

4人兄弟の第4子として生まれ 6歳でサッカーを始める。小学生時代は大阪市内の少年サッカークラブに所属した。中学生時代は兵庫県尼崎市内のクラブでプレーし、卒業後、島根県の立正大学淞南高等学校へ進学した。金園は舞台俳優を目指してオーディションを受験したが合格できず、大阪府内の高校と立正大淞南とで迷った末後者への入学を選んだと語っている。高校2年次には全国高等学校サッカー選手権大会に出場し、通算2得点を挙げた。

2007年に関西大学に入学、金園の立正大淞南高校時代の先輩 が関西大に進学していたのが進路決定の理由であった。
金園は1年次から試合出場の機会を得、関西学生サッカーリーグにでは2008年度には通算16得点、2009年度には15得点を挙げ、2年連続1部リーグ得点王となった。3年次には全日本学生選抜チームに選ばれ、2010年3月に開催された定期日韓戦に出場した。また2009年度には第89回天皇杯に出場。同年10月開催の2回戦 ヴァンフォーレ甲府戦にて2得点を挙げたが終盤で追いつかれ、PK戦の末敗退した。この時の2得点について金園は後に「大学でのベストゴール」だと語っている。
2010年度は負傷のために試合より約半年遠ざかり、同年12月開催の第59回全日本大学サッカー選手権大会で復帰、決勝戦では前半18分にヘディングから先制点を挙げ、関西大学の43年ぶりの同大会優勝に貢献した。

ジュビロ磐田と横浜F・マリノスの2クラブから獲得のオファーを受け、2010年6月に金園の磐田への入団内定が発表された。2011年3月6日開催の開幕節甲府戦にてリーグ戦初出場、シーズン3試合目の第8節広島戦で後半28分にヘディングでJリーグ初得点を挙げた。序盤はベンチスタートが多かったが、段々先発出場の機会を得るようになった。同年7月23日の第6節G大阪戦で7点目を挙げ、藤田俊哉が1995年に達成した、磐田における新加入選手の得点記録に並んだ。第20節名古屋戦で、8点目を決め、磐田における新人最多得点記録を更新した。最終的に28試合に出場し、12得点を挙げた。これは、渡邉千真（横浜F・マリノス）が2009年度シーズンに挙げた13得点に次ぐ新加入選手による得点数記録であり、城彰二、渡邉以来史上3人目となった。
2012年2月にサッカー日本代表に初招集された ものの、金園はその際の代表合宿中に右第5中足骨を骨折し、全治3か月の診断結果が出された。これにより、日本代表を辞退した。さらに同年6月、復帰間近と言われていた矢先に同じ箇所を再骨折し手術 、再び全治3ヶ月の診断を受けた。その後、第30節仙台戦にて公式戦に復帰した。2013年は主力として活躍するものの、磐田は低迷しJ2に降格。更に足の故障で離脱することが増えていった。

2015年1月7日、ベガルタ仙台への移籍が発表された。1年目は29試合に出場するも、2年目は怪我の影響もあり7試合の出場にとどまった。

2016年12月22日、北海道コンサドーレ札幌への完全移籍が発表された。2017年3月4日、第2節の横浜F・マリノス戦でJ1通算100試合を達成した。

2018年1月6日、ヴァンフォーレ甲府への期限付き移籍が発表された。2019年1月11日、ヴァンフォーレ甲府へ完全移籍。この年は前年に負った怪我の影響でシーズンの半分をリハビリに務めるが、7月12日の第24節ファジアーノ岡山戦で戦列復帰。第32節の柏レイソル戦での同点ゴールを皮切りにスーパーサブとして結果を残し、チームのJ1参入プレーオフ進出に大きく貢献した。
2020年も度重なる怪我で戦線離脱を繰り返し、試合出場は13試合(先発出場2試合)にとどまり、12月23日、契約満了による退団が発表された。

2021年、AC長野パルセイロへ加入した。シーズン終了をもって現役を引退。

2022年2月9日に、ジュビロ磐田のトップチームマネジメント部スカウト担当に就任することが発表された。",,
11287,富居 大樹,Daiki TOMII,era1,富居大樹,university,university|high_school|j_club_academy,possible_declined_university_offer,"

浦和レッズの下部組織出身。武南高校2年時に全国高校サッカー選手権に出場し、大会優秀選手に選ばれた。また、日本高校選抜に選出されている。高校卒業後東京国際大学とは別の大学へ進学するも、事情により1年で退学。その後サッカー部の強化を進める東京国際大学からの誘いを受け、同大学に入学。1年生時からレギュラーに定着し、主将も務めた。3年生時には関東大学選抜に選出されている。

2013年、ザスパクサツ群馬に入団。東京国際大学出身で初のJリーガーとなった。1年目は北一真・内藤圭佑に次ぐ第3GKとなり出場機会はなかったが、終盤戦はベンチ入りする機会が増えた。2年目の2014年も第3GKからスタートし、序盤はベンチにも入れなかったが、北と内藤が共に精彩を欠いたため第22節水戸ホーリーホック戦（0-2）でプロ初出場を果たすとスタメンに定着し、最後までその座を守り21試合に出場した。2015年も前年からのスタメンの座をキ－プし、キャリアハイとなる40試合に出場した。

2016年にモンテディオ山形に完全移籍。正GKの山岸範宏の控えとなり、リーグ戦1試合と天皇杯2試合の出場にとどまった。山岸退団後も児玉剛が加入したため、リーグ戦4試合の出場に終わった。

2018シーズンより、湘南ベルマーレへ完全移籍した。移籍初年度はルヴァンカップ2試合の出場に終わり、2019年に入っても控え生活が続いていたが、11月9日のJ1リーグ第31節のセレッソ大阪戦でJ1リーグ初先発初出場を果たす。その試合以降は秋元陽太からポジションを奪った。
秋元がFC町田ゼルビアにレンタル移籍した2020年は背番号を1に変更。開幕から正GKを務めたが、チームの状況が上向かずガンバ大阪から期限付きで加入した谷晃生にポジションを奪われ、中盤戦には控えに降格。終盤戦になると第2GKの座も後藤雅明に譲りベンチからも外れてしまった。
2021シーズンは背番号1を谷に譲り、自身はプロ初年度につけた23に変更した。
開幕から後藤の移籍に伴い第2GKに復帰し、ルヴァンカップ第1節の浦和レッズ戦にて同じく昨年9月以来6ヶ月ぶりの公式戦出場を果たした。
同年5月19日、ルヴァンカップ第6節の柏レイソル戦では柏の猛攻を受けながらも自身の好セーブもあって失点を0に抑え、湘南のプレーオフステージ進出に貢献した。結果この年は谷がレンタル元で出場できないガンバ大阪戦など4試合に出場した。
谷がガンバに復帰した2023シーズンは、代わって韓国代表ソン・ボムグンが加入。引き続き第2GKを務めていたが、ボムグンが負傷した際は好パフォーマンスを見せ、10月の月間MVPを獲得した。

2024年7月26日、水戸ホーリーホックに期限付き移籍することが発表された。
2024年いっぱいで期限付き移籍が終了となり、2025年1月7日に現役引退が発表された。

2025年より、東京国際大学サッカー部のGKコーチに就任した。
2026年より、ヴィッセル神戸のアシスタントGKコーチ兼U-21GKコーチに就任した。",,
11971,屋宮 大地,Daichi OKUMIYA,era1,屋宮大地,unknown,,no_institution_keyword_found,"スピード、体力ともに兼ね備えたサイドアタッカー。
2014年よりFC琉球に完全移籍。一度退団したが、2018年より琉球に再入団した。チームがJ3優勝を果たした同年12月8日、現役の引退と、琉球アカデミースタッフへの就任が発表された。",,【判定保留】Wikipedia 所属クラブ欄に学校名の記載があり本来 unknown ではないが、同欄は現行の経路抽出（PRE_PRO_SECTION_HEADINGS）の対象外で測定手順に含まれていない。5行だけ別ソースで埋めると測定が不統一になるため、player_institution_stints.csv の取り込み可否（SAP v3・レビューQ7）の決定まで判断を保留する。
6131,北本 久仁衛,Kunie KITAMOTO,era1,北本久仁衛,unknown,,no_institution_keyword_found,"2000年のプロ入りから2018年の契約満了まで、足掛け19年に渡ってヴィッセル神戸でプレーし、2010年ヴィッセル神戸公式サイトの選手紹介には「クラブの象徴と言ってもいいほど、その存在感は絶大だ」との記載がある。主にセンターバックのポジションでディフェンスリーダーとして振る舞うが、2006年は右SBを任され、プレーの幅を広げた。また、攻撃の起点としての一翼も担っており、2009年10月3日のホーム・京都サンガF.C.戦では豪快なダイレクトボレーで自身の通算200試合出場に花を添えた。J1からJ2に降格した2006年にはJ1クラブからのオファーもあったが、神戸に残留。
2007年から2010年は副主将を務めていた。
2011年シーズンは全試合に出場し33、34節と自身初めて2試合連続で得点もあげた。
翌2012シーズンもレギュラーとして出場を続けたが、2013年1月にメディカルチェックで肋骨に腫瘍が見つかり、3月に手術を行う。腫瘍は悪性であったが、半年後には第32節のギラヴァンツ北九州戦で実戦復帰を果たす。
2018年シーズン終了後に19年在籍した神戸を退団。
2019年2月5日に昨シーズンチームメイトだったタイ代表のティーラトンにサポートしてもらい、タイ・リーグ3部のシモークFCへ移籍。しかし、程なくしてクラブは給与未払い問題でタイサッカー協会から資格停止処分を受け、解散してしまう。
2019年6月23日、タイ・リーグ3のチャムチュリー・ユナイテッドFCと契約。
2020年2月19日、古巣のヴィッセル神戸が北本の現役引退と2月23日のホームでの対横浜FC戦キックオフ前に引退セレモニーを行う旨を発表した。22日、その引退セレモニーが2019新型コロナウイルスの感染予防対策として延期されることがクラブ公式サイトで発表された。また、同年よりヴィッセル神戸のスクールコーチに就任することが発表されている。同年10月からはトップチームのアシスタントコーチに就任した。
2025年からはヴィッセル神戸U-18のコーチに就任。
2026年、清水エスパルスのコーチに就任。",,【判定保留】Wikipedia 所属クラブ欄に学校名の記載があり本来 unknown ではないが、同欄は現行の経路抽出（PRE_PRO_SECTION_HEADINGS）の対象外で測定手順に含まれていない。5行だけ別ソースで埋めると測定が不統一になるため、player_institution_stints.csv の取り込み可否（SAP v3・レビューQ7）の決定まで判断を保留する。
6670,阿部 伸行,Nobuyuki ABE,era1,阿部伸行,university,university|j_club_academy,university_entry_after_pro_entry,"

小学校4年生（9歳）時にサッカーを始める。FC東京ファンの両親の影響もあって、高校生時にはFC東京U-18に加入。高校2年時（2001年）にはクラブユース選手権で優勝を経験している。シュートストップを磨いて、3年時（2002年）にはトップチームの練習に帯同したものの昇格は叶わず、2003年に流通経済大学へ進学。同大学サッカー部では先輩の塩田仁史が卒業しFC東京へ入団した後を引き継ぎゴールマウスを守った。コーチングやキック精度を高め、4年時（2006年）には関東大学リーグ1部で優勝。同期には阿部嵩、糸数昌太、久保田圭一、難波宏明、西森正明、船山祐二らがいた。全日本大学選抜にも選出され、2度のデンソーカップ優勝を果たし、ベストGKにも選出された。2004年1月にはカタール国際ユーストーナメントで正GKを務めた。

2005年にJFA特別指定選手となりFC東京の練習に参加、2007年に大学を卒業し、FC東京に正式に入団した。FC東京において下部組織から大学経由でトップチーム入りした例は阿部が初。2007年は、塩田と土肥洋一の控えとしてリーグ戦4試合でベンチ入りしたが、土肥が退団した2008年には新加入の荻晃太が第2GKに据えられ、ベンチ入りすらできなかった。2009年は、塩田が虫垂炎・腸閉塞を発症するなどシーズン開幕前からGKに離脱者が相次いだが、阿部もキャンプでフルメニューをこなすことができず、開幕スタメンには権田修一が入り、そのまま正GKとして定着。塩田もシーズン半ばに復帰したため、阿部が出場機会を得ることはなく、2010年限りで退団した。2008年から2010年にはJリーグ選手協会の副支部長を務めている。

2011年、湘南ベルマーレに完全移籍。同年10月8日、天皇杯2回戦ファジアーノ岡山ネクスト戦でプロ入り後初の公式戦出場を果たしたが、野澤洋輔と西部洋平の前にレギュラーを掴むには至らなかった。持ち前のキックを武器に地道な努力を続け、両選手が退団した2012年には京都との開幕戦で念願のリーグ戦初出場を果たし、その後も金永基を抑えて正GKの座を掴み、3年ぶりのJ1昇格に貢献した。2013年は自身初となるJ1での出場を続けていたが、J1第13節広島戦での頭部裂傷 を機に安藤駿介とアレックス・サンターナにポジションを明け渡し、終盤戦な完全に控えとなった。結局、13試合の出場に留まった。同年結婚。2014年は日本人最年長選手として若いチームを支えたが、シーズン開幕前の負傷が響いて 正GKには新加入の秋元陽太が据えられ、出場機会は無かった。同年限りで湘南とは契約満了。

2015年よりギラヴァンツ北九州へ完全移籍。移籍後は鈴木彩貴との併用になったものの、2年間でリーグ戦48試合に出場した。

2017年、AC長野パルセイロに完全移籍。移籍当初はレギュラーポジションだったものの、2018年以降は小澤章人にその座を脅かされるようになった。

2021年1月5日、古巣・FC東京への完全移籍が発表された。2010年以来、11シーズンぶりの復帰となる。しかし波多野豪が正GKに君臨し、第2GKも児玉剛が務めたため公式戦の出場機会は無く、ベンチ入りもリーグ戦の1試合に留まった。このシーズン限りで契約満了となった。

2021年12月30日、いわてグルージャ盛岡への完全移籍が発表された。しかし、松山健太・短期間ながらFC東京で共に在籍した野澤大志ブランドンとのポジション争いに敗れてリーグ戦1試合の出場に終わった。
2022年12月15日、同シーズン限りで現役を引退することが発表された。",,
7088,冨成 慎司,Shinji TOMINARI,era1,冨成慎司,university,university|j_club_academy,university_entry_after_pro_entry,"2002年、サンフレッチェ広島ユースに入団。同期に前田俊介、桒田慎一朗、髙萩洋次郎、髙柳一誠、大屋翼、森脇良太、藤井大輔、佐藤昭大。主にFWやトップ下でプレーした。在籍時に日本クラブユース選手権2連覇、高円宮杯およびJユースカップ優勝と2年連続ユース2冠に貢献した。
2005年、福岡大学に入学。同期に山口和樹がいる。2年までFW、3年でMF（ボランチ）、4年で右サイドバックにコンバートされる。2006年には総理大臣杯全日本大学サッカートーナメント準優勝に貢献。また4年次にはサッカー部主将を務めた。
2009年、出身地にあるFC岐阜に入団。右SBとしてレギュラーをつかみ、主力として活躍。しかし、翌年以降は出場機会に恵まれず、2012年8月に藤枝MYFCへ期限付き移籍した。2012年シーズン終了後、期限付き移籍元であるFC岐阜を退団。
2013年より藤枝MYFCに完全移籍。
2014年より鹿児島ユナイテッドFCに完全移籍。2019年限りで現役を引退し、2020年2月に鹿児島のクラブスタッフに就任した。",,
7386,児玉 剛,KODAMA Tsuyoshi,era1,児玉剛,university,university|j_club_academy,possible_declined_university_offer,"

小学生時代に地元・吹田市にあるガンバ大阪の下部組織で本格的にサッカーを始め、以後吹田クラブ、京都パープルサンガユースでプレーする。京都ユース時代には2種登録でトップチームに登録されている。関西大学へ進学後も1年次には特別指定選手として京都に練習参加していた。大学では反応速度とキック力を武器に活躍。2007年から2009年の3年間、関西大学選抜に選ばれ、2009年のデンソーカップではキャプテンとして出場し優勝を果たした。

2010年、京都が流通経済大学・林彰洋との契約を望みオファーを出していたが、林が海外挑戦したために契約はならず、そのためユース時代京都に所属していた児玉に白羽の矢を立て契約に至った。プロ初年度となった同年は2010 FIFAワールドカップによる中断期間後の数試合はベンチ入りする機会があったものの、守田達弥の台頭により当初の正ゴールキーパーであった水谷雄一がベンチに控えるようになったためベンチ入りメンバーから外れるようになった。その後は水谷がレギュラーとなり守田もレンタル移籍でカターレ富山へと去ったが、クラブは徳島ヴォルティスから呉承訓を補強したため、児玉は引き続き控えに回り出場機会はなかった。

2014年から愛媛FCへ完全移籍。湘南ベルマーレに去った秋元陽太の後釜として、監督の木山隆之に2年間正GKとして起用される。

2016年12月24日、木山が監督に就任したモンテディオ山形への完全移籍が発表された。加入当初からレギュラーとしてプレーしたが、2018年はシーズン後半戦より新加入の櫛引政敏にポジションを譲った。

2019年1月4日、FC東京へ完全移籍すると発表された。しかし、加入当初からU-23チームであるJ3での出場がメインで、J1では林彰洋の控えの立場だった。さらに2020シーズンになると波多野豪の台頭もあって、第3GKに転落した。しかし、正GK林の負傷や波多野の不調もあって、第32節のベガルタ仙台戦にてJ1デビューを果たす。好セーブを連発するも、結果は2-2の引き分けに終わり、自身のJ1デビューを白星で飾ることは出来なかった。
林の怪我が続いていることもあって2021シーズンは開幕戦から第2GKとしてベンチ入り。4日後のルヴァンカップ第1節徳島ヴォルティス戦では先発に抜擢され、無失点で勝利を飾った。その後は波多野とポジションを争いながら出場し、最終的には7試合に出場した。
2022年はヤクブ・スウォビィクが加入し、シーズン通して出場はルヴァン杯1試合の出場に留まった。
2024シーズンも引き続き第3GKにとどまり、リーグ戦の出場は波多野が退場し途中出場を果たした第13節・柏レイソル戦のみで、同シーズン限りでの契約満了が発表された。
2025年1月、現役引退を発表した。

2025年2月、シュミット・ダニエルの負傷もあり、名古屋グランパスへ移籍。現役を続けることとなった。",,
7408,船山 貴之,Takayuki FUNAYAMA,era1,船山貴之,university,university|j_club_academy|grassroots_club,university_entry_after_pro_entry,"

幼稚園在籍中より長兄の影響で次兄（祐二）と共にサッカーを始める。小学校4年次で柏レイソルのジュニアチームに入団。この頃バスケットボールにも出会い、双方の競技を掛け持ちするようになった。2000年にジュニアユースチームに昇格後もバスケットボールを続けたが、中学校2年次、双方の試合日程重複の結果バスケットボール側の試合出場を選んだ事に罪悪感を感じたのをきっかけに、「バスケットボールは趣味で」と決意した。ジュニアユース時代は日本クラブユースサッカー選手権 (U-15)大会で優勝を1度、ベスト4を2度経験した。2002年にはジュニアユースのチームメートであった柳澤隼らと共にU-15日本代表に選出された。ちなみに、女子マラソン選手の田中智美（第一生命）とは成田市立成田小学校および成田市立成田中学校時代の同級生である。
2003年にユースチームに昇格。在籍中、ユースの各種大会では目立った実績を挙げることはなかったが、代表チーム・選抜チームでは実績を残している。2003年7月にU-16日本代表の一員として出場した第4回豊田国際ユースサッカー大会では優勝を経験、少年男子千葉県選抜チームの一員として出場した第60回国民体育大会においても優勝を経験した。高校3年次にはトップチームに2種登録選手として在籍したが、昇格はならず、2006年に流通経済大学に入学し同大サッカー部に入部した。
大学では2006年、2008年、2009年に関東大学サッカーリーグ1部優勝を経験した他、2007年には第31回総理大臣杯全日本大学サッカートーナメントで優勝を経験した。

2010年、J2の栃木SCに入団。
2011年8月、松本山雅FCへ期限付き移籍。完全移籍した2012年からは3年連続で二桁得点を記録。特に2014年は19得点を挙げ、チームのJ1昇格の立役者となった。
2014年12月26日、川崎フロンターレへ完全移籍することが発表された。
2015年12月23日、ジェフユナイテッド市原・千葉へ完全移籍。加入後初戦の第21回ちばぎんカップではMVPを獲得。移籍1年目からリーグ戦全試合に出場するなど主力として活躍し、千葉3年目の2018年にはリーグ得点ランキング3位の19得点を記録した。2020年8月9日、J2第10節のFC町田ゼルビア戦で、史上46人目となるJ2通算300試合出場を達成。また、千葉在籍6シーズン目の2021年10月24日には崔龍洙の持つクラブ歴代最多得点に並ぶ54ゴール目を記録した。
2021年12月4日、多くのサポーターに惜しまれながらも千葉との契約満了を発表した。
千葉では227試合に出場し、これは歴代7位となる記録である。
2021年12月30日、SC相模原へ加入することが発表された。
2022年11月8日、SC相模原との契約が満了。
2023年1月27日、ラインメール青森に移籍するが、同年末で退団。その後、12月31日に現役引退を発表。

2024年、兄の祐二が地元成田市で設立し、代表を務めるサッカースクール『FUNAJUKU』のコーチに就任した。",,
7713,中町 公祐,Kosuke NAKAMACHI,era1,中町公祐,university,university,university_entry_after_pro_entry,"

2004年に湘南ベルマーレに入団。3年目の2006年シーズン途中より出場機会を失う。続く2007年も出場機会に恵まれず、翌年早々に湘南を退団。2008年からは、当時在学していた慶應義塾大学のサッカー部に入部。7年ぶりの1部リーグ昇格に貢献し、自身は関東大学サッカーリーグ戦2部リーグのベスト11に選ばれた。
2009年12月4日、アビスパ福岡への加入内定が発表され、2010年より再びJリーガーになった。この年のリーグ戦では同じく新加入の末吉隼也とともにボランチとしてプレー。10得点を挙げてチームのJ1昇格に貢献した。2011年は、背番号を7へ変更しチーム主将に就任したが、クラブはJ2に降格した。2012年、横浜F・マリノスへ移籍した。
また、2013年より大学時代の友人と共にアフリカへボールを送る活動を行っており、2018年に自身の活動の発展と併せてアフリカの医療環境の改善を目的にNPO法人「Pass on」を設立し、代表理事に就任。

2019年1月2日、自身のInstagramにて7年間在籍したマリノスを退団し、アフリカのザンビア共和国のサッカーチームへ移籍予定であることを発表。その際、マリノスから2年契約延長オファーがあったことに感謝の気持ちを、自身の移籍で日本とアフリカを繋ぎたいという想いを明かしている。同日、マリノスの公式ホームページにて、両者合意のもとで契約更新をしないことが発表された。2月4日にザンビアン・プレミアリーグのZESCOユナイテッドFCへの移籍を発表した。年俸は横浜FMの時の10分の1になったと報じられている。
2019年3月7日、日本サッカー協会（JFA）の国際委員会委員に現役選手として初めて選任された。同年9月1日、NHK総合テレビ「サンデースポーツ2020」の番組内にて中町の特集が組まれ、ザンビアでのプレーの環境や現地で女性や子供のためにボランティアをしている姿が放映された。
2021年4月2日、自身のInstagramにてザンビア3部のムトンド・スターズFCとの契約を発表した。背番号は8番。2022年にはザンビア2部のシティ・オブ・ルサカFCに移籍。その後はザンビア1部のヌクワジFCの練習に参加した
2023年11月28日、現役引退を発表。

2024年1月、慶應義塾体育会ソッカー部の監督に就任した。就任１年目に関東大学サッカーリーグ2部優勝し、4年ぶりとなる関東大学サッカーリーグ1部復帰に導いた。",high_school,所属クラブ欄（ユーザー提供）: 群馬県立高崎高等学校→2004-2007湘南→2008-2009慶應義塾大学。大学はプロ入り後であり、最初のプロ契約前の段階は高校。
8266,安川 有,Yu YASUKAWA,era1,安川有,university,university|j_club_academy,university_entry_after_pro_entry,"

2004年からアビスパ福岡の下部組織に加入。同年、一学年下の鈴木惇と共に、ナショナルトレセンU-16に選出された。
2007年、同志社大学に進学。サッカー部の同期に荒堀謙次、林佳祐がいる。4年時の2010年、デンソーカップチャレンジサッカー関西選抜に選出。同年は第39回関西学生サッカー選手権大会で14年ぶりの優勝を達成し、個人では関西学生サッカーリーグ大会優秀選手賞を受賞した。

2011年、J2・大分トリニータに加入。監督の田坂和昭により第1節FC岐阜戦からスターティングメンバーに抜擢されプロデビューを飾った。翌年は3バックの一角としてJ1昇格プレーオフ2試合にフル出場し、計180分間を無失点に抑え、クラブ4年ぶりのJ1復帰に貢献した。
2013年は、自身初となるJ1の舞台でリーグ戦24試合に出場。第2節川崎フロンターレ戦でプロ入り後初得点を記録した。チームはリーグ最下位に沈み、再びJ2に降格したが、翌年も契約を更新した。2014年からは左SBにコンバートされた。2015年は過去最多の公式戦37試合に出場したが、チームはJ3降格となった。

2016年、松本山雅FCに完全移籍。2年目の2017年には21試合の出場で自己最多の4得点を記録。3年目の2018年にはJ2優勝を経験したが、同年限りで契約満了となり松本を退団した。",,
8292,金山 隼樹,KANAYAMA Junki,era1,金山隼樹,university,university|j_club_academy,university_entry_after_pro_entry,"

6歳からサッカーを始める。
2004年、サンフレッチェ広島ユースに入団。同期に平繁龍一、遊佐克美、野田明弘ら。2年生からレギュラーを掴み、高円宮杯ベスト4入りに貢献している。ただ3年生になると怪我もあり兼田亜季重にレギュラーの座を奪われてしまい、同年度のJユースカップ決勝戦でもベンチ入りできなかった。
2007年、立命館大学へ進学する。2010年、関西学生選抜に選ばれた。

2011年、当時JFLのV・ファーレン長崎のセレクションに合格し入団。1年目は近藤健一の控えながら8試合に出場した。2012年は怪我によりキャンプで出遅れたため 新加入の原田欽庸がレギュラーを掴んだことから、バックアップである第3GKとしてJFL優勝とJ2昇格に貢献した。同年度でJFL1試合のみ出場しているが、J2昇格決定後の若手に出番を与える「花試合」での出場であった。
2013年も当初は第3GKの位置にいたが、原田の怪我とロアッソ熊本から加入した岩丸史也の不調により、3月20日のカターレ富山戦でレギュラーに抜擢され、Jリーグ初出場を果たすと試合は1-0でクラブのJリーグ初勝利に貢献し、以降正GKとなった。正GKとなってからは10戦無敗を記録するなどJ2昇格1年目ながらJ1昇格プレーオフ圏内の6位に入る原動力となった。

2014年、コンサドーレ札幌へ完全移籍。
3月2日に行われたジュビロ磐田との開幕戦では開幕スタメンを果たし、再三のピンチに好セーブを見せ、前田遼一のPKを止めるなどチームの完封勝利に貢献した。
2015年はこの年加入したク・ソンユンに開幕スタメンを奪われ、9試合の出場に留まった。
2016年は9試合に出場。ク・ソンユンが韓国代表でチームを離れた際に出場。7月20日松本山雅FC戦では前回アウェーで対戦したときに負けた悔しさからスーパーセーブを連発しチームの勝利に貢献した。12月19日には自身のTwitterで目の手術をしたことを発表した。
2017年はリーグ・カップ戦合わせて8試合に出場、第27節のアルビレックス新潟戦ではク・ソンユンが相手FWとの接触で負傷退場し、急遽金山が出場した。

2018年、出場機会を求めファジアーノ岡山へ完全移籍。
同年は一森純とポジションを争いながら22試合に出場するも、19年は完全に一森にポジションを奪われ、8試合の出場に留まった。
2020シーズンは一森が移籍するも、新加入のポープ・ウィリアムが正GKに定着したため、自身は2試合の出場に留まった。
2021シーズンはポープが移籍したため、開幕からレギュラーとして出場していたが、清水エスパルスからレンタルで加入した梅田透吾が第19節に初出場を果たすと、以降は梅田にポジションを譲り再び控えに降格。
2022シーズンも引き続き梅田の控えに留まっていたが、開幕直後に梅田が負傷離脱すると、代わって先発に抜擢。以降はレギュラーとして出場した。しかし、湘南ベルマーレからレンタルで加入した堀田大暉の台頭もありシーズンを通して14試合出場に留まった。このシーズンはキャプテンとしてチームを牽引し、クラブ初の3位という成績に貢献した。
2023シーズンは、鹿島アントラーズから育成期限付き移籍で加入した山田大樹の起用や、堀田が完全移籍で加入したこともあり、サブメンバーに回ることとなった。第15節大宮アルディージャ戦で初出場を果たした。第21節大分トリニータ戦でJ2リーグ通算150試合出場を達成した。
2024シーズンは横浜FCからスベンド・ブローダーセンの加入もあり、サブメンバーに回ることとなった。出場機会はなかったものの、副キャプテンとしてクラブ初のJ1昇格に貢献した。
2025シーズンもブローダーセンの控えに回ることとなり、出場機会が得られない状況が続いた。2025年10月13日、今季限りでの現役引退が発表された。同年11月30日に行われた第37節浦和レッドダイヤモンズ戦にて先発出場を果たした。前半13分までプレーし、交代時には花道で送り出された。",,
8417,林 容平,Yohei HAYASHI,era1,林容平,university,university|j_club_academy,university_entry_after_pro_entry,"

2005年、浦和レッドダイヤモンズの下部組織に加入。2007年7月開催のクラブユース選手権では、チームトップの5得点を挙げた。同年8月にはスペインに遠征し、国際ユース大会「ビジャレアルユーストーナメント」に参加。9月開催の高円宮杯ユース選手権では3位に終わった。
2008年に中央大学に進学し、サッカー部に入部。2期上に村田翔、1期上に永木亮太が在籍。2010年にはU-21日本代表としてトゥーロン国際大会に参加。前線での豊富な運動量と得点力から全日本大学選抜のエースとも目された。しかし、その後の自身の不調 などにより、翌年開催のユニバーシアードには選外となった。2011年の総理大臣杯では、3戦連続得点を挙げ、チームを30年ぶりの決勝戦へ導いたが、出場停止により決勝戦を欠場。林を欠いた中央大学は得点を挙げられず、準優勝に終わった。同期には大岩一貴がおり、4年時には大岩が主将、林が副将を務めた。関東大学1部リーグ通算63試合31得点を挙げた。

古巣浦和も獲得を図っていたが、2012年からFC東京へ加入。同年5月26日の浦和戦でJリーグ初出場。ゴール前での嗅覚と敏捷性を武器に、相手の背後を突く動き出しでアピールを続け、2013年の天皇杯準々決勝では延長戦後半終了間際に値千金の決勝点を挙げた。

2014年、ファジアーノ岡山へ期限付き移籍。キャンプで抜群の得点力を発揮し、シャドーストライカーとして J2第1節富山戦で早速先発出場を果たした。後方まで下がっての守備が求められたこともあって 得点は伸びず、徐々に控えへと追いやられた。
同年7月より大分トリニータへ期限付き移籍。尚、移籍元クラブは引き続きFC東京。サイドハーフやセンターフォワードで起用され、巧みな動き出しでパスを呼び込み得点への嗅覚を発揮。シーズン途中加入ながらチーム最多得点を記録した。

2015年、移籍期間を満了し FC東京に復帰。2016年は主にU-23チームのオーバーエイジとしてプレー。同年10月30日のJ3第27節相模原戦ではハットトリックの活躍で 勝利に貢献した。

期限付き移籍でプレーした2014年のオフ以来、毎年オファーを寄せていたという大分トリニータの熱意に応え、2017年に同クラブへ完全移籍。3年ぶりに大分でプレーをする事となった。開幕戦でスタメン出場すると以後、序盤戦はコンスタントに出場機会を得ていたが次第に出場機会が減少。第17節・水戸戦の試合中に負傷し、全治8週間の右肘関節脱臼をするなど 故障の影響もあり、リーグ戦出場は14試合に留まった。
2018年、第5節・水戸戦でシーズン初先発を果たすと第10節まで6試合連続で先発起用、2得点を記録する。しかし第16節以降は出場機会が減少し、シーズン通算で12試合出場に留まった。

2019年より、ブラウブリッツ秋田に完全移籍。2020年J3優勝達成。2020年12月11日、契約満了による退団が発表された。

2021年、ブリオベッカ浦安へ加入した。",,
8425,鈴木 惇,Jun SUZUKI,era1,鈴木惇,j_club_academy,j_club_academy,overseas_relocation_language_no_domestic_institution,"脳神経外科医である父親の留学先、アメリカ合衆国バージニア州で兄の指導の下、3歳からサッカーを始める。
5歳の時に帰国し、小学3年生からアビスパ福岡U-12に所属。以降、U-15チーム時より各年代の代表に選出され続けた。その後U-18に昇格した2006年は当時高校2年生でありながらトップチームの練習試合に参加する様になり、2007年にはトップチームの春季キャンプにも参加。同年6月1日にトップチームに2種登録され、福岡ではクラブ史上初の高校生Jリーガーとなった。2008年に、ユース同期の大山恭平と共にトップチーム昇格を果たした。オフシーズンにリーガ・エスパニョーラに加盟するヘタフェCFへ短期留学を経験したが、練習参加前にヘタフェの監督が解任され練習参加が遅れるというハプニングに遭った。
2013年、東京ヴェルディに移籍。主に中盤を支えるボランチとして活躍した。
2015年、3年振りに福岡に完全移籍で復帰。ボランチとしてスタメンの座を掴むと、配球するだけに留まらず、ゴール前に積極的に顔を出し 自己最多の9ゴールを記録。福岡のJ1昇格に貢献した。5年振りにJ1でのプレーとなった2016年は、開幕から3試合続けてスタメン出場を果たすが、その後はスタメンを外れる機会が増え、2ndステージ では出場機会が一切無かった。
2017年、大分トリニータに期限付き移籍。監督の片野坂知宏からゲームメイキング能力を評価され、契約により出場不可であった福岡戦2試合と、第2節・東京V戦以外の全てのリーグ戦にボランチ でスタメン出場。第29節・京都戦、第30節・山口戦、そして第31節・群馬戦で3試合連続得点を記録し、うち2試合では決勝点となった。計シーズン5得点を記録した他、片野坂からのアドバイスにより、守備技術と意識を身に着けた。
2018年、移籍期間満了により福岡に復帰。同シーズン後半戦からは、開幕当初から不在であったキャプテンに就任した。リーグ戦では累積警告による出場停止1試合を除く自己最多の全41試合に先発出場を果たし、出場時間もチーム最多の3,665分間を記録した。2020シーズン終了後、契約満了によりアビスパ福岡を退団。
2021年、藤枝MYFCへ加入した。藤枝MYFCがJ2昇格を決めた2022年シーズン後、同年12月28日に退団することが発表された。
2023年2月9日、FKスードゥヴァ（リトアニア1部）へ移籍が発表された。
2024年2月4日、自身のSNSで現役引退を発表した。
2024年4月、株式会社茨城ロボッツ・スポーツエンターテインメント入社。ビジネスパートナー事業部配属。
2025年11月、iam.サッカースクール。",,
8633,伊野波 雅彦,Masahiko INOHA,era1,伊野波雅彦,university,university|high_school|j_club_academy|grassroots_club,possible_declined_university_offer,"伊野波 雅彦（いのは まさひこ、1985年8月28日 - ）は、宮崎県宮崎市出身の元プロサッカー選手。現役時代のポジションはディフェンダー（センターバック、サイドバック）、ミッドフィールダー（ボランチ）。元日本代表。


== プロ入り以前 ==
実家は宮崎市波島にある豆腐屋。幼少時は水泳や器械体操を習っていたが 9歳の時に全てを辞め、サッカーを始める。生目台中学では同期の上田常幸と共に宮崎県選抜に選ばれていた。この頃、同郷の増田誓志を伴いブラジル・リオデジャネイロに2度の短期留学を経験。また、当時から鹿島アントラーズのファンで、鹿島ユース入りを図って直談判を申し出たが、遠方のクラブに入る負担などを理由に断られた。スカウト担当の平野勝哉は当時の伊野波について「まだ小柄でどんなタイプの選手かも分からなかった」と述懐している。鹿島がキャンプで伊野波の地元である宮崎を訪れた際には練習を見学に行き、小笠原満男と一緒に写真を撮っている。
2001年、鹿児島実業高等学校に進学。高校卒業後のJリーグ入りを目指して数チームに練習参加するが叶わず、2004年に阪南大学に進学。1年生の時にユニバーシアード候補に選出されて名を上げると、負傷した吉弘充志の代役として大熊清率いるU-20日本代表に抜擢され、2005年のワールドユースにも参加。しかし、本大会では出場機会を得られず、この悔しさと、元々大学で4年間を過ごすつもりも無かったことから大学を休学してのプロ入りを決断。


== クラブ経歴 ==


=== FC東京 ===
J1の6クラブからオファーを受け、特に鹿島では既にプロ入りしていた増田からも誘いを受けていたが、増田との対戦を希望し、2006年1月にFC東京への加入が発表された。当時の監督であったガーロは開幕戦から新人の伊野波をスタメンに抜擢しボランチで起用。相手キーマンへのマンマークを担った。その後も故障者の多かった守備陣の穴を埋める形で、SBやボランチ、CBと複数のポジションで出番を与えられた。第19節アビスパ福岡戦ではヘディングでプロ初得点を決めた。
2007年はポジションをSBに絞って臨むことを宣言していたが、4月に出場機会を失うと ボランチへの転向を志願。しかし、シーズン中盤以降今野泰幸がボランチに復帰 してからは再び控えに戻った。


=== 鹿島アントラーズ ===
2008年、鹿島アントラーズに完全移籍。同年開催の北京オリンピック代表メンバー入りに向け、シーズン通してレギュラーでプレーすることを目標としていたが、序盤はバックアッパーに甘んじ、オリンピック出場を逃した。シーズン終盤にかけてCBの定位置を奪取。リーグ優勝に貢献し、プロ入り後初のタイトルを獲得した。
2010年序盤はDF李正秀の加入により出場機会が激減するも、同年7月に李が退団して以降はレギュラーに復帰した。
2011年はリーグ戦とACLが併行していた序盤こそ先発出場を続けていたが、ACL敗退後は中田浩二がCBに配されたことで 出場機会を減らし、「日本代表で結果を残すため」シーズン途中で退団した。


=== ハイドゥク・スプリト ===
2011年7月、クロアチア1部プルヴァHNLのハイドゥク・スプリトへ完全移籍。クロアチアを足掛かりに上位リーグへの移籍を目指していたが、給与未払いを理由に2012年1月に退団した。


=== ヴィッセル神戸 ===
2012年2月、ヴィッセル神戸へ完全移籍。序盤は主にボランチで起用されたが、その後ポジションをCBへ移した。J2降格を喫し、1年で退団した。


=== ジュビロ磐田 ===
2013年、ジュビロ磐田へ完全移籍。開幕から3バックの一角を務めたが、チームのサッカーに順応できず、代表活動の負担も重なりチームはJ1第31節鳥栖戦の敗北より降格。神戸在籍時に続く2年連続のJ2降格となってしまった。2014年はディフェンスリーダーとして奮戦するも、好不調の波が激しく安定感を欠き J1復帰を逃した。
2015年は左長母指屈筋の負傷を抱えながらも、守備の要として32試合に出場。同年11月23日のJ1昇格が懸かったJ2最終節大分戦では、シーズン初得点となる先制ゴールを決めて同月12日に亡くなった監督・名波浩の父を思いユニホームの袖下から喪章を外し、スタンドへ掲げた。この得点もあってJ1復帰を果たしたが、自身の高年俸やクラブの若手登用の方針から 磐田との契約を満了。翌年の神戸加入時には、磐田側から戦力外通告を受けた旨を明かした。


=== ヴィッセル神戸復帰 ===
タイなどへの海外移籍 や引退を含め進路を模索したが、古巣ヴィッセル神戸ではJ2降格を喫し何も成し遂げられなかった、やり残したことがあるとして、2016年2月に同クラブへ完全移籍。4年ぶりの復帰となった。同年はセンターバックのレギュラーとして出場を続けたが、クエンテン・マルティノス（横浜FM）と共にリーグ最多タイの警告処分を受けた。
2018年シーズンは、なかなか試合に絡む事は出来なかったが、10月にフアン・マヌエル・リージョが監督に就任するとボランチとしてレギュラーを奪う。レギュラーを奪うきっかけとなった第31節の名古屋グランパス戦では、リージョが試合後のインタビューで「伊野波はチームに熱を加えてくれた」と伊野波を称賛している。しかし、チームの新シーズンの始動日である 2019年1月17日に契約満了によりヴィッセル神戸を退団する事が発表された。


=== 横浜FC ===
2019年2月18日、横浜FCへ移籍する事が発表された。2月に入団した事もあり、クラブのキャンプに参加することができず、難しいコンデション調整を強いられたが、3月16日に行われたJ2第4節・アルビレックス新潟戦で移籍後初出場。新潟戦以降はレギュラーとして出場し、横浜FCのJ1昇格に貢献した。2021年12月30日、契約満了が発表された。


=== 南葛SC ===
2022年3月1日、南葛SCに加入したと発表があった。12月19日、現役引退を発表した。


== 代表経歴 ==
2006年8月31日、イビチャ・オシムが指揮するAFCアジアカップ2007予選大会の日本代表メンバーに選出された（試合出場なし）。2007年のアジアカップにも直前で播戸竜二が負傷離脱したため A代表に緊急招集された。また、U-22代表では北京五輪アジア二次予選までキャプテンを務め、3バックの中央でDFラインを統率した。
2010年、アルベルト・ザッケローニの初采配となるアルゼンチンとのキリンチャレンジカップおよび韓国との国際親善試合の日本代表メンバーに選出。
2011年のアジアカップでサウジアラビア戦に後半から内田篤人と交代で日本代表初出場を果たし、直後に前田遼一へのアシストを決めた。内田の出場停止により初の先発出場となった準々決勝のカタール戦ではオフサイドをかけ損なって失点につなげるなど 終始低調なパフォーマンスだったが終盤に値千金の決勝点を決めた。
2014年5月12日、2014 FIFAワールドカップの日本代表メンバーに選出された。所属するジュビロ磐田は2013年にJ2に降格しているため、J2クラブ所属でワールドカップ日本代表に選出された史上3人目の選手となった。しかし、本大会での出場機会はなくチームもグループリーグで敗退した。


== 人物・エピソード ==
季節に関係なく1日2個は必ず食べるというほどアイスクリームが大好物である。
2008年開幕前に入籍。相手は2歳上で阪南大学時代の友人の紹介で出会った。
2018年12月14日に、投資関係のトラブルで元チームメイトと訴訟問題を抱えていると東京スポーツで報じられた。


== 所属クラブ ==
宮崎東サッカースポーツ少年団(宮崎市立東大宮小学校)
1998年 - 2000年 宮崎市立生目台中学校
2001年 - 2003年 鹿児島実業高等学校
2004年 - 2005年 阪南大学 (休学してプロ入り、後に退学)
2006年 - 2007年 FC東京
2008年 - 2011年7月 鹿島アントラーズ
2011年7月 - 2012年1月 ハイドゥク・スプリト
2012年 ヴィッセル神戸
2013年 - 2015年 ジュビロ磐田
2016年 - 2018年 ヴィッセル神戸
2019年 - 2021年 横浜FC
2022年 南葛SC


== 個人成績 ==

その他の公式戦

2009年
スーパーカップ 1試合0得点
2014年
J1昇格プレーオフ 1試合0得点

その他の国際公式戦

2011年
UEFAヨーロッパリーグ 2011-12予選3回戦 1試合0得点


== 獲得タイトル ==
関西学生サッカーリーグ 新人賞 (2004年)
デンソーカップ日韓大学定期戦 優秀MF賞
ユニバーシアードサッカー競技 (2005年)
Jリーグ (2008年、2009年)
FUJI XEROX SUPER CUP (2009年、2010年)
天皇杯全日本サッカー選手権大会 (2010年)
AFCアジアカップ (2011年)


== 代表歴 ==


=== 出場大会 ===
U-20日本代表
2005年 - FIFAワールドユース選手権
U-21日本代表
U-22日本代表
2007年 - 北京オリンピックサッカーアジア予選
U-23日本代表
2008年 - トゥーロン国際大会
日本代表
2006年 - AFCアジアカップ予選
2007年 - AFCアジアカップ2007
2011年 - AFCアジアカップ2011
2013年 - FIFAコンフェデレーションズカップ2013
2014年 - 2014 FIFAワールドカップ


=== 試合数 ===
国際Aマッチ 21試合 1得点 (2011年 - 2014年)


=== 出場 ===


=== ゴール ===


== 脚注 ==

注釈

出典


== 関連項目 ==
宮崎県出身の人物一覧
FC東京の選手一覧
鹿島アントラーズの選手一覧
ヴィッセル神戸の選手一覧
ジュビロ磐田の選手一覧
横浜FCの選手一覧
南葛SCの選手一覧
日本国外のリーグに所属する日本人サッカー選手一覧


== 外部リンク ==
伊野波雅彦 (@inoha19) - X（旧Twitter）
伊野波雅彦 (@kitkat0319) - X（旧Twitter） (旧アカウント)
伊野波雅彦 - National-Football-Teams.com (英語)
伊野波雅彦 - Soccerway.com (英語)
伊野波雅彦 - FootballDatabase.eu (英語)
伊野波雅彦 - WorldFootball.net (英語)
伊野波雅彦 - Transfermarkt.comによる選手データ (英語)
伊野波雅彦 - FIFA主催大会成績 (英語)
伊野波雅彦 - J.League Data Siteによる選手データ
伊野波雅彦 - AS.com (スペイン語)
プロフィール - 日本サッカー協会
プロフィール (2007年) - ウェイバックマシン（2007年10月26日アーカイブ分） - FC東京
プロフィール (2011年) - ウェイバックマシン（2011年7月2日アーカイブ分） - 鹿島アントラーズ
プロフィール (2011年) - ウェイバックマシン（2011年12月25日アーカイブ分） - HNKハイデュク・スプリト（クロアチア語）
プロフィール (2013年) , (2014年) , (2015年) - ジュビロ磐田
プロフィール - ヴィッセル神戸
伊野波豆腐店公式Instagram(実家の豆腐店)",,
9172,初田 真也,Shinya HATTA,era1,初田真也,university,university|high_school,possible_declined_university_offer,"清高小学校5年の時に第74回全国高等学校サッカー選手権大会でベスト4入りした初芝橋本高校の試合をテレビで見て同校への進学を決め、3年生の時の第81回大会で全国出場を果たす。高校卒業後「大学は遊びに行くところ」という甘言に誘われて神戸国際大学に進むが、大学2年次に同大学の監督に就任した松下電器（ガンバ大阪の前身）初代監督の水口洋次に後押しされてプロサッカー選手を目指す。
2007年に水戸ホーリーホックに加入するが、翌2008年には当時四国リーグ所属だったカマタマーレ讃岐に移籍。その後日本フットボールリーグ（JFL）のFC琉球・ブラウブリッツ秋田と渡り歩き、秋田ではJ3リーグでもプレーした。2015年シーズン終了後に契約満了を言い渡され、Jリーグ合同トライアウトにも参加する が新天地が見つからず現役引退。
現役引退後は星野リゾート勤務、星槎大学での教員資格取得を経て、2020年からレノファ山口FC事業部にて社会貢献活動などの業務に当たっている。",,
9697,馬場 賢治,Kenji BABA,era1,馬場賢治,university,university|high_school|j_club_academy|grassroots_club,possible_declined_university_offer,"

ジュニア、ジュニアユースとベルマーレ平塚（現：湘南ベルマーレ）の下部組織に所属したが、中学3年次に平塚市立金旭中学校サッカー部に籍を移す。高校・大学時代は主にボランチ又はプレイメーカーを任され、桐光学園高時代の3年次には背番号10を背負った。近畿大学では4年時の春季関西学生リーグで得点王を獲得。卒業後はヴィッセル神戸、大分トリニータ等からオファーを受けた中、神戸への入団を選択。

ルーキーシーズンの2008年は、前線からプレスを掛ける汗かき役としてフォワードでプレーをすることになると、同ポジションの栗原圭介・吉田孝行のプレースタイルを見て学ぶことで出場機会を得ていった。同年はリーグ戦16試合に出場、神戸に加入した大卒選手では史上3人目となるA契約移行選手となった。翌2009年にはプロ初得点もマークしたが、大久保嘉人・ボッティ・金南一らの存在もありレギュラーポジションを確保することはできなかった。
2010年、ジュニア・ジュニアユース時代に在籍し、馬場が特別なチームと公言する湘南ベルマーレへ期限付き移籍。2011年は神戸に復帰したが、2節のジュビロ磐田戦に途中出場した以外は出番を得られず、シーズン後に戦力外通告を受けた。翌2012年、前年の神戸退団決定後、真っ先にオファーを受けた湘南に完全移籍で2年振りに復帰。序盤戦はボランチを務めていたが、その後は3トップの一角を務めチーム最多となる9得点をマーク。チームのJ1復帰に貢献した。2013年はリーグ戦7試合の出場にとどまった。
「全く知らない所で再びチャレンジしたい」という思いから2014年、水戸ホーリーホックへ期限付き移籍。翌15年に完全移籍に移行した。同年は自己最多タイのリーグ戦9得点をマークした。
2016年、高校の先輩である中島健太がスタッフを務めるカマタマーレ讃岐に完全移籍。同年はリーグ戦全試合出場を果たすなど、翌2017年までの2年間でリーグ戦81試合に出場した。
讃岐より来季の更新オファーも受けていたが、もう1度J1を目指す気持ちが高まった中で、早くJ1を目指せる可能性のあるクラブと判断した大分トリニータに2018年より完全移籍。過去に大分からは前述した大学時代に加え、神戸時代にも獲得オファーを受けていたという。4月28日、J2第11節・FC町田ゼルビア戦にてプロ入り後初のハットトリックを達成。シーズン途中の8月17日からは、シーズン開幕時からキャプテンを務めていた竹内彬が讃岐に期限付き移籍したことに伴い、後任のキャプテンを務めた。シーズントータルで12得点とプロ入り後初の2ケタ得点を達成。藤本憲明と並びチーム得点王となる活躍で大分のJ1昇格に貢献した。
2019年にはキャプテンの座を鈴木義宜に譲り副キャプテンを務めたが、新加入のオナイウ阿道、小塚和季らの台頭もあって出場機会を失い、7月18日に讃岐時代の恩師である北野誠が監督に就任したFC岐阜に期限付き移籍することが発表された。岐阜では主に先発出場で19試合に出場したが無得点に終わり、チームのJ3降格を食い止める事は出来なかった。シーズン終了後大分・岐阜双方より契約満了となった。
2020年、鹿児島ユナイテッドFCに加入。30試合に出場したが同年限りで契約満了により鹿児島を退団。
2021年1月12日、現役引退が発表された。

アパレルブランドMIND PLUS⁺を立ち上げ代表を務める傍ら、母校である近畿大学体育会サッカー部のコーチも2023年まで兼任した。2024年、大分トリニータU-18のコーチに就任。2025年、トップチームコーチに就任。",,
10691,工藤 光輝,Mitsuteru KUDO,era2,工藤光輝,university,university|high_school|j_club_academy,university_entry_after_pro_entry,"小学校2年でサッカーを始める。2007年、コンサドーレ札幌U-18に入団し、2009年にはJFAプリンスリーグ北海道で得点王を獲得した。トップチーム昇格を果たすことができず、2010年に阪南大学へ進学。3年時にはエースストライカーとして総理大臣杯優勝に大きく貢献し、関西学生サッカー特別賞を受賞。デンソーカップチャレンジサッカーでは関西学生選抜として参加し、MVPに選ばれた。2013年6月、ユース時代を過ごした古巣のコンサドーレ札幌に特別指定選手として選手登録。
2014年より、コンサドーレ札幌へ正式に入団。
2015年、J3・SC相模原へ期限付き移籍。同年7月にグルージャ盛岡へ期限付き移籍。
2016年シーズン終了後、契約満了に伴いコンサドーレ札幌、およびグルージャ盛岡を退団し現役を引退。2017年からはヴェルディ岩手でサッカー指導者に就任。小中学生を中心にサッカーの指導にあたっている。
2018年より盛岡誠桜高校に英語科教員として着任。サッカー部のヘッドコーチを務める。
2026年４月より盛岡誠桜高校、校長に就任。",,
11042,田鍋 陵太,Ryota TANABE,era2,田鍋陵太,unknown,,no_institution_keyword_found,"2011年に特別指定選手としてジェフユナイテッド市原・千葉に登録された。
2012年より名古屋グランパスに加入。
2017年8月、ロアッソ熊本へ期限付き移籍。シーズン終了後、移籍期間満了により熊本を退団し、所属元の名古屋からも契約満了が発表された。同年12月に行われたJリーグ合同トライアウトに出場した。
2018年2月、東京ユナイテッドFC加入が発表された。
2019年4月、南葛SCへ移籍。2020年12月25日、現役引退が発表された。
2022年現在、ピース・ユナイテッドFCのU-15監督のほか、インテルナシオナルジャパン横浜東京の運営に携わっている。",,【判定保留】Wikipedia 所属クラブ欄に学校名の記載があり本来 unknown ではないが、同欄は現行の経路抽出（PRE_PRO_SECTION_HEADINGS）の対象外で測定手順に含まれていない。5行だけ別ソースで埋めると測定が不統一になるため、player_institution_stints.csv の取り込み可否（SAP v3・レビューQ7）の決定まで判断を保留する。
11278,松澤 香輝,MATSUZAWA Koki,era2,松澤香輝,university,university|j_club_academy|grassroots_club,possible_declined_university_offer,"小学5年時に東京ヴェルディのセレクションに合格し東京ヴェルディジュニアに加入。中学時代も同クラブのジュニアユースに所属したが、同期にキローラン菜入がいたこともあり、ユースには昇格出来なかった。
流経大柏高校2年時の2009年、U-17日本代表としてFIFA U-17ワールドカップに出場。しかし、大会では嘉味田隼と渡辺泰広が起用されたため、出場機会は無かった。3年の夏に早稲田大学のGKコーチからオファーを受けて同大にスポーツ推薦で進学。
大学では2年時に公式戦全試合にスタメン出場し、インカレでは優勝を果たしベストGKに選出された。また2012年8月、ジェフユナイテッド市原・千葉に特別指定選手として登録された。4年時には副将を務めた。
2015年、ヴィッセル神戸に加入。2016年1月1日に一般女性と入籍した。2016シーズン終了後、ヴィッセル神戸との契約満了が発表された。
2017年より徳島ヴォルティスに加入。長年第3・4GKとしてのポジションとなっていたが、2022年シーズンは他のGK選手の移籍や怪我などにより公式戦に初出場。YBCルヴァンカップを中心に出場機会を得ている。
2023年3月9日、ベガルタ仙台へ期限付き移籍で加入することが発表された。12月19日、完全移籍へ移行。
2024年8月17日、明治安田J2第27節鹿児島ユナイテッド戦で正GK林彰洋が怪我の為に出られず、移籍後初出場を果たした。",,
11338,山田 満夫,Mitsuo YAMADA,era2,山田満夫,university,university|high_school,university_entry_after_pro_entry,"小学校1年から中学校までは札幌市のFORZA S.Cに所属。高校入学直前には1か月、スペインへ単身で修行に出た。帯広北高校では、ボランチとしてチームを支え、主将も務めた。
高校3年の夏休みに松本山雅FCの練習に参加した際、反町康治監督の目に留まり、2013年より松本山雅FCに入団。
2014年2月、松本を退団し、仙台大学へ進学すると発表された。
2016年9月、2017年4月にベガルタ仙台の特別指定選手に承認された。
2018年より松本に復帰。
2019年、アスルクラロ沼津へ期限付き移籍。しかしこの年に松本、沼津共に契約満了となった。
2020年2月19日、川上盛司とともにイラワラ・プレミアリーグ（オーストラリア・イラワラ地域の独立リーグ）のウロンゴン・ユナイテッドFCへの加入がクラブから発表された。21日には松本と沼津からも移籍が発表された。",high_school,帯広北高→2013松本山雅入団（プロ）→2014退団し仙台大学。SAP「最初のプロ契約前の段階を採る」により高校。
11906,皆川 佑介,Yusuke MINAGAWA,era2,皆川佑介,university,university|high_school|j_club_academy|grassroots_club,possible_declined_university_offer,"

兄の影響で新座市の幼稚園時代からサッカーを始める。
1999年小学2年から埼玉県所沢市へ転居する。所沢サッカークラブジュニア、所沢ジュニアユース出身。金子昌広は所沢JYの1年先輩であり、親戚でもある。当時はサイドバックでプレーしていた。
2007年、群馬県のサッカー強豪校・前橋育英高校へ越境入学。2年先輩に青木拓矢・廣瀬智靖、1年先輩に六平光成・佐藤穣、同期に中美慶哉、1年後輩に小島秀仁、2年後輩に横山翔平。入学当初は様々なポジションを経験し、2008年高校2年の頃から本格的にFWを始める。同年の選手権ベスト4、2009年高校3年時インターハイ優勝を飾る。
2010年、高校の先輩である六平の後を追う形で中央大学へ進学、古豪・中央大学学友会サッカー部に所属する。同期に高瀬優孝、澤田崇、シュミット・ダニエル。林容平の控えとして試合出場を重ね、2012年大学3年時にレギュラーを掴み安柄俊とともに活躍するも、同年9月左膝前十字靭帯断裂および半月板損傷する。国立スポーツ科学センターでリハビリを続け、復帰後2013年ユニバーシアード日本代表に選出され 3位入賞。大学卒業の際には複数クラブから獲得オファーがあった。

2014年、サンフレッチェ広島とプロ契約。同期入団は、茶島雄介、ビョン・ジュンボン、高橋壮也、大谷尚輝、川辺駿、宮原和也。茶島とは共に2013年ユニバ日本代表。同年6月練習試合で結果を残したことから評価を上げ、同年7月からJリーグで試合出場を重ねていた。そこに新しく日本代表監督に就任したハビエル・アギーレによりA代表に大抜擢され、同年9月5日その初戦であるキリンチャレンジカップ・ウルグアイ戦で日本代表デビューを果たした。なおAFCアジアカップ2015予備登録メンバーに選出されたものの、A代表に呼ばれたのはこの時だけである。
2015年、開幕後暫くはベンチスタートが続いていたが徐々にベンチ外になることが増える。夏以降、調子を取り戻し天皇杯では2回戦広島経済大戦から3試合連続ゴールを決める。またFIFAクラブワールドカップ2015ではオークランド・シティFCとの開幕戦に先発してオープニングゴール得点をあげた。
2016年、リーグ開幕からベンチ入りを続けるも新加入したP・ウタカの前に出場機会が得られなかったが、ACL2016を中心に出場機会を増やす。特にGL第6節FCソウルでは見事なダイビングヘッドを決めて勝利に貢献した。その後、チームに負傷者が続出した事に因る3-6-1から3-5-2へのシステム変更によって出場機会が増加。J1・2nd第3節（H）横浜FM戦では自身リーグ戦2年ぶりとなる貴重な同点弾を決めた。
2017年シーズンは18試合に出場したもののレギュラーの座を確保しきれず、途中出場が多くなっていた。
2018年、ロアッソ熊本へ期限付き移籍。熊本は9勝7分け26敗と低迷しJ3降格が決まったが、自身は前線からの献身的な守備と堅実なポストプレーで監督の渋谷洋樹から信頼を獲得した。主に3‐1‐4‐2の2トップや3‐2‐４‐1の1トップとしてプレーした。開幕戦での得点を皮切りにキャリアハイとなる41試合11ゴール6アシストを記録しチーム内得点王となった。

2019年7月14日、横浜FCへの完全移籍が発表された。

2021年1月15日、ベガルタ仙台への完全移籍が発表された。

2022年12月17日、レノファ山口FCへの完全移籍が発表された。2024年1月5日、契約満了による退団が発表された。

2024年7月19日、カンボジアプレミアリーグのナガワールドFCに移籍することが発表された。",,
12044,三浦 雄介,Yusuke MIURA,era2,三浦雄介,university,university|high_school|j_club_academy,university_entry_after_pro_entry,"2004年にFC東京U-15深川に加入。2006年のU-15高円宮杯では同期の阿部巧、守山健二、山崎直之らと共に全国3位の成績を残した。FC東京U-18へ昇格せず、前橋育英高校へと進学。2009年のインターハイでは決勝戦で豪快なミドルシュートで決勝点を挙げて 全国優勝を果たし、大会優秀選手にも選出された。当時はMF（ボランチ）に入り小島秀仁とコンビを組むことが多かった。
2010年、日本大学に進学。同年の東京都大学リーグ1部で優勝し、2011年には関東大学リーグ2部でプレー。大学ではFWに配されることが多くなり、2年生ながらリーグアシスト王（岩上祐三とタイ） 及びチーム得点王 となる活躍で、エースとして 奮戦。キャプテンとしてもチームを牽引した。
2014年、J3リーグ・横浜スポーツ&カルチャークラブへ加入。主にボランチでプレー。2016年限りで退団した。
2017年、鈴鹿アンリミテッドFCへ移籍。
2018年、東京武蔵野シティFCに移籍。しかし1年で退団。",,
12158,高木 利弥,Toshiya TAKAGI,era2,高木利弥,university,university|high_school|j_club_academy,university_entry_after_pro_entry,"広島県で生まれ、1998年に父・琢也の移籍によって東京都へ転居。
2005年、FC東京U-15深川に加入。同期に武藤嘉紀、上形洋介、松藤正伸ら（武藤は世田谷区立桜丘中学校の同級生でもある）。2007年にはU-15高円宮杯で全国3位に入賞するも、高木自身は小柄で線が細かったこともあって主力としての働きが出来ず、U-18への昇格を果たせなかった。2008年に進学した帝京高校では1年時から主力に据えられ、技巧派のレフティーとして中盤でプレー。
2011年、神奈川大学へ進学し、ポジションをサイドバックに転向。果敢な攻撃参加を武器に攻守両面でチームを牽引した。2014年7月、Jリーグ・モンテディオ山形に特別指定選手として登録された。同年の関東大学2部リーグでは準優勝し、4年ぶりの1部復帰を達成。自身もベストイレブンに選出された。
2015年よりモンテディオ山形に加入。3バックを採用する山形では左ウイングバックでプレー。高い身体能力とスピードを活かしたドリブル突破で攻撃を活性化させた。2017年には不慣れなストッパーに配され、課題と向き合いながら出場を重ねた。
2017年12月9日、ジェフユナイテッド市原・千葉に完全移籍で加入することが発表された。開幕からレギュラーを掴み、負傷離脱時を除き主力としてプレーした。
2018年7月4日、柏レイソルへの完全移籍が発表された。
2019年7月15日、松本山雅FCへの完全移籍が発表された。しかし2019シーズン、松本へ移籍後の出場はわずか4分にとどまった。
2021年7月22日、愛媛FCへの期限付き移籍が発表された。
2022年1月7日、愛媛FCへ完全移籍。同年11月21日、契約満了が発表された。
2023年7月1日、カンボジア・リーグ所属のティフィ・アーミーFCへ移籍したことを発表された。しかしシーズン途中の11月に突然契約解除された。
同年12月13日、Jリーグ合同トライアウトに出場したが、翌年2月にプロサッカー選手としてのキャリアを終えることを発表した。
2024年からは豊川高校サッカー部の外部コーチを務めながら、神奈川県社会人サッカーリーグのFIFTY CLUBでプレーを続けている。",,
13980,伊東 純也,Junya ITO,era2,伊東純也,university,university|high_school|j_club_academy,possible_declined_university_offer,"伊東 純也（いとう じゅんや、1993年3月9日 - ）は、神奈川県横須賀市出身のプロサッカー選手。ジュピラー・プロ・リーグ・KRCゲンク所属。ポジションはミッドフィールダー（MF）、フォワード（FW）。日本代表。


== クラブ経歴 ==


=== プロ入り前 ===
小学校1年生の時に鴨居SCでサッカーを始めた。中学校入学前に横浜F・マリノスジュニアユースの入団テストを受けたが不合格となり、中学時代は横須賀シーガルズジュニアユースでプレー。
中学校卒業後は家庭の方針で公立高校に進学することを決めていたため、神奈川県立逗葉高校に進学。同級生には当時横浜F・マリノスユースに所属し、在学中にプロデビューを果たした小野裕二がいた。サッカー部では目立った成績を残せなかったが、複数の大学から推薦入学のオファーがあり、2011年に神奈川大学へ進学した。大学の同級生には高木利弥がいる。
大学3年時の2013年、関東大学サッカー2部リーグで20試合に出場して17得点を挙げ、得点王とベストイレブンを受賞。翌年には同リーグで10得点・12アシストを記録してアシスト王に輝き、2年連続でベストイレブンに選出された。この活躍によりヴァンフォーレ甲府、モンテディオ山形の2クラブから獲得オファーを受け、9月に甲府への加入が内定。同年末には特別指定選手として甲府のトレーニングに帯同した。当時甲府のスカウトを務めていた森淳によれば、大学1年時に流通経済大学とのリーグ戦に初出場した際、たまたま佐々木翔狙いで試合を視察しに行っており、そこで途中出場した伊東のスピードに圧倒され、以後伊東をマークし続けていたという。


=== ヴァンフォーレ甲府 ===
予算規模の小さい甲府は鳴り物入りでプロ入りするような選手を他クラブと競り合って獲得するのは難しく、将来性を感じる隠れた逸材を探していたところ、偶然伊東を見つけた。スカウトの森淳は「全然うまくないんですよ。いまでこそゴールライン深くまでドリブルでえぐり、高速クロスを上げますが、大学時代はそのままタッチラインに出てしまい相手のゴールキックになるシーンも多かったです。ただ、そうした下手さは直るんですが、どんなにトレーニングをしても足は速くなりませんから。視察をするなかでは、この選手をどう使ったら生きるか、甲府で育てられるのかどうか、そんなことをずっと考えていました」「当時の甲府はJ1でしたが、試合出場へのハードルはそれほど高くなかったですから。選手の価値は試合に出場することで上がりますし、仮にJ1にいて出場機会が限られるなら、J2で常に出場した方が経験を積めます。大きなクラブで試合に出たり出なかったりを繰り返すなら、たとえレベルが低かったとしても90分フルに何試合も続ける方が、よっぽど選手は成長するものです」 と話した。2015年3月14日、J1リーグ1stステージ第2節名古屋グランパス戦でプロデビューを果たすと、5月2日の1stステージ第9節鹿島アントラーズ戦では初めてスターティングメンバーに起用され、後半2分にプロ初得点を記録した。同年は主にフォワードとしてリーグ戦30試合に出場し、4得点を記録した。


=== 柏レイソル ===
2016年1月8日、J1・柏レイソルへ完全移籍することが発表された。シーズン前のキャンプで監督のミルトン・メンデスによりサイドバックにコンバートされ、開幕当初は右SBとして出場していたが、下平隆宏への監督交代以後はウイングハーフやサイドハーフなど攻撃的なポジションで起用されるようになり、1stステージ第8節鹿島アントラーズ戦で移籍後初ゴールを決めた。2ndステージに入るとディエゴ・オリヴェイラ、クリスティアーノと共に3トップを形成し、最終的にリーグ戦合計7得点を記録した。
2017年はリーグ戦全試合に出場し、自身初の日本代表にも選出された。8月13日の第22節清水エスパルス戦では、自陣からドリブルで約70メートルの距離を独走しゴールを決めるなど、計6得点を挙げ、Jリーグ優秀選手賞を受賞した。
2018年シーズンもレギュラーとしてリーグ戦全34試合に出場し、引き続き日本代表にも選ばれ続けたが、チームはリーグ戦17位でJ2降格となった。


=== KRCゲンク ===
2019年2月、ジュピラー・プロ・リーグのKRCゲンクに期限付き移籍することが発表された。2月21日、UEFAヨーロッパリーグ・決勝T1回戦のSKスラヴィア・プラハ戦で移籍後初出場を果たした。続く24日のロイヤル・アントワープFC戦で途中出場からリーグ戦デビューを果たした。3月17日、第30節のSVズルテ・ワレヘム戦で移籍後初得点を含む1ゴール1アシストの活躍を見せた。伊東は14試合に出場し、3ゴール2アシストを記録。8シーズンぶりとなるリーグ優勝に貢献した。
2019年9月18日、UEFAチャンピオンズリーグ・グループステージのレッドブル・ザルツブルク戦にて先発出場し、CLデビューを果たす。12月7日、第18節のサークル・ブルッヘ戦にて今季リーグ戦初ゴールを決める。2020年3月30日、ヘンクへの完全移籍が発表された。契約期間は3年。2019-2020シーズンは公式戦37試合に出場し、6ゴール9アシストを記録。
2020年11月28日、第14節のサークル・ブルッヘ戦では、2試合連続となるゴールを決め勝利に貢献した。2021年3月19日、第31節のスタンダール・リエージュ戦では2ゴールを決め、シーズン二桁得点に到達した。4月25日のベルギーカップ決勝では先制ゴールを決め、クラブの8シーズンぶりの優勝に貢献した。2020-2021シーズンは公式戦42試合に出場し、12ゴール16アシストを記録。
2021年10月18日、ゲンクと24年まで契約を延長したことを発表した。10月31日、第13節のSVズルテ・ワレヘム戦では1ゴール2アシストの活躍を見せた。
2021-2022シーズンは公式戦49試合に出場し、8ゴール21アシストを記録。リーグ戦では16Aを記録しアシスト王に輝き、年間最優秀ゴール賞との2冠を達成。


=== スタッド・ランス ===
2022年7月29日、フランス1部のスタッド・ランスへの完全移籍が発表された。8月28日、第5節のオリンピック・リヨン戦で移籍後初ゴールを決めた。
2024年12月3日、ニューヨーク・タイムズが発行するスポーツ紙「The Athletic」は12月時点での2024-25シーズンにチーム内でチャンスを創出した割合の個人ランキングを発表、伊東は5大リーグトップだった。伊東はスタッド・ランスのチームチャンスのうち33.9%を創り出していた。2025年に入ってもレギュラーとして活躍し、このシーズン34試合中33試合に出場し、4ゴール5アシストを記録。また、チャンスクリエイト数が83回でリーグ1位だった。しかし、チームは成績が低迷してリーグ16位で入れ替え戦に挑むこととなった。その入れ替え戦では、セカンドレグに出場するもチームは敗れて2部降格が決定した。


==== KRCゲンク復帰 ====
2025年8月9日スタッド・ランス2部降格に伴い、古巣であるジュピラー・プロ・リーグのKRCゲンクへ復帰、2028年6月末までの3年契約で背番号は「10」ベルギー紙によると、移籍金は280万ユーロ（約4億8200万円）という。8月28日、UEFAチャンピオンズリーグ予選レフ・ポズナニ（ポーランド）とのプレーオフ第2戦で復帰後、初ゴールを決めた。


== 代表経歴 ==
2015年11月、U-22日本代表候補合宿に初招集され、2016年1月のAFC U-23選手権2016では予備登録メンバーに選出された。同年6月のキリンチャレンジカップ・南アフリカ戦で代表初出場を果たしたが、リオデジャネイロオリンピックのメンバーからは落選した。
2017年11月29日、EAFF E-1フットボールチャンピオンシップ2017に挑む日本代表に初招集され、12月9日の北朝鮮戦で国際Aマッチ初に出場した。
2018年9月11日、キリンチャレンジカップのコスタリカ戦で日本代表初ゴールを決めた。10月12日、キリンチャレンジカップのパナマ戦で日本代表2試合連続となるゴールを決めた。
2019年10月10日、2022 FIFAワールドカップ・アジア2次予選のモンゴル戦にて3アシストを記録した。2021年3月30日のモンゴル戦では2G3Aを記録し、5得点に絡む活躍を見せた。
森保一監督就任当初から堂安律の控えに甘んじることが多かったものの、アジア最終予選で遂にスタメン奪取を果たした。2021年11月11日、2022 FIFAワールドカップ・アジア3次予選のベトナム戦で決勝ゴールを決めると、2022年2月1日のサウジアラビア代表まで歴代最多タイの最終予選4試合連続ゴールを記録。最終予選では4G2A+PK獲得1回で、計7ゴールに関与（最終予選での日本の得点数は12点だったので、半分以上に関与）。日本代表のワールドカップ出場に大きく貢献した。
2022年11月1日、2022カタールW杯に臨む日本代表に選出された。この大会全試合に出場し、3戦目のスペイン戦ではプレスから堂安律の同点ゴールをアシストした。伊東に得点は生まれなかったものの、チームのベスト16に貢献した。
2024年1月〜2月に開催するアジアカップ2023のメンバーに招集された。グループステージ3戦全てに出場したが、性加害疑惑報道（詳細は後述）により途中離脱。その影響により、同年3月と同年6月の代表戦のメンバーには招集されなかった。同年9月の2026 FIFAワールドカップ・アジア最終予選よりメンバーに復帰した。復帰戦となる9月5日の中国代表戦にて後半32分、右サイドの久保建英から中央でパスを受けた伊東が左足でシュート。相手に当たってコースが変わり、ゴールネットに吸い込まれ、7か月ぶりの代表復帰戦で得点を決めた。
2026年3月28日、国際親善試合のスコットランド代表戦で、後半39分に左サイドを駆け上がった鈴木淳之介がペナルティーエリア内でパスを受けてクロス。塩貝健人がトラップで落としたボールに反応して中央に走り込み、キックフェイントで相手のマークを外してから右足でシュートし得点を決めた。国際Aマッチで得点した試合は14戦全勝となり「全勝神話」は岡崎慎司の13試合を抜いて単独最多となった。同年5月15日、2026 FIFAワールドカップに臨む日本代表に選出された。6月21日、W杯通算1000試合目の記念すべき一戦となったグループステージ第2節のチュニジア戦で後半24分にW杯における自身初得点を決め、日本代表のW杯での最多得点差の勝利に貢献。W杯で33歳での得点は、2018年ロシア大会のセネガル戦で本田圭佑が記録した32歳を抜く日本代表最年長記録となった。


== 人物 ==
2021年11月23日、自身のInstagramで一般女性との結婚を発表した。


== プレースタイル ==
センターフォワード、右フォワード、右ウイングをポジションとしている。持ち前のスピードを生かしての緩急をつけたドリブル突破からのクロスやシュートを得意とし、守備時には積極的なプレスバックでカウンターを狙うなど、運動量の高さも持ち合わせてている。ストライカーや2トップの一角として起用される一方、日本代表では右フォワードなど、サイドアタッカーとして起用されている。伊東自身は「（センターフォワードだと）自分の持ち味は出せないかなと思う」とやや消極的だという。


== 報道と訴訟 ==


=== 週刊新潮の報道 ===
2024年1月31日、『週刊新潮』により、伊東と伊東の専属トレーナーによる性加害疑惑が報じられた。記事によると、2023年6月21日に、伊東らは大阪市内のホテルで2人の女性を酒に酔わせ、同意を得ないまま性行為に及び、姦通（いわゆる不倫）及び準強制性交等罪の疑惑があるという。
2023年11月より伊東側は弁護士を通じて女性側と協議してきたが、伊東側の弁護士は「弁護方針が折り合わなかった」として2024年1月27日までに代理人を辞任した。伊東は1月27日に代理人弁護士を加藤博太郎に変更した。
加藤は、伊東と伊東の専属トレーナーが女性2人とホテルの部屋で一夜を過ごしたことは認めたが、『週刊新潮』が報じた性加害については否定した。女性側の主張を否定する証拠として、「（被害を訴えている）女性がホテルの一室で、サッカー用のジャージを着て熟睡する様子」を撮影した動画や、「純也さんにいい思いさせてあげる会なのかな」などと女性がマネージャーに送ったLINEを提示して反論した。


=== 主張の変更 ===
『週刊新潮』の記事によると、当初、伊東側は「性的同意はあった」と主張し、争点は同意の有無であった。しかし、伊東側は、2024年1月27日に弁護士が加藤博太郎に代わって以降は、性交そのものがなかったという主張に変更した。
また、「金銭による示談」などを提示したが折り合わなかったという。女性側は2024年1月18日に刑事告訴に踏み切り、大阪府警天満警察署が担当として告訴状を受理した。なお、『週刊新潮』の編集部による取材申込みに対して、伊東や伊東のマネジメント担当者から2024年1月31日までに返答はなかったという。


=== JFAの対応 ===
『週刊新潮』の報道を受け、伊東は2024年1月31日に行われたアジアカップ決勝トーナメント1回戦のバーレーン戦には出場せず、翌2月1日の全体練習にも参加しなかった。JFAは2月1日に伊東の離脱を発表、翌2月2日未明に発表を訂正し離脱しないとしたが、その後協議を重ねた結果、同日午後に離脱が再び発表された。
2024年8月29日、同年9月に行われる2026 FIFAワールドカップ・アジア最終予選の招集メンバーの発表が行われ、伊東の日本代表への復帰が発表された。サッカー日本代表ナショナルチームダイレクターの山本昌邦は「メンバーを決めるのは監督の専権事項でありますので、監督が選ぶというところと、起訴、不起訴ということが理由ではありません」と述べた。


=== スポンサー企業の対応 ===
スポンサー企業は以下の対応を取った。

JFAメジャーパートナーのクレディセゾンは、伊東が出演する広告やCM、ニュースリリースなどを全て削除した。
JFAスポンサー企業のアンファーは、公式Xでの伊東関連の投稿を全て削除した。
伊東の専属契約企業のプーマは、公式ウェブサイトから伊東の名前と画像を削除した。プーマの広告は約半年後の2024年7月に復帰した。


=== スタッド・ランスの対応 ===
2024年2月1日、スタッド・ランスは伊東に関して「日本人ストライカーの人間的な資質と振る舞いに対して、スタッド・ランスはこれまで一度も疑問視したことはありません」とコメントした。スタッド・ランスのジャン＝ピエール・カイヨ会長も「私は推定無罪にこだわる。（中略）私には彼を信じない理由がない」とコメントした。伊東は日本代表離脱から9日後の2月11日から、スタッド・ランスの試合に出場した。また、2024年7月にスタッド・ランスが行った日本ツアーに伊東も帯同し、全4試合に出場した。


=== 刑事告訴（大阪地検） ===
大阪府警は2024年1月18日までに女性2人の告訴状を、2024年2月1日までに伊東の告訴状を受理。2024年7月2日、準強制性交致傷容疑で伊東を、虚偽告訴容疑で女性2人を大阪地方検察庁に書類送検した。大阪府警は、両者に起訴を求めない意見をつけたとみられている。
2024年8月9日、大阪地方検察庁は、伊東及び女性2人の双方を嫌疑不十分で不起訴とした。大阪地検は「必要かつ十分な捜査をしたが起訴するに足りる証拠を収集できなかった」としている。伊東は弁護士を通じて「一貫して絶対に罪を犯していないと言ってきましたので、不起訴の判断にほっとしています」とコメントした。また、サッカー日本代表監督の森保一は「よりハードルはなくなった」として9月に始まる2026 FIFAワールドカップ・アジア最終予選の日本代表への招集に前向きな姿勢を見せた。
伊東及び女性2人の双方とも、不起訴処分は不当だとして大阪検察審査会に審査を申し立てた。審査会は2025年1月23日、双方とも「不起訴相当」と議決した。


=== 刑事告訴（東京地検） ===
2024年7月29日、伊東は女性2人と週刊新潮編集部の編集者ら計5名に対する名誉毀損容疑などの告訴状を東京地方検察庁に提出した。告訴状では「性的暴行の事実は存在せず、記事は真実ではない。取材も明らかに不十分だ」と主張。週刊新潮編集部は「捜査当局から連絡があれば適切に対応する」とコメントした。
本件は大阪地検に移送された後、2025年2月5日に不起訴処分となった。


=== 民事訴訟 ===
2024年2月19日、伊東の弁護団は虚偽告訴により名誉を傷つけられたとして、女性2人に約2億円の損害賠償を求める民事訴訟を大阪地方裁判所に提訴した。伊東の代理人である加藤は提訴理由について「日本のサッカー界にとって極めて大事な試合の中で、女性らが告訴を行い、週刊誌に報じさせた。本来禁止されている警察官とのやりとりを録音し、その日のうちに告訴状受理の事実を話し、報じられた。客観的、外形的に事実に基づいていない告訴が行われたと考えている」と説明した。訴状には「当日は試合中に腰を怪我し、肉離れによる股関節痛もあって歩行すら容易ではない状態だったため、性行為に及ぶことは客観的に到底不可能である」とする旨が書かれていたという。また、伊東側の加藤弁護士は、民事訴訟の提訴が遅れた理由について、原告側の告訴状に記載されていた女性の住所に女性が住んでおらず住民票も取れなかったため提訴に時間を要したとした。捜査期間については、「かなり多数の証拠を出して内容を精査してもらっている。（1年かかるということは）私たちの肌感覚ではありません」とした。


== 所属クラブ ==
1999年 - 2004年 鴨居サッカークラブ（横須賀市立小原台小学校）
2005年 - 2007年 横須賀シーガルズジュニアユース（横須賀市立鴨居中学校）
2008年 - 2010年 神奈川県立逗葉高等学校
2011年 - 2014年 神奈川大学
2014年 ヴァンフォーレ甲府（特別指定選手）
2015年  ヴァンフォーレ甲府
2016年 - 2020年   柏レイソル
2019年 - 2020年   KRCゲンク（期限付き移籍）
2020年 - 2022年7月  KRCゲンク
2022年7月 - 2025年8月  スタッド・ランス
2025年8月 -  KRCゲンク


== 個人成績 ==

2014年は特別指定選手としての出場は無し。
その他の公式戦
2019年
ベルギーリーグ・プレーオフ 9試合2得点
2020年
ベルギー・スーパーカップ 1試合0得点
2021年
ベルギーリーグ・チャンピオンシップ プレーオフ 6試合1得点
2022年
ベルギーリーグ・プレーオフ 5試合0得点
2025年
リーグ・アン昇降格プレーオフ 1試合0得点
2026年
ベルギーリーグ・プレーオフ 10試合2得点

その他の国際公式戦
2018年
AFCチャンピオンズリーグ2018 東地区プレーオフ 1試合1得点
2021年
CL予選 2試合0得点


=== 出場歴 ===
Jリーグ初出場 - 2015年3月14日 J1.1st第2節 vs名古屋グランパス（山梨中銀スタジアム）
Jリーグ初得点 - 2015年5月2日 J1.1st第9節 vs鹿島アントラーズ（県立カシマサッカースタジアム）


== タイトル ==


=== チーム ===
KRCゲンク
ジュピラー・プロ・リーグ：1回（2018-19）
ベルギー・スーパーカップ：1回（2019）
ベルギーカップ：1回（2020-21）


=== 個人 ===
関東大学サッカー2部リーグ ベストイレブン：2回（2013年、2014年）
関東大学サッカー2部リーグ 得点王：1回（2013年）
関東大学サッカー2部リーグ アシスト王：1回（2014年）
Jリーグ優秀選手賞：1回（2017年）
ジュピラー・プロ・リーグ ベストイレブン：1回（2020-21）
JPFAアワード（JPFA）・ベストイレブン：3回（2022年-2024年）


== 代表歴 ==


=== 出場大会 ===
関東大学選抜
2013年 - 第27回デンソーカップチャレンジサッカー
2014年 - 第28回デンソーカップチャレンジサッカー
全日本大学選抜
2014年 - 第11回デンソーカップサッカー日韓大学定期戦
U-23日本代表候補
2016年 - AFC U-23選手権2016（※予備登録メンバー）
U-23日本代表
2016年 - キリンチャレンジカップ
日本代表
2017年 - EAFF E-1フットボールチャンピオンシップ2017
2018年 - キリンチャレンジカップ
2019年 - AFCアジアカップ2019
2019年 - 2022 FIFAワールドカップ・アジア2次予選
2021年 - キリンチャレンジカップ
2022年 - 2022 FIFAワールドカップ
2023年 - キリンチャレンジカップ
2024年 - AFCアジアカップ2023
2026年 - 2026 FIFAワールドカップ


=== 試合数 ===
国際Aマッチ 73試合 16得点（2017年 - ）


=== 出場 ===


=== ゴール ===


== 脚注 ==


=== 注釈 ===


=== 出典 ===


== 関連項目 ==
神奈川大学の人物一覧
特別指定選手としてJリーグクラブに登録された選手一覧
ヴァンフォーレ甲府の選手一覧
柏レイソルの選手一覧
ヨーロッパのサッカーリーグに所属する日本人選手一覧
サッカー日本代表出場選手


== 外部リンク ==

伊東純也 (@itoujky) - X（旧Twitter）
伊東純也 (@1409junya) - Instagram
伊東純也 (@itoujunya0309) - Instagram (旧アカウント)
伊東純也 - National-Football-Teams.com (英語)
伊東純也 - Soccerway.com (英語)
伊東純也 - Soccerbase.comによる選手データ (英語)
伊東純也 - FootballDatabase.eu (英語)
伊東純也 - WorldFootball.net (英語)
伊東純也 - Transfermarkt.comによる選手データ (英語)
伊東純也 - UEFA (英語)
伊東純也 - J.League Data Siteによる選手データ
伊東純也 - レキップ (フランス語)
伊東純也 - playmakerstats.com (英語)",,
15765,鎌田 大地,Daichi KAMADA,era2,鎌田大地,university,university|high_school|j_club_academy,possible_declined_university_offer,"

大学サッカーの名門・大阪体育大学でサッカーを専修していた父・幹雄が高い技術力のある選手を目指し、父の教えで3歳からサッカーを始め、3歳でクワトロ（キッズFCの前身）に入団。
キッズFC（現・FCゼブラキッズ）では小学5年時に1学年上のナショナルトレセンU-12四国に選出。キャプテンだった小学6年時には、愛媛県少年サッカー選手権大会で優勝。
中学からは、大阪府岸和田市に住む祖父母の家から通える距離にあったガンバ大阪ジュニアユースに進んだ。しかし主戦場であるトップ下のポジションには井手口陽介ら多くのライバルがいた。中学入学時は小柄で150cmほどだったが、3年間で175cmまで伸び、成長に筋肉が追いつかず思うようなプレーができない「クラムジー」に陥り、中学1年生時に腕の骨、中学3年生夏の全国大会直前には腰の骨を骨折した影響もあり 思うようなパフォーマンスが発揮できず、中3になっても途中出場が多かった。守備面やハードワーク面での物足りなさも指摘され、ユースへの昇格は叶わなかった。中学一年時の2009年にJOMOカップU-13Jリーグ選抜に選出され、韓国戦に出場。この時、同じ小学校でキッズFCのチームメイトだった山本亮太が愛媛FCジュニアユースから選出されている。
技巧派を求めている他Jクラブユースへの道もあったが、選手権への憧れやハードワークを身に付ける目的、父幹雄と福重良一監督が大阪体育大時代の先輩後輩だった縁もあり、東山高校に進学。1年生ながら出場した第91回全国高校サッカー選手権京都府大会決勝戦では後のJリーガー仙頭啓矢、小屋松知哉らを擁し同選手権で準優勝した京都橘高校に2-3で敗れ、選手権出場はならなかった。
2年生時、関西強豪校ひしめくプリンスリーグ関西1部2013では、18試合22得点18アシストの圧倒的数字で得点王とアシスト王のダブルを達成し、チームを3位に導く。東山高校では3年生が早くに引退し3年生不在で臨み、4校で争われたプレミアリーグ参入決定戦トーナメントでは帯広北高校戦で2ゴール1アシストし、初戦で前橋育英高校を降した藤枝東高校戦でも決勝ゴールを挙げ トーナメントを制し、これらの活躍が翌年のプレミアリーグWESTへ昇格の原動力になった。プリンスリーグの活躍が目に留まり、二年生秋に清水エスパルスに練習参加し、ゴトビ監督に大層気に入られ清水入団が濃厚だった。
主将を務めた3年時には、高校年代日本最高峰のプレミアリーグWEST2014でチームが最下位となり全18試合で総得点が19点の中、プリンスリーグの活躍で徹底したマンマークに遭い、苦しみながらも得点ランキング4位の10得点を記録した。複数の強豪大学から熱心に誘いを受けるが「大学は必要な道かもしれない、でもやっぱり譲れない思いがある。世界的に見て、22歳でプロになるのは絶対に遅いと思う。高卒Jリーグ1年目から出ることが理想だし、そうしないといけない。Jリーグの先のことも考えている、世界に出てプレーしたいという夢はずっと持ち続けている、僕の中ではやれる自信は十分にある。」という考えの基、プロ入りを志願し、5つのJクラブが興味を示した中、ゴトビ監督が解任され清水入りが流れて、翌期からのサガン鳥栖への加入が内定した。2014年11月17日、東山高校にてサガン鳥栖との仮契約と入団会見が行われた。

2015年1月15日に鳥栖スタジアムで新体制発表記者会見が開かれサガン鳥栖に入団。5月10日のJ1リーグ1stステージ第11節松本山雅戦で後半27分から途中出場し、J1リーグ戦初出場を果たし、同試合で同点ゴールとなる鮮やかなダイレクトボレーでプロ初ゴールを挙げる。
8月に京都で行われたU-22日本代表のトレーニング・キャンプに招集される。
フィッカデンティ体制2年目となる鳥栖3年目のシーズンは、背番号が24番から7番に変更になった。2017年5月27日のコンサドーレ札幌戦では決勝点を挙げ、自ら結婚を祝った。6月25日、第16節の浦和レッズ戦では先制点をアシストして、自身のラストゲームを勝利で飾った。
鳥栖最終年の2017シーズンには平均走行距離12.80キロを記録し、そのシーズンのJリーグ全選手の中でトップになった。

2017年6月24日にブンデスリーガのアイントラハト・フランクフルトに完全移籍することでクラブ間が合意したことが発表された。その後6月29日にはフランクフルト側から、鎌田と2021年までの4年契約を結んだことが公表された。8月12日、DFBポカール1回戦のエルンテブリュック戦で公式戦初先発を果たした。8月20日、開幕戦のフライブルク戦でリーグ戦デビューを飾った。シーズン序盤は好調だったものの、その好調を維持することができず、2017-18シーズンでの出場試合はわずか3試合にとどまった。

フランクフルトではニコ・コヴァチ監督の後任としてアドルフ・ヒュッターが新監督に就任し、昨季出場機会がほぼなかった鎌田は戦力と見なされず、シュテンデラやマルコファビアンらとともに構想外となり、2018年8月31日、ベルギー1部リーグ・シント＝トロイデンVVへレンタル移籍する事が発表された。背番号は15番。
2018年8月31日と移籍市場が閉まるギリギリのタイミングで遅れてのレンタル移籍となった為、デビューは遅れて9月16日ベルギーリーグ第7節のヘント戦となったが、途中出場から移籍後初得点を決めて勝利に貢献した。
12月8日のスタンダール・リエージュ戦での得点でシーズン2桁得点に到達した。
2019年4月20日のベルギーリーグプレーオフ2オイペン戦で15ゴール目を挙げ、日本人主要欧州リーグシーズン最多得点記録を更新した、この得点でベルギーリーグデビューが第7節途中出場と遅れながら15得点を記録し、18-19シーズンのベルギージュピラーリーグ得点ランキング最終順位第5位になった。

シント・トロイデンでの活躍によりジェノア移籍が濃厚だったが、ジェノヴァ行きの当日にヒュッター監督とボビッチSDから熱心に慰留され、フランクフルト残留となった。
この残留を受け、期待の高さからプレシーズン中に背番号が40番から15番に変更になった。
2019年8月11日のDFBポカール1回戦のマンハイム戦で加入後初得点を決めた。8月29日、ヨーロッパリーグ予選3回戦ストラスブール戦2ndレグで、2点目となるFKを獲得し、更にアシストを記録、逆転でチームをヨーロッパリーグ本戦に導く。フランス全国紙レキップから最高評価を受ける。
11月28日のヨーロッパリーグGL第5節アーセナル戦で、ペナルティエリアライン上から左足でゴール隅の狭いコースへの鮮やかなシュートで初得点を記録、更にCKの溢れ球をゴール端への鮮烈なシュートで2得点目を挙げ、チームを勝利に導き複数メディアからMOMに選出される。12月12日、第6節ヴィトーリア戦ではヨーロッパリーグ2戦連続となるゴールを決め、チームの決勝T進出に貢献した。
2020年2月20日のヨーロッパリーグ決勝T1回戦ザルツブルク戦では、プロキャリア初のハットトリックを達成し、MOMに選出される。ELでの日本人の1試合3得点は南野拓実以来2人目であり、ELでハットトリックを達成するのはクラブ史上初。この試合ではゴール以外でも相手二人から囲まれながら股抜きで躱し、ヨーロッパリーグ公式からスキルオブザデイと評される。
5月26日のフライブルク戦でブンデスリーガ初得点を記録。5月30日、ヴォルフスブルク戦で2試合連続ゴールを決め、勝利の立役者となり、ブンデス公式MOMに選出される、この鎌田のゴールは当季公式戦二桁ゴールとなると同時に、フランクフルトにとってブンデスリーガでのアウェイゴール1000点目となり、クラブの歴史に名を残す一発となった
。
6月13日のヘルタベルリン戦で3人抜きドリブルからアンドレ・シルヴァにアシストし、ブンデス公式より19/20シーズンベストアシストトップ3に選出される。6月17日、シャルケ戦でスルーパスで2試合連続となるアシストを記録、ブンデス公式ベストイレブンに選出された。
ヒュッター監督とボビッチSDが契約延長を熱望し、2020年9月16日にフランクフルトと2023年までの2年契約延長を発表した。
2021年2月14日のケルン戦でアシストを記録し、ブンデスリーガ公式サイトが発表した今節ベストイレブンに選出される。2月20日には、バイエルン・ミュンヘン戦で1ゴール1アシストを記録し、ドイツ誌キッカーから当節のブンデスベストイレブンに選出される。20-21シーズンはリーグ第3位となる12アシストを記録した。
2021-22シーズンヨーロッパリーグ、グループリーグではEL3戦連続ゴールを挙げ、リーグ首位で決勝トーナメントに導く。決勝トーナメントベスト16・1stレグのベティス戦で決勝ゴールを挙げ、準々決勝バルセロナ戦2ndレグで決勝ゴールをアシストしチームを準決勝戦に導く。準決勝ウエストハム戦の1stレグでは、大会5点目となる決勝ゴールを決めて勝利に貢献した。2022年5月18日、決勝のレンジャーズ戦でも先発フル出場し、PK戦では3人目のキッカーとして成功、クラブの42年ぶりヨーロッパリーグ優勝に貢献し優勝カップを掲げた。UEFAカップを制覇した小野伸二以来、長谷部誠と共に二十年振りの日本人2人目となるヨーロッパリーグ優勝の快挙となった。ドイツ勢でのヨーロッパリーグ制覇は97年のシャルケ以来25年振り。鎌田はこの21-22ヨーロッパリーグでチームトップ、大会4位タイとなる5得点を記録した。
5月22日にブンデスリーガ公式よりブンデス通算520試合出場を誇るノイベルガー、クラブ最多得点者のヘルツェンバインといったレジェンドと共に歴代フランクフルトベストイレブンに選出される。
残りの契約期間が1年となった2022年夏のオフシーズン、ポルトガルの名門ベンフィカからこれまでに幾度も誘いがあり、双方合意の下リスボン行きの航空チケットまで用意していたがグラスナー監督から「私にとっては契約の残り期間は関係ない。私の基準はシンプルで、パフォーマンスの良い選手を起用する。忘れないでほしい。ダイチは私にとって特別な選手だ。だから契約のことは関係なく、今シーズンも残って一緒に戦ってくれ」と熱心な慰留を受けフランクフルト残留となった。
9月13日のチャンピオンズリーグ22-23グループステージ第2節マルセイユではパス成功率、デュエル回数、タックル数の3部門で最高スタッツを記録し、攻守に躍動しフランクフルトのCL初勝利に貢献。「エネルギーに満ちあふれていた。ポゼッションと前線での走り出しがすばらしく、2つのゴールを決められなかったのは不運だった」と評されUEFA公式MOMに選出、トロフィーを授与される。
10月13日のチャンピオンズリーグ22-23グループステージ第4節トッテナム戦でCL初ゴールを決めた。その欧州CL次戦となる第5節マルセイユ戦でボランチの位置からタイミング良く抜け出しミドルシュートで先制点を決め、チームの勝利に貢献。グループステージ最終節のスポルティング戦で欧州CL3試合連続ゴールとなるPKによるゴールを決め、クラブ史上初のチャンピオンズリーグ決勝トーナメント進出に貢献した。
2023年4月12日に2022-23シーズンでのフランクフルトの退団が発表され、自身のSNSからもクラブへの感謝が投稿された。
ヨーロッパリーグ通算では11得点を記録し、アジア人最多得点者となる。
チャンピオンズリーグでも8試合で3得点を記録。

2023年8月5日にセリエA・SSラツィオへの完全移籍加入が発表された、契約期間は2024年までの1年契約、背番号は「6」。2024年9月2日、ナポリ戦で決勝ゴールを決めてシーズン初白星を付けると共に、ラツィオとセリエAでの初ゴールを獲得。9月16日、ユヴェントス戦では初アシストを記録。しかしその後、マウリツィオ・サッリ監督が古参選手とフィジカルに優れた選手を重用し、新加入で技巧派の鎌田はポジション争いに苦戦し出場機会を減らしていった。
冬の移籍市場でクリスタルパレスとは別のプレミアリーグクラブの監督と強化部長と鎌田とが話をして個人間合意し移籍を希望するも、ロティート会長が猛反対し移籍は実現しなかった。
3月14日にサッリが監督を辞任し、イゴール・トゥドールが新監督に就任すると、トゥドールの理想とするサッカーの適任者が正に鎌田で、チームの中心となり、以後は起用され続けた。3月30日、ユヴェントス戦で先発出場し勝利に導くと、4月19日、ジェノア戦ではルイスアルベルトの決勝ゴールを御膳立てしアシストを記録した。5月19日、インテル戦で連続無失点記録を継続中だったゾマーを擁し最少失点の当期王者相手に得点を挙げ、この得点が同一シーズンに新旧王者の双方から得点を挙げた1996-97シーズンのピエルルイジ・カジラギ以来の快挙となった。
監督のトゥドールは鎌田の契約延長を熱望したが、新たなクラブへの移籍の為に単年延長を希望する鎌田と商業面から複数年契約を希望するラツィオのロティート会長との間の溝が埋まらず、2023-24シーズンをもって一年間の契約満了で退団が決定した。

2024年7月1日にプレミアリーグ・クリスタル・パレスFCへの完全移籍加入が発表された、契約期間は2026年までの2年契約。クラブの監督であるフランクフルト時代の恩師・グラスナーが鎌田の獲得を熱望した事が切っ掛けになり、入団を決めた。背番号は「18」と発表された。
2024-25シーズン、8月18日のブレントフォードとの開幕戦でスタメン出場しプレミアリーグデビューを飾る。クリスタル・パレスが1920年にEFL加盟以来、このデビュー戦で鎌田はクラブ1000人目の出場選手となった。8月27日のカラバオカップ2回戦ノリッジ戦の試合開始早々、ゴール前に走り込んでスルーパスを巧みなファーストタッチでGKを躱し受けると、セカンドタッチでゴールに流し込み公式戦初得点を挙げる。後半にはクロスでマテタのボレーゴールをアシストし、1ゴール1アシストを記録。2025年4月26日のFAカップ準決勝アストン・ヴィラ戦では、正確なクロス供給やボール奪取からのダブルタッチで二人を抜き去りスルーパスを通すなどでクラブを決勝進出に貢献した。5月17日のFAカップ決勝マンチェスター・シティ戦ではボランチで先発フル出場。FWマテタがロングボールに競り勝ち落としのボールを体勢を崩しながらもダイレクトで正確に折り返すと、これが決勝ゴールの起点になり、1861年創設のクリスタル・パレスにとって初めてのメジャータイトル獲得に貢献。世界最古かつ国内カップ戦世界最高峰の優勝カップを掲げた。
2025-26シーズン、8月10日のコミュニティシールド・リヴァプール戦で先発出場。チームはPK戦を制し、優勝盾を掲げた。9月27日のリヴァプール戦に先発出場し、CKから先制点を演出するなど後半ATまでプレー、その後のラストプレーで劇的決勝弾で全勝の首位に黒星を付け、鎌田は幾度ものボール奪取や抜群のボール捌きなどでクラブ公式よりPOTMに選出される。チームがクラブ記録の19試合無敗を継続した中で、リーグ公式より9月のプレミア月間最優秀選手候補の6名にノミネートされ、クラブ公式より同月の月間最優秀選手賞に選出される。さらに10月には連続で月間最優秀選手賞に選出された。UEFAカンファレンスリーグでは、準決勝シャフタール・ドネツクとの第1戦で1ゴール1アシストを決めて勝利に貢献、決勝のラージョ・バジェカーノ戦でも先発出場、好プレーを見せて優勝に貢献した。",high_school,G大阪JYからユース昇格叶わず→東山高校→2015鳥栖。本文中の「大学」は父の大阪体育大学と監督の経歴のみで、本人は大学に進学していない（分類器の機序D該当）。
15813,上形 洋介,Yosuke KAMIGATA,era2,上形洋介,university,university|j_club_academy,university_entry_after_pro_entry,"小学1年生からサッカーを始め、2005年よりFC東京U-15深川に加入。早稲田大学ア式蹴球部への憧れから2008年に早稲田実業学校高等部へ進学。サッカー部主将を務めた。2011年に早稲田大学へ進学し、蹴球部に所属。2012年及び2014年の早慶戦ではMVPに選出された。
2015年よりV・ファーレン長崎に加入。2016年より栃木SCに期限付き移籍により加入し、2017年からは栃木へ完全移籍。
2019年はヴァンラーレ八戸へ完全移籍で加入し、2022年はギラヴァンツ北九州へ完全移籍で加入した。
2024年2月12日に標準流浪に加入。7月11日にFutoneと代理人契約を結び、翌12日ヴァンラーレ八戸に2年半ぶりの復帰が発表された。
2025年は、神奈川県社会人サッカーリーグ1部のFIFTY CLUBに完全移籍したが、同年シーズン終了後の12月15日、現役引退が発表された。",,
15876,富樫 佑太,TOGASHI Yuta,era2,富樫佑太,university,university|high_school,possible_declined_university_offer,"國學院大學久我山高校在学中の高校2年次、知人を通してスペインへ短期留学。有名大学への進学のオファーを断り、高校卒業後の2014年3月、再び渡西しウラカン・バレンシアCFで1年間プレーした。
2015年より、FC琉球へ加入。2018年6月10日のJ3第13節・SC相模原戦ではハットトリックを含む4得点を記録、同年のJ3で16得点を挙げ、琉球のJ3リーグ優勝・J2昇格に貢献した。
2019年、FC岐阜へ移籍。2022年11月16日、契約満了による退団が発表。同年11月28日には、カンセキスタジアムとちぎで行われたJリーグ合同トライアウトに出場した。
2023年、ガイナーレ鳥取に加入。2025年にはチーム最多・J3得点ランキング2位タイとなる12得点を挙げた。
2026年、奈良クラブへ移籍。",high_school,國學院久我山高在学中に「有名大学への進学のオファーを断り」渡西→2015琉球。大学に進学していない。
23186,小松 駿太,Hayata KOMATSU,era2,小松駿太,university,university|high_school|j_club_academy|grassroots_club,possible_declined_university_offer,"兄の影響で5歳からサッカーを始める。
小学3年時には地元のクラブに通う傍ら、北澤豪が主宰するサッカースクールに通う。5年時から横河武蔵野FCジュニアに所属。そのままジュニアユースに昇格し、2012年2月にはU-15日本代表候補に選出される。
高校進学後は横浜F・マリノスユースに所属。3年次にはJ3リーグのクラブからオファーが届く可能性もあったが、それを待たずに大学進学を決断し、順天堂大学に進学。
2017年、大学を1年で中退し、Y.S.C.C.横浜へ加入。
2018年、FC琉球へ完全移籍。
2020年、モンテディオ山形へ完全移籍。
2021年8月、FC今治へ期限付き移籍。
2021年12月28日、いわてグルージャ盛岡への期限付き移籍が発表された。
2022年12月13日、モンテディオ山形は期限付き移籍期間の満了並びに来季に向けた契約の更新を行わないことを発表した。
2023年、韓国・K3リーグの慶州韓国水力原子力FCへ完全移籍。
2023年7月26日、FC大阪へ完全移籍。しかし12月に契約満了を発表。
2024年、レイラック滋賀FCに移籍。この年で滋賀を退団。
2025年、関東サッカーリーグ2部のEDO ALL UNITEDに移籍。",,
39352,小澤 秀充,OZAWA Hideatsu,era2,小澤秀充,university,university|high_school,possible_declined_university_offer,"小澤 秀充（おざわ ひであつ、1999年4月28日 - ）は、静岡県出身のサッカー選手。J3リーグ・ロアッソ熊本所属。ポジションはMF。


== 略歴 ==
中学1年生時、静岡県中部選抜としてジュビロカップへ帯同。その後、静岡学園中学校・高等学校を経て、青山学院大学に進学。大学4年次には水戸ホーリーホックとファジアーノ岡山FCの練習生としてJエリートリーグに出場した。2021年11月、2022シーズンからのガイナーレ鳥取加入内定が発表された。加入に関して、当時鳥取GMの岡野雅行が大学リーグの試合を直接視察してオファーに至った。
2022年3月12日、J3リーグ第1節の藤枝MYFC戦で後半途中から出場し、Jデビューを果たした。
2026/27シーズンからロアッソ熊本へ移籍。


== 所属クラブ ==
初倉FC
静岡学園中学
静岡学園高校
青山学院大学体育会サッカー部
2022年 - 2026年6月  ガイナーレ鳥取
2026年7月 -  ロアッソ熊本


== 個人成績 ==

出場歴
Jリーグ初出場 - 2022年3月12日 J3第1節 藤枝MYFC戦 (藤枝総合運動公園サッカー場)
Jリーグ初得点 - 2023年3月11日 J3第2節 Y.S.C.C.横浜戦 (ニッパツ三ツ沢球技場)


== 脚注 ==


== 関連項目 ==
ガイナーレ鳥取の選手一覧
ロアッソ熊本の選手一覧


== 外部リンク ==
小澤秀充 (@hdat_0428) - Instagram 
小澤秀充 - Soccerway.com (英語)
小澤秀充 - FootballDatabase.eu (英語)
小澤秀充 - Transfermarkt.comによる選手データ (英語)
小澤秀充 - J.League Data Siteによる選手データ
小澤秀充 - playmakerstats.com (英語)",,
8918,畑尾 大翔,HATAO Hiroto,era2,畑尾大翔,university,university|high_school|j_club_academy,possible_declined_university_offer,"

父と兄の影響で5歳（幼稚園の年中）の時にサッカーを始めた。小学5年生から中学卒業までは三菱養和に所属していたが、雰囲気の良さに惹かれ2006年の高校入学と同時にFC東京U-18へ加入。同年のJサテライトリーグにも出場。打点の高いヘディングを武器に 2年時にはセンターバック（CB）のレギュラーに定着した。2008年にはキャプテンとして 個性派揃いのチーム をまとめ上げ、CBでコンビを組んだ藤原広太朗 らと共に堅守を築き、U-18クラブユース選手権で優勝を果たした。
2009年、早稲田大学へ進学し、ア式蹴球部に所属。1年時から出場機会を掴み 空中戦と対人プレーの強さを発揮した。2012年には主将に就任。この頃より肺塞栓を患うも、肺の水を抜いてプレーを続け、強靭な守備で最終ラインを統率する大黒柱として部を牽引。同期の島田譲と共にリーグベストイレブンに選出された。しかし、病状進行と病名判明によってリーグ戦後に行われた全日本大学選手権（インカレ）の出場は叶わなかった。2013年は5年生として大学に籍を残し、プロ入り断念を含め進路を模索。同年夏に手術を行い、懸命のリハビリでコンディション回復に努めた。

2014年3月に大学を卒業し、Jリーグ・ヴァンフォーレ甲府の練習に参加。
同月中の選手登録は見送られたものの、高さと強さ、的確なポジショニングやフィードの展開力でアピールに成功し、同年6月に翌7月からの甲府加入が発表された。同年は控えストッパーの1番手として堅守の一翼を担った。2015年はクラブからの勧めで 背番号を3に変更し、副キャプテンを務めた。2017年J1第8節C大阪戦でヘディングを突き刺し、プロ入り後初得点を挙げた。

2018年より名古屋グランパスに加入。

2018年7月、大宮アルディージャへ期限付き移籍 し、シーズン終了後に完全移籍となった。2020年シーズン終了後、大宮との契約を満了し退団。

2021年1月7日、ザスパクサツ群馬に加入。
2023年シーズン終了後、群馬との契約を満了し退団した。

2024シーズンよりツエーゲン金沢に移籍。",,
8980,島田 譲,Yuzuru SHIMADA,era2,島田譲,university,university|high_school|j_club_academy,university_entry_after_pro_entry,"

2006年に鹿島ジュニアユースから鹿島ユースに昇格し、同時に鹿島学園高等学校へ進学。鹿島ユースでは、古賀聡からコーチ・監督として3年間指導を受け、キャプテンも務めた。
2009年に早稲田大学へ進学する。2年生だった2010年から、早稲田大学監督となった古賀に再び指導を受けている。3年時からレギュラーに定着し、正確なキックを左足から生み出すことと、中盤でボールを奪い素早く攻撃に展開するワセダのサッカーを体現していることを評価された。4年生だった2012年には関東大学リーグのベストイレブンに選出され、第61回全日本大学サッカー選手権大会で優勝した。

2013年にファジアーノ岡山へ入団。ファジアーノ岡山では2016年までの4年間にJ2リーグ103試合に出場して3得点した。2016年のシーズン終了後、ファジアーノ岡山との契約が満了となり、退団した。
2017年に、V・ファーレン長崎へ完全移籍で加入した。開幕戦であるホームザスパクサツ群馬戦、フリーキックを直接決めて、2017年チーム初得点を記録した。
2020年にはアルビレックス新潟へ期限付き移籍で加入した。
2021年、アルビレックス新潟へ完全移籍。
2022年9月29日、この日行われた公益社団法人日本女子プロサッカーリーグ（WEリーグ）の定時社員総会ならびに理事会において、WEリーグの理事に就任することが決定した。現役のプロサッカー選手がWEリーグの理事を務めるのは初めて。
2025年、クリアソン新宿に加入した。",,
9312,鍋田 亜人夢,Atomu NABETA,era2,鍋田亜人夢,university,university|j_club_academy,university_entry_after_pro_entry,"小学生時代は地元のサッカークラブ、清水第八スポーツクラブの少年部でプレー。U-12日本選抜に原口元気や田口泰士らと共に選出されて第4回ダノンネーションズカップに出場した。
卒業後清水エスパルスのジュニアユースに入団。U-13、14日本選抜、ナショナルトレセンメンバーに選出された他、2006年度メニコンカップ出場メンバー (ALL WEST) にも選ばれ、前半34分に1得点を挙げた。
清水エスパルスユース在籍中の2009年12月、トップチームへの昇格が発表された。
2011年5月3日の第9節サンフレッチェ広島戦（アウスタ）で平岡康裕に代わり後半35分からプレーしたのが公式戦初出場となった。第26節浦和レッドダイヤモンズ戦にはフル出場している。
2014年9月、出場機会を求めてアビスパ福岡へ期限付き移籍。
2015年2月、期限付き移籍期間満了となりアビスパ福岡を退団。また、所属元の清水エスパルスとも契約満了につき退団した。
2016年3月、現役引退を発表し、S.T.FOOTBALL CLUB（メイン練習グランド：清瀬市内山運動公園）ジュニアユースチームのコーチに就任することを発表した。
2017年4月、体育教師を志し、日本体育大学体育学科に進学した。卒業後の2021年4月から静岡市内の公立中学校に教諭として赴任した。",j_club_academy,清水JY→ユース在籍中の2009年12月にトップチーム昇格。日本体育大学は2017年、引退後に体育教師を志して進学したもので育成経路ではない。
9322,茶島 雄介,CHAJIMA Yusuke,era2,茶島雄介,university,university|high_school|j_club_academy|grassroots_club,university_entry_after_pro_entry,"

安芸区矢野で育つ。森崎和幸・森崎浩司兄弟は矢野中学および吉田高校の先輩にあたる。
1998年小学1年生からサンフレッチェ広島のサッカースクールでサッカーを始め、2000年小学3年生から広島ジュニアに所属する。同期に森保翔平・岡崎和也がいる。2003年小学6年時、全日本少年サッカー大会に広島県代表として出場している。
2004年、広島ジュニアユースに昇格。同期に森保・岡崎・中山雄登・玉田道。2005年高円宮杯(U-15)ベスト4入りなどに貢献した。2006年U-15Jリーグ選抜。
2007年、広島ユースに昇格。同期に大﨑淳矢・森保・中山・玉田。2年生からレギュラーを掴み、3年生ではキャプテンを務め、2009年高円宮杯(U-18)ベスト4、2009年Jユースカップ準優勝などに貢献した。2009年JFAプリンスリーグ中国MVP。ただトップチームへの昇格はならなかった。
2010年、教員免許取得も目的として東京学芸大学へ進学する。同期に山崎直之、1年先輩に安藝正俊。大学1年からレギュラーとして活躍し、大学2年時に関東リーグ1部昇格に貢献し、4年間東学大の中心選手として活躍した。2012年および2013年全日本大学選抜に選出され、2013年ユニバーシアード日本代表の一員として 3位入賞、特にユニバGL第3戦ウルグアイ戦では決勝点となるFKを決めている。

2014年、サンフレッチェ広島とプロ契約。同期入団は、皆川佑介、ビョン・ジュンボン、高橋壮也、大谷尚輝、川辺駿、宮原和也。広島の育成組織出身者で大学経由でのトップチーム入団としては初ケースとなる。また皆川とは共に2013年ユニバ日本代表。2015年3月22日の浦和レッドダイヤモンズ戦で初先発し、豊富な運動量で存在感を発揮。FIFAクラブワールドカップ2015の準々決勝では負傷の野津田、柴崎に変わって先発し、正確なキックでアシストを記録。2016年、4月1日の第5節のベガルタ仙台戦でJリーグ初得点。

2017年12月28日、ジェフユナイテッド市原・千葉への期限付き移籍が発表された。
シーズン序盤は右サイドバックでの起用が多かったが終盤になるにつれて攻撃的ミッドフィルダー、トップ下での起用が多くなる。

2020年よりサンフレッチェ広島に復帰。",,
9327,森保 翔平,Shohei MORIYASU,era2,森保翔平,university,university|j_club_academy|grassroots_club,university_entry_after_pro_entry,"元サッカー日本代表、現日本代表監督の森保一の息子であり、3兄弟の長男である。父がサンフレッチェ広島の前身でもあるマツダSCでプレーしている時に生まれた。なお、当時同チームでプレーしていた風間八宏の長男の風間宏希とは幼馴染である。
サンフレッチェ広島スクールから、広島ジュニアに入団。同期に茶島雄介・岡崎和也。2002年、父のベガルタ仙台移籍に伴い仙台に移住し、虹の丘サッカースポーツ少年団でプレーする。
2004年、広島ジュニアユースに入団する。同期に茶島・岡崎・中山雄登・玉田道歩。2005年高円宮杯(U-15)ベスト4入りなどに貢献した。なお幼い頃から中学途中まではボランチ、のちCBや右サイドしてプレーしている。
2007年、広島ユースに昇格。同期に大﨑淳矢・茶島・中山・玉田。2年時から右サイドあるいはCBとしてレギュラーを掴み、2009年高円宮杯(U-18)ベスト4、2009年Jユースカップ準優勝などに貢献した。
2010年、法政大学へ進学する。同期に松本大輝。サッカー部に所属し、4年時にはキャプテンを務めた。
2014年、J2に昇格したカマタマーレ讃岐とプロ契約を結ぶ。同年5月にはJリーグデビューを果たした。
2015年、契約満了によりカマタマーレ讃岐を退団した。
2016年にニュージーランドへと渡り、ニュージーランド2部リーグのオネハンガ・スポーツに所属する。
2018-19シーズンよりニュージーランド・フットボールチャンピオンシップのワイタケレ・ユナイテッドへと移籍する。チームメイトには同じ日本人選手である松本光平もいた。
2019年1月よりOFCチャンピオンズリーグに出場するバヌアツ代表のマランパ・リバイバースと短期契約を果たす。
しかし、怪我の影響で合流が遅れ、チームも予選で敗退してしまったためOFCチャンピオンズリーグには出場できなかった。
現在YouTubeチャンネルLISEMのカメラマンを本業とし、たまに出演している。(弟の森保圭悟もLISEMとして活動している)
2022年にKONAMIの公式YouTubeチャンネルが運営するサッカークラブ、Winner'sの一員となった。",,
9383,梅内 和磨,Kazuma UMENAI,era2,梅内和磨,university,university|j_club_academy,university_entry_after_pro_entry,"兄の影響でサッカーを始める。2004年よりFC東京の下部組織へ加入。U-18では左サイドハーフ（SH）に配され、左SBの阿部巧と連携し強力なサイドアタックを展開した。2010年に明治大学へ進学し、サッカー部に所属。神川明彦監督の下、SHやウイング（WG）に配され、激しいチェイシングと要所での得点力 でチームに貢献した。
2014年より、FC東京U-18在籍時にも指導を受けた有馬賢二が監督を務めるY.S.C.C.横浜へ加入。同年は主にSHでプレー。2015年にはチーム最多となるリーグ戦5得点を挙げた。
2016年、グルージャ盛岡の新監督に就いた神川に請われ、同クラブへ移籍。
2020年1月20日、東京ユナイテッドFCへ完全移籍により加入すると発表された（2021年に東京武蔵野シティFCと統合し、東京武蔵野ユナイテッドFC所属となった）。
2021年7月に東京武蔵野ユナイテッドFCを退団。",,
9396,三田 尚央,Hisao MITA,era2,三田尚央,university,university|j_club_academy,university_entry_after_pro_entry,"栃木県で育つも、2007年に越境でFC東京U-18へ加入した。同年、東京都選抜の一員として国体で優勝を経験。登録上はFWだったが、同期のFW重松健太郎との併用のためにMF（サイドハーフ）に配された。コーチ有馬賢二の親身な指導を受けて成長し、2009年のJリーグユース選手権大会では重松を上回るハイペースで得点を量産。決勝戦でも追加点を挙げてチームの優勝に貢献し、同大会の得点王に輝いた。
2010年から東洋大学に進学し、サッカー部に所属。FWとして先輩の野崎桂太とポジションを争いつつ、鋭い突破を武器とするサイドアタッカーとしても活躍。チームの攻撃の核となった。
2013年冬、恩師有馬のJ3リーグ・横浜スポーツ&カルチャークラブ監督就任を知り、同クラブのセレクション受検を決意。2014年に加入し、チーム3位タイとなるリーグ戦32試合に出場するも、この年限りでの現役引退を表明。",,
9844,佐々木 陽次,SASAKI Yoji,era2,佐々木陽次,university,university|j_club_academy,university_entry_after_pro_entry,"小学1年生時に兄の影響でサッカーを始める。中学生時までは地元富山のクラブチームでプレー。1期上の大﨑淳矢を目標に練習に励んだ。
長島裕明の勧誘を受け、2008年よりFC東京U-18に加入。同期に廣木雄磨、武藤嘉紀、江口貴俊、松藤正伸、三浦龍輝ら。最終学年では背番号10を背負い、ゲームメーカーとして高い技術を発揮した。2010年のU-18高円宮杯では決勝トーナメントで3試合連続得点を挙げ準優勝。また、同年トップチームに2種登録されている。
2011年、廣木と共に東京学芸大学へ進学。ボランチやサイドハーフに入り、エースとして攻守にチームを牽引した。
2015年、J2リーグ・徳島ヴォルティスに加入。
2017年、J3リーグ・カターレ富山に期限付き移籍。
2018年、カターレ富山へ完全移籍。
2025年9月24日に2025 シーズンをもって現役引退を発表。",,
9846,廣木 雄磨,Yuma HIROKI,era2,廣木雄磨,university,university|high_school|j_club_academy,university_entry_after_pro_entry,"兄の影響で小学1年生時からサッカーを始める。2005年よりFC東京の下部組織に加入。守備的ポジションへと配されるようになり、高い身体能力を誇るサイドバック(SB)として定位置を確保。守備能力の高さからセンターバック(CB)でも起用され、2008年のクラブユース選手権及び2009年のJユースカップを制した。同期は佐々木陽次、武藤嘉紀、江口貴俊、松藤正伸、三浦龍輝ら。2010年にはトップチームに2種登録されている。世代別日本代表ではU-16アジア選手権に全試合フル出場するなど、不動の左SBとして 定着していた。
2011年、佐々木と共に東京学芸大学へ進学。全日本大学選抜にも選ばれていたが、2012年3月の練習試合中に右膝前十字靭帯を断裂し 長期離脱を強いられた。2013年にかけて復調し、対人守備の強さを発揮。2014年には部の副将を務めた。
2015年、Jリーグ・レノファ山口FCに加入。
2018年12月、ファジアーノ岡山へ完全移籍。2019年はレギュラーとして36試合に出場したが、2020年は右足関節手術の影響もあり公式戦出場無しに終わった。
2022年10月10日、契約満了を発表。同年11月28日、カンセキスタジアムとちぎで行われたJリーグ合同トライアウトに出場したが契約には至らず、オーストラリアに渡り同国の4部リーグに相当するナショナル・プレミアリーグ・ビクトリア3に所属するバルーンダーラ＝キャリー・イーグルスFCでプレーした。
2023年9月26日、元所属クラブの岡山からの公式リリースや自身のSNSなどを通じて2023年シーズン限りで現役を引退することを発表した。
2025年度から都立昭和高校サッカー部の外部コーチに就任した。",,
9849,松藤 正伸,Masanobu MATSUFUJI,era2,松藤正伸,university,university|j_club_academy,university_entry_after_pro_entry,"同じ小学校で3学年上の加藤淳也がFC東京の下部組織に加入したことをきっかけに、2005年から自身も同クラブに加入。守備的なポジションへ配されるようになった。2009年には1期上の平出涼と共にCBで起用され、長身FWにも競り負けない強さと的確なカバーリングを武器に同年のJユースカップで優勝。2010年には武藤嘉紀、江口貴俊、佐々木陽次、廣木雄磨ら同期からの推薦を受け 主将を務めた。また、トップチームに2種登録されている。
2011年、明治大学に進学しサッカー部に所属。1年時には主にSBで先発出場の機会を掴み、走力を発揮。3期上の丸山祐市や2期上の松岡祐介が卒業してからはCBを主とした。2011年度の全日本大学選手権及び2013年度の総理大臣杯で準優勝。負傷に苦しむ時期もあったが、持ち前の対人の強さと粘り強い守備でチームを支え、2014年には副将を務めた。
2015年、JFL・ソニー仙台FCに加入。同年のリーグ優勝に貢献も、脱臼癖に苦しみ2016年は出場機会を減じた。
2017年、J3リーグに昇格したアスルクラロ沼津へ完全移籍。豊富な運動量、素早い攻守の切替え、縦への推進力でチームを勢い付けた。
2018年12月、現役引退が発表された。",,
9850,三浦 龍輝,MIURA Ryuki,era2,三浦龍輝,university,university|j_club_academy,university_entry_after_pro_entry,"

スキー一家で育ち、小学1年生時からサッカーを始める。小学6年生時にGKへ転向し、中学生の頃からGKに専念。
2008年にFC東京U-18へ加入。2010年にはトップチームに2種登録されている。同期には松藤正伸、武藤嘉紀、江口貴俊、佐々木陽次、廣木雄磨らがいる。2009年のU-17ワールドカップを目指す日本代表の候補でもあったが、2008年9月に肩の脱臼によりAFC U-16選手権への出場を辞退。以後、同代表に復帰することは叶わなかった。
2011年、松藤と共に明治大学へ進学し、サッカー部に所属。3期上の高木駿が卒業した2年時から正GKの座を掴んだ。2014年は自ら立候補して主将を務め、リーグ戦での最少失点を記録。足元の技術に長け、スウィーパーさながらの高い位置取りから多様なキックでビルドアップにも貢献。体格の小ささを補って余りあるプレーぶりから、同世代のGKの中でNo.1と評価されていた。



2015年、Jリーグ・柏レイソルへ加入するも、出場機会の無いまま1年限りで契約満了。

2016年、AC長野パルセイロへ移籍。同年のJ3開幕節大分戦でJリーグ初出場を果たした。

2017シーズンからジュビロ磐田へ完全移籍することが発表された。6月21日、天皇杯2回戦のHonda FC戦で移籍後初先発し、PK戦でHondaのキッカー4人のPKをストップし、磐田の3回戦進出に貢献した。
その後の試合からこれまで第2GKだった八田直樹やルヴァンカップなどで出場機会を得ていた志村滉などを抑え第2GKに昇格。2018年はカミンスキーがJ1第2節・対名古屋グランパス戦の前日に負傷したことから、同試合に急遽スタメンとしてフル出場し、J1リーグデビューを果たした。
2019シーズンも控えがメインだったが、チームの不調で守護神だったカミンスキーに代わってこれまでメンバー外だった八田がスタメンに返り咲いたために追い出される形で第3GKへ降格した。このままシーズンは終了。チームもJ2へ降格し、自身も出場は無かった。
2020シーズンも引き続き八田が正GKで起用されたことからこの年の出場は無かったが、翌年の2021シーズンは前年から一転してJ2リーグ第6節・ファジアーノ岡山FC戦以降は開幕から不調の八田に代わってレギュラーとしてシーズン終了まで出場し、J2優勝とJ1昇格へ貢献した。
3年ぶりにJ1に復帰した2022シーズンは、背番号を21に変更した。正GKとしてリーグ戦28試合に出場するもチームは1年でJ2降格となった。
2023シーズンも引き続き正GKとしてリーグ戦29試合に出場。チームのJ1昇格に貢献した。
2024シーズンは川島永嗣の加入に伴い第2GKに降格。リーグ戦の出場機会は川島が怪我で離脱した3試合にとどまった。",,
9898,清水 貴文,Takafumi SHIMIZU,era2,清水貴文,unknown,,no_institution_keyword_found,"2014年4月25日に、2015年よりジュビロ磐田に入団する事が発表された。また、2014年6月10日から12月まで特別指定選手として、磐田に所属（背番号は36）。
2015年2月8日に行われたJリーグ・スカパー! ニューイヤーカップ・清水エスパルス戦で途中出場し、決勝ゴールを決めた。同年4月26日に行われたJ2第9節・ジェフユナイテッド市原・千葉戦でJリーグデビューを飾り、8月29日に行われた天皇杯1回戦・北陸大学戦では公式戦初ゴールを決めた。ルーキーイヤーは中盤戦までスーパーサブとして出場機会を得た。
2016年4月24日に行われたJ1 1stステージ第8節・サガン鳥栖戦でJ1初出場を果たした。
しかし6月には右ハムストリングス肉離れの負傷。トレーニング合流まで約4～6週間程度を要するなど出場機会を減らした。
2017年3月25日に水戸ホーリーホックへ期限付き移籍する事が発表された。しかし、水戸ではリーグ戦3試合のみの出場となり、シーズン終了後に磐田との契約満了が発表された。同年12月に行われたJリーグ合同トライアウトに出場した。
2018年、関東サッカーリーグ1部の栃木ウーヴァFCに移籍。同年6月、練習中に前十字靭帯損傷。全治約6ヶ月-8ヶ月の診断を受け、シーズン後半をリハビリにあてた。
栃木には5年間在籍したが、2022年12月9日、契約期間の満了の発表があり、東海社会人サッカーリーグ1部のwyvernに移籍。3年間在籍し、2025シーズンをもって現役を引退した。",,【判定保留】Wikipedia 所属クラブ欄に学校名の記載があり本来 unknown ではないが、同欄は現行の経路抽出（PRE_PRO_SECTION_HEADINGS）の対象外で測定手順に含まれていない。5行だけ別ソースで埋めると測定が不統一になるため、player_institution_stints.csv の取り込み可否（SAP v3・レビューQ7）の決定まで判断を保留する。
1301,盛田 剛平,Kohei MORITA,out_of_sample,盛田剛平,university,university|high_school,possible_declined_university_offer,"小学校2年次からサッカーを始める。中学時代は愛知県の公立の強豪校である名古屋市立日比野中学校サッカー部に所属、持ち前の高さを活かして主にFWとして活躍。高校は自宅から通えない神奈川県の桐蔭学園に進学した。2年先輩に山田卓也と加賀見健介、1年先輩に森岡隆三、広長優志、三上和良、同級生に米山篤志と一木太郎、1年後輩に戸田和幸、小林慶行、内田潤。李国秀から指導を受けた。高校1年次には恵まれた体格と左利きから左サイドバックをしていたが、高校2年のときにFWにコンバートされる。
高校卒業後、駒澤大学に進学し、2年先輩に山田卓也、1年先輩に三上和良と斉藤雅人、同級生に米山篤志、1年後輩に小林慶行と内田潤、3年後輩に桜井繁と小林久晃。1年次から主力として活躍、1995年および1997年の全日本大学サッカー選手権大会優勝に貢献、大学3年次にはユニバーシアード代表、大学ナンバー1ストライカーとして注目された。大学3年次にあるJリーグチームからオファーを受けるも、教員資格取得のため中退せず、4年間通う。その後、地元の名古屋、浦和、磐田、横浜M、V川崎、清水の6クラブが獲得に動く。
1999年、浦和レッズに鳴り物入りで入団した原博実監督によってレギュラーに抜擢されるもなかなか結果を出せなかった。その後2001年セレッソ大阪、同年8月から川崎フロンターレにそれぞれ期限付き移籍するも、FWとして結果が残せずレギュラーに定着しなかった。2002年から大宮アルディージャに移籍、清雲栄純監督の薦めで左サイドのアタッカーにコンバートされ一時はレギュラーを獲得した。
2004年シーズン途中に、チアゴの怪我により高さのあるFWを必要としていたサンフレッチェ広島に期限付き移籍する。一時はレギュラーとして活躍し、翌2005年に広島に完全移籍する。同年、チームは佐藤寿人とガウボンを獲得、前田俊介の台頭により、出場機会が激減しベンチ外の日々が続いた。
同年末、契約時にDFへのコンバートを志願する。クラブ側も以前からその構想があったこともあり彼の提案を受け入れ契約延長した。これがハマり、望月一頼に監督が代わってから重用され始め、ミハイロ・ペトロヴィッチ監督になってからは当初ベンチメンバーであったが、ダリオ・ダバツの負傷により出場機会を得ると信用を得てレギュラーになる。2008年以降槙野智章や森脇良太の台頭によりレギュラーから外れているが、高さのある貴重なDFとして重宝された。
2010年シーズン開幕直前に右第5中足骨基部骨折、手術するも回復せず同年8月に再手術をし、結果キャリア初となる試合出場ゼロに終わる。2011年、槙野の移籍および水本裕貴の負傷離脱に伴い一時はレギュラーに復帰していた。同年末、広島から構想外およびフロント入りを打診されていたが引退せず現役にこだわった。
2012年、J2・ヴァンフォーレ甲府に完全移籍した。この年は25試合に出場し、津田琢磨とのコンビで24試合連続無敗記録の達成を支えた。
2013年は先発出場の機会が減少し10試合の出場にとどまり、2013年12月4日に一度はチームから同年限りでの契約満了が発表されたが、同月27日に甲府との再契約が発表された。
2014年は純粋なセンターフォワードが少ないチーム事情から、8年ぶりにFWへ再コンバート。3月15日の第3節・新潟戦で自身3年ぶり、FWとしては2004年以来10年ぶりとなる得点を挙げた。以降も1年を通じてFWとしてプレー。29試合に出場し、38歳にしてキャリアハイとなるチーム最多の5得点を挙げた。2015年より、登録ポジションもFWへ変更。2016年11月5日、契約満了に伴い退団した。
2017年1月6日、ザスパクサツ群馬への加入が発表された。2017年で契約満了に伴い退団引退し、浦和レッズハートフルクラブのコーチとなる。",,
32505,桃李 理永,Riyon TORI,out_of_sample,桃李理永,university,university|high_school|j_club_academy,possible_declined_university_offer,"大阪府出身。コリア系の父（イ・ジミョン）を持つ。
セレッソ大阪の下部組織（西U-15、U-18)出身で、中学1年生の時はJFAナショナルトレセンへの選出経験がある（当時の登録名は李理永）。2019年シーズンはセレッソ大阪U-18のキャプテンを務めると同時にセレッソ大阪U-23のスカッドに登録され，J3リーグで16試合に出場。高校卒業後は関西学院大学体育会サッカー部に入部するも、2021年に米ニューヨーク州・セント・ジョンズ大学に編入。同大学で2シーズンを過ごした後ノースカロライナ大学シャーロット校に再度編入。大学3年シーズン後に開催された2024年度MLSスーパードラフトにおいてオーランド・シティSCに指名（3巡目83番）されるも、クラブ・大学関係者と協議の上でプロ契約を保留し大学に残る決断を行う。MLSの規定上、卒業後にあたる2025年末までオーランド・シティが契約交渉権を留保する。
2025年にはオーランド・シティB（同クラブの2軍に相当）と1年契約を結び、トップチームのリーグ戦にも招集されてベンチ入りを果たす。",,
49634,長谷川 雄介,Yusuke HASEGAWA,out_of_sample,長谷川雄介,university,university|j_club_academy,university_entry_after_pro_entry,"長谷川 雄介（はせがわ ゆうすけ、1997年4月13日  - ）は、千葉県千葉市出身のサッカー選手。EDO ALL UNITED所属。ポジションはDF。


== クラブ経歴 ==
1997年4月13日、千葉県千葉市生まれ。
2010年、ジェフユナイテッド市原・千葉アカデミーに入団。
2016年、日本大学に進学し、男子サッカー部に入部。
2020年、JFL・ホンダロックSC（現・ミネベアミツミFC）に入団。
2020年7月18日、第16節にFC大阪戦でデビューし、15試合に出場。
2022年、ホンダロックSCを退団。
2023年、J3・ヴァンラーレ八戸に移籍ですが、出場機会がないまま退団。
2024年、東京都社会人サッカーリーグ1部・EDO ALL UNITEDに移籍。
2025年6月8日、第二子誕生の報告。


== 所属クラブ ==
千葉美浜FCコパソル
2010年 - 2012年 ジェフユナイテッド市原・千葉U-15
2013年 - 2015年 ジェフユナイテッド市原・千葉U-18
2016年 - 2019年 日本大学
2020年 - 2022年  ホンダロックSC（現・ミネベアミツミFC）
2023年  ヴァンラーレ八戸
2024年 -   EDO ALL UNITED


== 個人成績 ==

その他の公式戦
2021年 JFL・地域リーグ入れ替え戦 1試合0得点


== タイトル ==
EDO ALL UNITED
2025年 関東サッカーリーグ2部


== 脚注 ==


== 関連項目 ==
千葉県出身の人物一覧
日本大学の人物一覧
ジェフユナイテッド市原・千葉の選手一覧#アカデミー出身者
ミネベアミツミFCの選手一覧
ヴァンラーレ八戸の選手一覧
EDO ALL UNITEDの選手一覧


== 外部リンク ==
長谷川雄介 (@yusuke__hasegawa) - Instagram
長谷川雄介 (@HasegawaYusuke3) - X（旧Twitter）
長谷川雄介 - Transfermarkt.comによる選手データ（英語）
長谷川雄介 - J.League Data Siteによる選手データ
長谷川雄介 - ファンタジーサッカー研究室による選手データ
長谷川雄介 -  ゲキサカ",,
62287,細井 響,HOSOI Kyo,out_of_sample,細井響,university,university|high_school|j_club_academy,possible_declined_university_offer,"

兄の影響で、5歳で地元のFCアクティブ柏でサッカーを始める。小4から柏レイソルアカデミーに入り、U-15に昇格。「黄色いユニホームを着て日立台に立ちたい」との目標を掲げていたが、ユース昇格は叶わず習志野高校へ進学。2年時から出番をつかみ、強豪が集まる千葉県で上位進出したものの全国大会には届かなかった。
関東大学リーグに属する大学から誘いもあったが、「やれる自信がなかったし、タレントぞろいの関東で埋もれるのも嫌だった」と新潟医療福祉大へ進学。大学での成長がプロのスカウトの目に留まり、複数のクラブの練習参加を経て、2025年3月12日、2026年の横浜FCへの加入内定および特別指定選手の承認が発表された。4月のルヴァンカップで公式戦デビューし、9月以降はリーグ戦ではスタメンにも定着した。

2026年、横浜FCに入団。新人ながらキャプテンに就任した。",,
7221,津田 琢磨,Takuma TSUDA,out_of_sample,津田琢磨,unknown,,no_institution_keyword_found,"甲府では2004年シーズンから出場機会を増やし、2005年シーズンはレギュラー定着を狙うが、右足首を骨折し戦線離脱。チームのJ1昇格後は出場機会が減少し、2007年オフにチームから戦力外通告を受け退団。
2008年から愛媛FCへ移籍したが、同年7月に古巣の甲府へ完全移籍することが発表された。甲府復帰後は出場機会こそ多くないものの練習での試合などが評価され、2011年、2012年は副キャプテンとしてチームを支えた。
2012年はシーズン途中にレギュラーを奪い、23試合に出場。リーグ新記録となる24試合連続無敗記録の達成に貢献した。
2年ぶりのJ1となった2013年は4月に左腕を骨折、さらに10月には左足関節靭帯損傷 と負傷が続き満足な出場機会を得られなかった。2017年12月7日にチーム退団を発表した。
2018年1月5日に関東サッカーリーグ1部の栃木ウーヴァFCに完全移籍。12月、双方合意のもとで契約を解除した。
2019年1月、現役引退とヴァンフォーレスポーツクラブのアカデミーコーチに就任すると発表された。
2021年はヴァンフォーレ甲府U-15の監督を務めた。
2022年、栃木シティFCのヘッドコーチに就任。",,【判定保留】Wikipedia 所属クラブ欄に学校名の記載があり本来 unknown ではないが、同欄は現行の経路抽出（PRE_PRO_SECTION_HEADINGS）の対象外で測定手順に含まれていない。5行だけ別ソースで埋めると測定が不統一になるため、player_institution_stints.csv の取り込み可否（SAP v3・レビューQ7）の決定まで判断を保留する。
