source_player_id,name_ja,name_en,tier,wikipedia_title,production_pathway_category,classifier_suggestion,pathway_reason,wikipedia_pathway_context,reviewed_pathway_category,reviewer_note
29466,伊東 稜晟,Ryosei ITO,phase1_youth_vs_univ,,,university,youth_promotion_vs_university_ambiguous,"",j_club_academy,"https://soccerhihyo.futabanet.jp/list/tag/%E4%BC%8A%E6%9D%B1%E7%A8%9C%E6%99%9Fに記載あり。
伊東稜晟（いとうりょうせい）
Ｒｙｏｓｅｉ　ＩＴＯ。生年月日２００１／０４／２６、身長／体重１７３／６６、出生地・三重県。蔵持ＦＣ－ＦＣアヴェニーダソル－レノファ山口ＦＣ　Ｕ－１８を経て、レノファ山口ＦＣで２０２０年にＪ初加入。山口Ｕ－１８からの初のトップチーム昇格者。最終ラインからのビルドアップが武器のＤＦ、両足から精度の高いパスを繰り出すことが出来る。プロの世界に対応し、クラブを引っ張っていく存在になることに期待。"
32738,吉田 有志,Yuji YOSHIDA,phase1_youth_vs_univ,,,university,youth_promotion_vs_university_ambiguous,"",university,"https://web.gekisaka.jp/player/?42287-42287-jp
に■コメント
経歴=C大阪U-15-C大阪U-18-関西学院大
▼2019年セレッソ大阪2種登録選手(トップチームでの背番号は54)
▼2020年セレッソ大阪2種登録選手(トップチームでの背番号は35)"
49951,大久保 祐希,Yuki OKUBO,phase1_youth_vs_univ,,,university,youth_promotion_vs_university_ambiguous,"",,
44233,宮原 勇太,MIYAHARA Yuta,phase1_youth_vs_univ,,,university,youth_promotion_vs_university_ambiguous,"",high_school,"https://soccer.yahoo.co.jp/jleague/category/j1/teams/136/players/1653087?gk=2
過去の所属
アーバンペガサスFC-RIP ACE SC ジュニア-RIP ACE SC-興國高-グールニク サブジェ/ポーランド"
37873,宮本 優太,MIYAMOTO Yuta,phase1_youth_vs_univ,,,university,youth_promotion_vs_university_ambiguous,"

東京都出身でワセダクラブForza'02から流通経済大学付属柏高等学校に進学。3年時にはキャプテンとしてチームを率いて、運動量豊富なボランチとしてインターハイ優勝と第96回全国高等学校サッカー選手権大会準優勝、高円宮杯 JFA U-18サッカープレミアリーグ昇格に貢献、優秀選手の一人に選ばれた。
日本高校選抜に選出され第56回デュッセルドルフ国際ユース大会での5年ぶりの優勝に貢献するものの、プロからの誘いはなく流通経済大学法学部自治行政学科へ進学。
大学では流通経済大学サッカー部に所属。1年次の夏にトップチームに昇格して、リーグデビュー戦でアシストを記録するなどスタメンに定着。2年次にはボランチとして全日本大学選抜に選出される 一方でチームでは故障者が出た影響で右サイドバックに入り、大学2年生から右サイドバックにコンバートされた。1部復帰を目指す3年次には副キャプテンに指名され、ボランチ復帰を希望していたものの1年間指導を受けた曺貴裁コーチの「サイドバックでもプロに行けると思うし、複数のポジションができる方が選手生命が長くなる」との助言を受けてそのまま右サイドバックに定着。
2020年11月、3年生ながら浦和レッズの加入が内定し、あわせてJリーグ特別指定選手に承認。翌2021シーズンもJリーグ特別指定選手に承認された。

2022年より浦和レッズに正式加入。2月12日、FUJIFILM SUPER CUP・川崎フロンターレ戦で後半途中から出場しプロデビューを飾り、同シーズンはリーグ戦15試合に出場した。シーズン終了後の11月には安居海渡、工藤孝太とともに2週間にわたってベルギー2部チャレンジャー・プロ・リーグのKMSKデインズの練習に参加し、帰国後に翌2023年1月からシーズン終了までの期限付き移籍が決定した。

2023年1月10日、ベルギーのKMSKデインズへ期限付き移籍することが発表された。
KMSKデインズでは言葉の壁や環境適応に時間を要したことなどから公式戦2試合の途中出場にとどまり、2022-2023シーズンの終了後に浦和レッズへの復帰が決定した。

2023年6月1日、浦和レッズへの復帰が発表された。

2024シーズンより京都サンガF.C.に期限付き移籍することになった。
2024年12月19日、期限付き移籍期間が延長し、2025年も引き続き京都サンガF.C.でプレーすることとなった。
2025年12月23日、浦和レッズへの復帰が発表された。",,
61011,松澤 成音,Naoto MATSUZAWA,phase1_youth_vs_univ,,,university,youth_promotion_vs_university_ambiguous,"",j_club_academy,"https://web.gekisaka.jp/player/?61845-61845-jp
■コメント
経歴=川崎F U-15-川崎F U-18"
48708,武田 絢都,Ayato TAKEDA,phase1_youth_vs_univ,,,university,youth_promotion_vs_university_ambiguous,"",,
45709,江角 健太,Kenta ESUMI,phase1_youth_vs_univ,,,university,youth_promotion_vs_university_ambiguous,"",j_club_academy,"https://web.gekisaka.jp/player/?52808-52808-jp
■コメント
経歴=サンフレッチェくにびきFC-京都U-18
▼2022年京都サンガF.C.2種登録選手(トップチームでの背番号は42)"
70199,湯之前 匡央,YUNOMAE Mahiro,phase1_youth_vs_univ,,,university,youth_promotion_vs_university_ambiguous,"",,
45140,生地 慶多,Keita OIJI,phase1_youth_vs_univ,,,university,youth_promotion_vs_university_ambiguous,"本項では、日本プロサッカーリーグ（Jリーグ）に加盟するFC東京が運営する、下部組織（ユースチーム）について述べる。


== 概要 ==

FC東京はユースチームとしてU-18、ジュニアユースとしてU-15深川、U-15むさしを保有。サッカーの普及、サッカー選手の育成、個人能力の向上、社会的態度を育むことを目的としている。
1985年、FC東京の前身、東京ガスのサッカースクールが開校。同スクールでは奥寺康彦やカルバリオもコーチを務めていた。
1999年、東京ガスフットボールクラブジュニア・ジュニアユース（1993年4月創立。当時の名称は「東京ペレFC」。）・ユース（1996年4月創立）を母体として「FC東京U-18」及び「FC東京U-15」が発足。
2004年に「FC東京U-15むさし」が発足し、U-15はU-15深川、U-15むさしの2チーム体制に移行。U-15深川は東京都東部、U-15むさしは西部の中学生を主に受け入れている（選手募集要項には「自宅から練習場所まで90分以内で通えることを原則とする」と記載されている）。
2016年、FC東京U-23創設。これを契機に、U-18の選手をU-23で、U-15の選手をU-18で起用する飛び級を多用することとなり、6-3-3の学校制度に則った編成から実力に応じた編成への移行が進んだ。
ジュニアチームは持っていないが（ジュニアチームの一員として直接指導するよりも、地域の指導者との連携を深め共に向上することで、より多くの有望選手を輩出しようという狙いがある。）、幼稚園生から中学生年代を対象に、都内各地でサッカースクールを開催しており、指導・普及に当たっている。その中でも「アドバンスクラス」では、U-12フェスティバルに参加するなど、選抜チームに近い活動形態をとっている。2016年発表の「2020VISION」では、スクール数30校スクール生5000人を目標に掲げた。
選手育成コンセプトとして、2011年にトップチームのスローガンとしても用いられた「TOKYO SPIRIT」（Speed/スピード、Personality/人間性、Insight/洞察力・判断力、Race/競争、Independence/自立、Tecnique/テクニック）を掲げている。
2010年、2017年、2023年、2024年に最優秀育成クラブ賞を受賞した。


== 組織別概要 ==


=== FC東京U-18 ===

各学年12人、36人（U-15からの昇格数により前後する）が所属する。
2001年（尾亦弘友希・馬場憂太世代）に、三大タイトル全てのファイナリストとなったが、以降は各大会とも上位止まりでタイトルには手が届かず、プリンスリーグ関東からも降格した（当時は1部制でプリンスリーグ関東2部が存在しなかった）。2005年に東京都リーグで連覇し、2006年にプリンスリーグ関東に復帰した。
2007年、本拠地をFC東京深川グランドからFC東京小平グランドに移転。この年からU-15むさし卒業生が合流し、U-15深川・U-15むさし・外部の選手が合わさるチームとなる。なお、外部生については日本全国の中学生を対象にスカウトを行っており、地域による制限は無い。
2010年にはU-15深川出身の阿部巧、U-15むさし出身の重松健太郎、外部出身の平出涼がそれぞれトップチームに昇格した。
2010年、プリンスリーグ関東1部で3連覇を達成。2008年第4節から2010年第11節まで30試合無敗という記録を作った。また2010年のリーグ成績により、2011年から新設のプレミアリーグへ参入を果たす。同年のプレミアリーグでは、コンサドーレ札幌U-18（同年優勝）に次ぐ堅守の一方で、中軸であるMF橋本拳人・MF野澤英之のポジションを固定できずに得点が伸び悩み9位に終わり、関東リーグへの降格を喫した。
2012年より、実戦機会確保のため、Bチームだけで新たにリーグ戦に参加している。
2014年、プリンスリーグ関東で2位になり参入戦を勝ち上がり、プレミアリーグへ再昇格した。
2016年からU-18は育成部から離れ強化部に組み込まれた。また、「FC東京U-23」発足に伴ってU-18の各選手は「トップチーム」「U-23」「U-18Aチーム」「U-18Bチーム」の4チームのいずれかに振り分けられることになった。選手によっては複数チームの兼ね合いによって負担が増すものの「今までは環境が整備されすぎたところもあった」（立石敬之GM） と過密日程への対応も踏まえた育成を進めている。
クラブユース選手権、Jユースカップとカップ戦で強さも見せ、プレミアリーグ戦では2位の好成績でシーズンを終える。
2017年はクラブユース選手権を2年連続で優勝し、プレミアリーグEASTも優勝。チーム史上初のチャンピオンシップを獲得した。
2019年、プリンスリーグ関東を優勝し、参入戦でも勝ち1年でプレミアリーグに復帰を決める。


==== 所属選手・スタッフ ====


==== 成績 ====

1998年は東京ガスFCユース
JFAプリンスリーグU-18関東の順位（2002-2007年）は、グループリーグ内の順位ではなく、順位決定戦による順位。
2021年プレミアリーグの順位は勝ち点平均で決定し、Jユースリーグは予選リーグのみの順位

主なタイトル
高円宮杯U-18サッカーリーグ プレミアリーグチャンピオンシップ (2017年)
日本クラブユースサッカー選手権 (U-18)大会 (2001年、2008年、2016年、2017年)
Jユースカップ (2007年、2009年、2016年)
高円宮杯U-18サッカーリーグ プレミアリーグイースト (2017年)
プリンスリーグ関東 (2008年、2009年、2010年、2019年)
東京都クラブユースサッカーU-17選手権大会 (2006年、2011年、2014年、2016年、2018年、2024年)
日本クラブユースサッカーU-18選手権大会 関東大会（2007年、2008年、2014年、2015年、2017年）
イギョラカップ (2006年、2016年、2021年、2022年)
サニックス杯国際ユースサッカー大会 (2007年)
宮城スタジアムカップ (2007年)
Jリーグ U-16チャレンジリーグ (2012年、2013年、2016年)
和倉ユース(U-18)サッカー大会 (2014年)
水戸ホーリーホックユースカップ(U18) (2024年)


==== 国際試合 ====

登録上はU-18ではあるが、大会規定やリーグ戦との兼ね合いなどから、3年生が出場しない大会も多い（U-15も同様）。
2007年、2008年に参加したサニックス杯国際ユースサッカー大会については、海外クラブと対戦する機会がなかったため記載していない。


=== FC東京U-15深川 ===

2003年以前のFC東京U-15を引き継ぐチーム。そのため、2004年に「深川」と改称されたものの、当時所属する選手を第一期生とはしていない。各学年18人、54人前後の選手が所属する。練習場所はFC東京深川グランド。
パリ国際大会にも引き続き参加していたが、出場クラブの多くが地元フランスのチームであるということもあって、芳しい成績を挙げられなかった。また、現地家庭にホームステイすることで生活・文化面での成長を図っていた。
2007年に発足された関東リーグ参加チームに選出。黒星が先行する厳しい闘いが続いていたが、1部に踏みとどまり、2011年には初の勝ち越しに成功。
2022年に関東ユース (U-15)サッカーリーグで優勝。深川むさし通じて初めてである。


==== 所属選手・スタッフ ====


==== 成績 ====

1998年は「東京ガスFCジュニアユース」。1999年から2003年は「FC東京U-15」。

主なタイトル
関東ユース (U-15)サッカーリーグ1部 (2022年)
関東ユース (U-13)サッカーリーグ1部 (2016年、2018年、2019年、2023年)
高円宮杯 JFA 全日本U-15サッカー選手権大会 (2008年、2014年、2018年)
ナイキプレミアカップジャパン (2002年)
日本クラブユースサッカー選手権 (U-15)大会 (2003年)


==== 国際試合 ====

ナイキプレミアカップジャパン優勝チームとして、ナイキプレミアカップ2002ワールドファイナル（ポルトガル・リスボン）に参加し、6位。
2003年のパリ国際大会では、過去最高の4位に入賞し、廣永遼太郎と宮阪政樹がベストイレブンに選出されている。
2024年のTSF サンス国際トーナメント2024で優勝し松下晴城が得点王になった。


=== FC東京U-15むさし ===

2001年の東京スタジアム開業、2002年のトップチームの練習場移転により、東京都西部での活動の更なる活性化が要される中、深川だけでは西部の中学生を指導・確保できないという状況にあったことから、2004年に発足。武蔵野台地から名付けた。各学年18人、54人前後の選手が所属する。
産（FC東京）・学（東京学芸大学）・官（小金井市）での地域スポーツ連携事業『学芸大クラブ』の活動の一環として、東京学芸大学の施設内で練習していることから、試合も含めて自由な見学が許されていない。
創設初年度は1年生だけのチームであり、各種大会でチームとしての実績が無かったため、2007年の関東リーグ参加チームに選出されなかった。以後、関東リーグ参入へ向けての挑戦を続け、2013年に東京都リーグ優勝及び関東リーグ参入トーナメントで勝ち残り、昇格を果たした。
2021年、日本クラブユースサッカー選手権 (U-15)大会において初優勝を果たした。


==== 所属選手・スタッフ ====


==== 成績 ====

主なタイトル
日本クラブユースサッカー選手権 (U-15)大会(2021年)
FIFAワールドカップTMドイツ大会記念ベルリン・ユースサッカー大会 (2006年)
東京国際ユース(U-14)サッカー大会 (2011年)
関東ユース (U-15)サッカーリーグ2部 (2014年、2017年、2024年)
関東ユース (U-13)サッカーリーグ1部 (2015年、2022年)
IBER CUP Scandinavia (2016年)
JリーグU-14 メトロポリタンリーグ (2016年)


==== 国際試合 ====

優勝した2006年のベルリン・ユースサッカー大会、2016年のIBER CUPはいずれも2年生が出場。


=== FC東京U-15混成チーム ===
「深川」「むさし」それぞれの選手からなる混成チーム。


==== 国際試合 ====


== その他 ==


=== 協賛 ===
クラブサポートメンバー
2010年から「ユースの活動費補助」を目的とした会員を募っている。年会費2,000円からで入会することができ、申込口数に応じて会員限定の特典を受けることが出来る。2010年7月10日、会員数が1万人に到達した。クラブサポートメンバーは、2023シーズンより「F.C.TOKYO OFFICIAL MEMBERSHIP」にリニューアルした。

ビッグフレームス
クラブサポートメンバー創設以前より、同様の目的を有する「ビッグフレームス」という協賛があったが、2010年以降はクラブサポートメンバーに10口以上の申込をした会員のことをビッグフレームスと称することになった。ビッグフレームスとして協賛した個人・団体は本人了承のもとでFC東京オフィシャルウェブサイトに掲載されている。2023年より限定500名のコースビッグフレームスプレミアムが創設された。

ACADEMY PARTNER・SUPPORTER
クラブサポートメンバーからOFFICIAL MEMBERSHIPに変更し今までのように経費を除いたすべてがアカデミー活動に使用されるわけではない為に新たに創設された。
2023年に法人向け2023キッズパートナー・アカデミーパートナーが創設され、2024年に個人でも支援できるようにアカデミーサポーターと統合し今の形になる。


=== セレクション ===
U-18、U-15
ともに高校生・中学生の途中加入は原則受け付けておらず、中学3年生・小学6年生に限ってセレクションを開催している。参加費は傷害保険料を含め3,100円。U-15のセレクションは4次セレクションまで行われる。U-15深川、U-15むさし両方のセレクションを受ける場合は、それぞれに申し込むことが必要（両方のセレクションを一度に行ったこともある）。

サッカースクール アドバンスクラス
小学3年生から5年生まで受け付けている。コースによっては、スクール生以外の一般参加も認められており、その場合1,000円の参加費が必要（スクール生は無料）。


== 歴代監督 ==


== 出身選手 ==
  現在トップチーム在籍中の選手。


=== 1981年 - 1989年 生 ===


=== 1989年 - 2000年 生 ===


=== 2000年生 - ===


== 脚注 ==
注釈

出典


== 外部リンク ==
アカデミー｜FC東京オフィシャルホームページ
スクール情報",,"■コメント
経歴=FC東京U-15深川-FC東京U-18-東洋大"
15749,角口 大征,Taisei KADOGUCHI,phase1_youth_vs_univ,,,university,youth_promotion_vs_university_ambiguous,"水戸ホーリーホックの選手一覧（みとホーリーホックのせんしゅいちらん）は、水戸ホーリーホックに所属している選手・監督・コーチの一覧。


== 現役選手・スタッフ ==


=== スタッフ ===


=== 選手 ===


=== 加入内定選手 ===


=== 期限付き移籍加入中の選手 ===
名前が太字は、育成型期限付き移籍。
移籍元が太字は、当該選手が移籍元と対戦する公式戦に出場不可。


=== 期限付き移籍中の選手 ===
名前が太字は、育成型期限付き移籍。
移籍先が太字は、当該選手が水戸と対戦する公式戦に出場不可。


== 外国籍選手 ==


== 背番号一覧 ==


=== 1-10 ===


=== 11-20 ===


=== 21-30 ===


=== 31-40 ===


=== 41-50 ===


=== 51-70 ===


=== 71-80 ===


=== 81-90 ===


=== 91-99 ===


== 過去に在籍した監督・選手 ==


=== 監督 ===
 バビチ・ブランコ (2000年)
 小林寛 (2001年 - 同年7月)
 菅野将晃 (2001年7月 - 2002年)
 前田秀樹 (2003年 - 2007年)
 木山隆之 (2008年 - 2010年)
 柱谷哲二 (2011年 - 2015年6月)
 西ヶ谷隆之 (2015年6月 - 2017年)
 長谷部茂利 (2018年 - 2019年)
 秋葉忠宏 (2020年 - 2022年)
 濱崎芳己 (2023年 - 2024年5月)
 森直樹 (2024年5月 - 2025年)


=== GK ===


=== DF ===


=== MF ===


=== FW ===


== アカデミー出身者 ==
1985年/1986年生
田中聖輝 水戸ホーリーホックユース→水戸ホーリーホック※ユース初のトップチーム昇格選手(練習生)
1985年/1986年生
田中明弘 水戸ホーリーホックユース→新潟経営大学→松本山雅FC→スペリオ城北
1987年/1988年生
大橋直矢 水戸ホーリーホックスクール→水戸ホーリーホックユース→水戸ホーリーホック→福島ユナイテッドFC→NEC TOKIN FC
木村純哉 水戸葵陵高校（1年）→水戸ホーリーホックユース（2・3年）→水戸ホーリーホック→アウローラ日立→バンディオンセ加古川
1989年/1990年生
石川直人 水戸ホーリーホックユース→水戸ホーリーホック
柳澤晶 水戸ホーリーホックジュニアユース→水戸ホーリーホックユース→横河武蔵野FC→FC KAGOSHIMA
1990年/1991年生
蜂須賀孝治 ホーリーホックSSとちぎ→ヴェルディSS小山→桐生第一高校→仙台大学→ベガルタ仙台
富山貴光 栃木ジュニオール→栃南FC→ホーリーホックSSとちぎ→FC栃木Jrユース→矢板中央高校→早稲田大学→大宮アルディージャ→サガン鳥栖→アルビレックス新潟→大宮アルディージャ→ギラヴァンツ北九州→大宮アルディージャ
1991年/1992年生
島村麗乃 水戸ホーリーホックユース→流通経済大学→CE Alberic→CDE EF Zona5→FC琉球
1992年/1993年生
飯田優二 水戸ホーリーホックユース→水戸ホーリーホック
1995年/1996年生
タム・シイアンツン 水戸ホーリーホックユース→アビスパ福岡→カターレ富山→ガイナーレ鳥取
1996年/1997年生
浅利航大 水戸ホーリーホックユース→東京国際大学→ブランデュー弘前FC→ラインメール青森FC
1998年/1999年生
中川洋介 水戸ホーリーホックユース→水戸ホーリーホック→ アルビレックス新潟シンガポール
1999年/2000年生
大原彰輝 水戸ホーリーホックユース→水戸ホーリーホック→ アルビレックス新潟シンガポール→水戸ホーリーホック
2000年/2001年生
平田海斗 藤岡第二小SC→高崎FC→水戸ホーリーホックユース→水戸ホーリーホック→ラインメール青森FC→水戸ホーリーホック→ラインメール青森FC→水戸ホーリーホック→ラインメール青森FC
2002年/2003年生
田辺陽太 マリーナF.C.→WingsU-15→水戸ホーリーホックユース→水戸ホーリーホック→いわきFC→水戸ホーリーホック→おこしやす京都AC→水戸ホーリーホック
2004年/2005年生
内田優晟 ばらきSC→TRAUM SV→水戸ホーリーホックユース→水戸ホーリーホック


== 脚注 ==


=== 出典 ===


== 関連項目 ==
Jリーグ
Jリーグのクラブに所属するサッカー選手のクラブ別一覧",high_school,"https://www.wantedly.com/id/TaiseiKadoguchi 
関東第一高校卒業後、茨城県水戸市のJ2リーグでプロサッカー選手として活動。
"
19604,飯野 雅俊,Masatoshi IINO,phase1_youth_vs_univ,,,university,youth_promotion_vs_university_ambiguous,"",j_club_academy,"■コメント
経歴=足利両毛ユナイテッド
▼2016年ザスパクサツ群馬2種登録選手(トップチームでの背番号は41)"
54835,ファンウェルメスケルケン際,VAN WERMESKERKEN Sai,phase1_youth_vs_univ,2024,university,university,youth_promotion_vs_university_ambiguous,"

オランダ・マーストリヒトにて、オランダ人の父と日本人の母の間に生まれる。2歳の時に一家で渡日、2008年から2013年までの6年間はヴァンフォーレ甲府の下部組織であるヴァンフォーレ八ヶ岳に所属した。
中高一貫の山梨県北杜市立甲陵中学校・高等学校に入学。県内でも有数の進学校で文武両道を志し、学業とともに毎日往復3時間近くかけてヴァンフォーレ甲府ジュニアユースの練習に参加し深夜に帰宅する生活を送っていた。ユース昇格を経て、ヴァンフォーレ甲府のトップチーム昇格の話もあった一方、大学進学を視野にセンター試験を受けていたが、高校卒業後単身でオランダに渡った。

2013年7月、エールステ・ディヴィジに所属するFCドルトレヒトIIのU-21チームに加入。その後トップチームに昇格し、2015年5月10日に行われたエールディヴィジ第33節・FCトゥウェンテ戦に右サイドバックとしてフル出場した。
ドルトレヒト加入時はアマチュア契約だったが、2015年6月15日、クラブとプロ契約を締結したことを自身のツイッターで明らかにした。2015年11月27日、エールステ・ディヴィジのPSVアイントホーフェンII戦でプロ初ゴールを記録。
チームは翌シーズンから2部に降格したが、主に右サイドバックでレギュラーとして定着。2年間でリーグ戦62試合に出場した。
2016年3月14日、U-23日本代表のメンバー発表でポルトガル遠征に初招集。同25日のU－23メキシコ代表戦でU－23代表デビューを果たし、2－1の勝利に貢献した。その2カ月後の5月に行われた第44回トゥーロン国際大会のU－23代表メンバーにも招集され、全4試合に出場した。

2017年8月21日、オランダ2部のSCカンブール・レーワルデンに移籍。
18-19シーズンはリーグ戦38試合1得点を記録し、エールステ・ディヴィジ年間ベストイレブンにも選出された。

2019年7月9日、エールディヴィジ・PECズウォレに移籍することが発表された。契約期間は2年。

2022年8月10日、古巣のSCカンブール・レーワルデンに1年契約で移籍。だがクラブは低迷し2部に降格し、2023年5月31日に退団が発表された。

2023年10月27日、入団テストを経てNECナイメヘンへ加入することが決定した。

2024年1月21日、Jリーグ・川崎フロンターレへ加入することが決定した。自身の名前にちなみ、背番号は「31」（サ(3)イ(1)）。
2024年2月17日、ヴィッセル神戸と対戦したFUJIFILM SUPER CUP 2024では決勝ゴールを挙げチームのタイトル獲得に貢献した。
2025年12月18日、契約満了が発表された。",j_club_academy,大学進学を視野にセンター試験を受けたまで。ヴァンフォーレ交付のユース昇格の記載あり。
23540,三笘 薫,Kaoru MITOMA,phase1_youth_vs_univ,,university,university,youth_promotion_vs_university_ambiguous,"兄の影響でサッカーを始める。さぎぬまSCでプレーしたのち川崎フロンターレU-10に加入した。高校卒業まで川崎の下部組織に所属。トップチームへの昇格も打診されていたが、まだプロで活躍できる確信が持てないという理由から高校卒業時点でのトップ昇格は断り、スポーツ推薦で筑波大学体育専門学群へ進学。

大学2年次の2017年6月21日、天皇杯2回戦・ベガルタ仙台戦で2得点を挙げ勝利に貢献した。同年8月にはユニバーシアード日本代表に選出され、台北で行われた2017年夏季ユニバーシアードで金メダルを獲得。同年9月、川崎フロンターレの特別指定選手に承認され、選手登録された。2018年7月、2020年シーズンから川崎への加入内定が発表された。2018年、2019年も特別指定選手として川崎に選手登録され、2019年9月8日、ルヴァンカップ・準々決勝第2戦の名古屋グランパス戦でトップチームデビュー。",,
10688,上原 拓郎,Takuro UEHARA,phase1_youth_vs_univ,,university,university,youth_promotion_vs_university_ambiguous,"

地元札幌のクラブチームアンフィニMAKI.FCU-12、U-15を経て、中学卒業後はコンサドーレ札幌U-18に入団した。札幌U-18時代の同期には古田寛幸、工藤光輝がいる。3年生時には主将を務め日本クラブユースサッカー選手権 (U-18)大会に出場しグループリーグ敗退となったものの、扇原貴宏、杉本健勇らを擁しこの大会で優勝するC大阪U-18を相手に唯一勝利を収める など、中心選手として活躍していたがトップチーム昇格は適わず、高校卒業後は北海道教育大学岩見沢校に進学した。

大学進学後は早くからレギュラーの座を掴み、大学2年生時には主力選手として第91回天皇杯に北海道代表として出場。同校の同大会初出場の原動力となった。1回戦では大阪体育大学と対戦し同点のまま迎えたPK戦でキッカーを任されるなど勝利に貢献。2回戦まで駒を進めた。4年生になると主将を務め第93回天皇杯に2年ぶりとなる出場を果たした。同大会史上初の北海道勢対決 となった2回戦では、自身がかつてユースチームに在籍し、後に入団する事になるコンサドーレ札幌と対戦し敗れたものの試合序盤はJクラブを相手に善戦した。そうした活躍が認められ2013年10月7日に札幌が上原の獲得を発表。札幌U-18出身の選手が大学経由でトップチームと契約を結ぶのは、前年の松本怜大、同期でこの年に特別指定選手に登録された工藤光輝に次いで3例目。北海道内の国公立大学出身者として初のJリーガーとなった。

2014年シーズン前半戦はボランチや左サイドバックの主力として活躍したが、バルバリッチ監督体制になると構想外となり、ベンチ入りに留まった。
同シーズン末に、新加入後わずか1年での契約満了での退団 となったが、公式リリース直後にオファーをしたというロアッソ熊本への完全移籍が2014年12月1日に発表された。

2015年シーズン序盤はなかなか試合出場機会を得ることが出来ず、主に左サイドバックでの起用が多かったが、シーズン後半に髙柳一誠からボランチの座を奪取して試合出場数を伸ばし、チームの後半戦躍進に貢献した。2016シーズンも主力としてプレーしたが次第に出番を失い、
2018年シーズンをもって契約満了となり退団。
同年12月12日、フクダ電子アリーナで行われたJリーグ合同トライアウトに出場した。

2019年1月5日、JFLのFC今治に加入することが発表された。
2023年12月5日、今治退団を発表。

2024年、台中Futuroに移籍。
2024年12月10日、現役引退を発表。",,
8242,井上 裕大,Yudai INOUE,phase1_youth_vs_univ,2009,university,university,youth_promotion_vs_university_ambiguous,"大分トリニータU-18時代はキャプテンを務めた。2008年に小手川宏基、清武弘嗣、石田良輔とともに大分U-18よりトップ昇格。3年目の2010年より試合出場の機会が増えるが、サイドハーフとして出場した5月9日のサガン鳥栖戦ではスタメン出場しながら前半26分に交代されるなど序盤は半レギュラーの立場であった。しかし後半戦からはボランチとしてスタメンを奪取し3得点を記録。2011年10月19日に行われたJ2第6節・愛媛FC戦の中で、右足関節骨折（全治3ヶ月）の重傷を負った。
2013年、V・ファーレン長崎に期限付き移籍。2014年からは長崎へ完全移籍。
2016年3月、早稲田大学人間科学部eスクールを8年かけて卒業。
2016年よりFC町田ゼルビアに完全移籍により加入した。2017年は移籍2年目で選手会長として選出された。2018年はキャプテンを務める。
2020年12月10日、現役引退が発表された。",j_club_academy,
10709,佐藤 祥,SATO Sho,phase1_youth_vs_univ,,university,university,youth_promotion_vs_university_ambiguous,"小学生時代は大森SCに所属。中学校1年生時に、ジェフユナイテッド市原・千葉の下部組織に入団。2009年よりユースへ昇格し、3年時にはキャプテンも務めた。2011年より井出遥也と共に2種登録選手として選手登録され、11月26日のFC東京戦でJリーグデビューを果たした。
2012年より、ジェフU-18の同期生である井出遥也と共にトップチーム昇格での加入が内定。同年2月3日、早稲田大学人間科学部eスクールに合格した。
2015年8月、千葉からブラウブリッツ秋田に育成型期限付き移籍で加入することが発表された。
2016年シーズンより、水戸ホーリーホックに完全移籍することが発表された。
2019年シーズンより、ザスパクサツ群馬へ完全移籍。
2020年、栃木SCへ完全移籍。",j_club_academy,
18980,加倉井 拓弥,Takuya KAKURAI,phase1_youth_vs_univ,,university,university,youth_promotion_vs_university_ambiguous,2015年にFC町田ゼルビアのユースチームからトップチームに昇格する。10月14日に天皇杯3回戦・アビスパ福岡戦で先発出場でトップチームデビューを果たし、2-0で勝利した。2016年からは青山学院大学に進学した。,j_club_academy,
11983,加藤 健人,Kento KATO,phase1_youth_vs_univ,,university,university,youth_promotion_vs_university_ambiguous,"ファジアーノ岡山U-15へ1期生として入団。U-15、昇格したU-18で計6年間主将を務めた。
2014年より、同期の板野圭竜、田中宏昌、田中雄輝、千布一輝と共にトップチームへ昇格。シーズン開幕前の同年2月、ファジアーノ岡山ネクストへ登録変更された。4月、岡山大学法学部（夜間主コース）に入学。
2018年8月、おこしやす京都ACへ育成型期限付き移籍により加入すると発表された。同年12月12日、フクダ電子アリーナで行われたJリーグ合同トライアウトに出場した。
2019年シーズンより、ザスパクサツ群馬への完全移籍が発表された。この年の8月にJFLのヴィアティン三重に期限付き移籍。
2019年12月、移籍期間満了により三重を退団。所属元の群馬からも契約満了が発表された。
2020年2月2日、アルテリーヴォ和歌山への移籍が発表された。
2024年2月1日、ファジアーノ岡山FC U-12のコーチへの就任が発表された。
2025年2月1日、ファジアーノ岡山ホームタウングロウン推進リーダーへの就任が発表された。",j_club_academy,
12111,大西 勇輝,Yuki ONISHI,phase1_youth_vs_univ,,university,university,youth_promotion_vs_university_ambiguous,"京都サンガF.C.U-18ではキャプテンを務めた。
2014年4月、トップチームに2種登録選手として選手登録された。同年9月、2015年シーズンからのトップチーム昇格内定が発表された。
2016年より奈良クラブに期限付き移籍により加入した。
2017年を以て京都、奈良との契約を満了。
同年12月に行われたJリーグ合同トライアウトに出場した が、新たな所属チームを決めなかった。
2018年に立命館大学に入学。同サッカー部に所属した。",j_club_academy,
19201,大﨑 玲央,OSAKI Leo,phase1_youth_vs_univ,,university,university,youth_promotion_vs_university_ambiguous,"両親の都合で1才からアメリカのハワイで生活していたことがあり、小学6年生まで現地校に通っていた。アメリカ合衆国の永住権（グリーンカード）を所持している。そのため、英語も堪能。
横浜F・マリノスプライマリー、横浜F・マリノスジュニアユースでプレー。公式戦に出場できなったため、高校から横浜FCユースに移ったものの、そこでも試合に出たり出なかったりという状態でユースからトップ昇格の話は全くなかった。
桐蔭横浜大学在学中に横浜FCとザスパクサツ群馬の練習に参加したが、具体的なオファーへと進展せず、Jクラブからのオファーはゼロだった。
2014年にアメリカへと渡り、合同トライアウトで合格し、北米サッカーリーグ（NASL・アメリカ2部）のカロライナ・レイルホークスに加入。
2016年にユース時代を過ごしたJ2の横浜FCに加入。第4節のレノファ山口FC戦（ニッパツ三ツ沢球技場）でJリーグデビューすると、第12節からはセンターバックの位置で先発に定着。シーズン途中に移籍した野上結貴の穴を埋め、31試合に出場した。
2017年、徳島ヴォルティスに完全移籍で加入。
2018年6月21日、J1のヴィッセル神戸に完全移籍で加入。
2019年シーズン途中からはトルステン・フィンクのもと、3-5-2のシステムでは3センターバックの中央で起用され、そのプレーぶりをチームメイトのベルギー代表DFトーマス・フェルマーレンから賛辞を受けた。同年9月28日のJ1第28節・川崎フロンターレ戦でJ1初ゴールをマークした。
2021年シーズンは菊池流帆とフェルマーレンのセンターバックコンビが形成されたこともあり控えに甘んじたが、シーズン途中よりボランチとして起用され、同年9月24日のJ1第30節・清水エスパルス戦では19年シーズン以来となるゴールを挙げた。
2022年シーズンはMFセルジ・サンペール、新加入のMF扇原貴宏、MF橋本拳人らが怪我や調整不良で出遅れたことなどもあり、MF山口蛍とのコンビでボランチとして起用され、レギュラーに定着した。
2023年12月27日、UAEのエミレーツ・クラブに完全移籍で加入。神戸時代の同僚であるアンドレアス・イニエスタと再びチームメイトとなった。同クラブではUAEプレジデントカップのアル・ワスルFC戦に出場。しかし、リーグ戦中断期間中に外国人枠の関係でカップ戦1試合のみで契約解除となり、冬のウインドー内で加入し退団となった。その後は、デンマークのクラブで練習参加し、クラブからも契約の話が出ていたが、登録期間の関係で折り合いがつかなかった。
2024年6月8日、J1・北海道コンサドーレ札幌に練習生として参加した。そして同月21日、同クラブに完全移籍で加入した。",,
3222,太田 圭輔,Keisuke OTA,phase1_youth_vs_univ,,university,university,youth_promotion_vs_university_ambiguous,"

5歳でサッカーを始める。小学生時代は浜北市所在の少年サッカークラブおよびHonda FCのU-12チームでプレーし、中学校入学時にU-15チームへ昇格した。
1997年に清水エスパルスのユースチームに入団。1年次にJユースカップで優勝を、2年次には同大会で3位の成績を修めた。3年次の1999年には日本クラブユースサッカー選手権 (U-18)大会と高円宮杯全日本ユースサッカー選手権 (U-18)大会の2大会にて3位となった。

2000年に清水エスパルスのトップチームに昇格。同期昇格者に池田昇平、鈴木浩介、吉崎雄亮がいる。加入1年目はトップチームでの試合出場機会に恵まれず、翌年提携関係を結んでいた当時Jリーグ2部のヴァンフォーレ甲府に期限付き移籍した。甲府で出場機会を得た太田は全48試合中43試合に出場して11得点を挙げたが、これは同年度の甲府の選手の中で最多得点数であった。
翌2002年清水エスパルスに復帰。2002年度は2試合に、更にその翌年の2003年には8試合に出場した。
安貞桓・三都主アレサンドロ・トゥットらそれまでチームの主力だった選手がチームを離れた 2004年・2005年は出場機会を得る。2004年は29試合出場1得点、2005年は17試合出場3得点を挙げた。
しかし2006年に入ると出場機会が激減し2試合出場にとどまった。翌2007年にも2試合出場機会があったが、同年6月、出場機会を求めて柏レイソルへと移籍した。

柏に移籍した太田は出場機会を再び得るようになり、2007年に16試合出場3得点、完全移籍に切り替わった2008年には34試合出場6得点の成績を挙げた。しかし2009年、開幕前のキャンプ中に肩を負傷。出場数が7試合に減少し、同年7月、ジェフユナイテッド市原・千葉に移籍した。千葉に移籍後、シーズン終了までに11試合に出場したが、チームは2部に降格。2010年から2011年までJ2でプレーする事になった。

2012年、千葉のチームメイトであった福元洋平と共に徳島ヴォルティスへ完全移籍。2013年シーズン終了後、契約満了により退団。
2014年にFC岐阜へ移籍し、2015年までプレーした。2016年7月23日、35歳の誕生日を迎えたこの日に2015年シーズンをもって現役を退くと共にアメリカで勉強することをブログで報告。留学先のセントラルフロリダ大学では学生コーチとして女子サッカーチームを指導しており、2022年5月には大学を卒業した事をTwitterで報告した。現在も女子サッカーチームのコーチとして在籍しており、アメリカのコーチングライセンス取得を目指している。",j_club_academy,
8227,奥埜 博亮,OKUNO Hiroaki,phase1_youth_vs_univ,2012,university,university,youth_promotion_vs_university_ambiguous,"

大阪府太子町に生まれる。小学2年時に東京のバディSCでサッカーを始める。当時のチームメイトには丸山祐市がいた。ジェフユナイテッド市原・千葉の仙台教室にも在籍していた。
中学からベガルタ仙台の下部組織に所属し、中学3年時には飛び級でユースの公式戦に出場するなど早くから才能を開花させる。
高校3年時に負傷したことが影響しトップチーム昇格は見送られ、仙台大学に進学した。
大学では1年時から公式戦に出場して活躍、3年時の総理大臣杯では1回戦の同志社大学戦でハットトリックを達成するなどチームのベスト4進出に貢献。フォワードとしても起用されていた。またユース所属時にトップチームのコーチだった手倉森誠の高い評価を受け、2009年から3年間特別指定選手としてベガルタ仙台に所属した。

仙台大卒業後の2012年、正式に仙台へ加入。ユース出身で大学を経由してのトップチーム加入はクラブ史上初。背番号は「Mr.ベガルタ」こと千葉直樹が前々年の引退まで13年間着用し続けてきた「7」が与えられた。9月8日の天皇杯2回戦のソニー仙台FC戦においてプロ初ゴールを挙げた。
2年目となった2013年は故障などで出場機会を得られず、7月にV・ファーレン長崎へ期限付き移籍。
翌2014年も移籍期限を延長し、引き続き長崎でプレー。
2015年、仙台に復帰し、副キャプテンを務めた。この年は仙台では初めて開幕スタメンを勝ち取った。先発出場だった27試合中17試合でセンターフォワードで起用された。ユース出身者として初めてトップチームのレギュラーに定着し、リーグ戦32試合に出場。1stステージ第11節の浦和レッズ戦でJ1初ゴールを記録するなど、チームトップタイの7得点を挙げ、チーム年間MVPを受賞した。
2018年オフの2019年1月4日、ジュニアユースから特別指定選手時代を含め、14年半過ごしたベカルタ仙台から完全移籍することが発表された。

2019年、セレッソ大阪に移籍。ヴィッセル神戸との開幕戦で即スタメンに抜擢されチームトップの12.9キロを走り勝利に貢献。8月17日、第23節の横浜F・マリノス戦では2得点を決めて4試合ぶりの勝利に貢献した。フォワードの負傷離脱が相次いだ事もありセンターフォワードで起用され、守備の役割を全うしながらもリーグ戦で7得点を決めるなど活躍を見せ、ロティーナ体制下では本職フォワードが復帰した後もセンターフォワードで重宝された。
2020年9月9日、J1リーグ第15節の北海道コンサドーレ札幌戦で、開始6分にクラブのJ1リーグ通算1000ゴールとなる先制ゴールを決めた。本年もセンターフォワードでメイン起用された。
2021年4月2日、サガン鳥栖戦では、膠着状態の中、後半開始早々にミドルシュートで決勝点を決め、レヴィー・クルピ監督に「中盤のスペシャリストだと思う。代表に選ばれてもおかしくないし、セレッソで優勝を勝ち取って、タイトルを獲って欧州へ行く。それくらいの実力を彼は持っていると思う。これからのイメージ次第でもっともっと伸びるのではないか」と絶賛された。ほぼ全ての試合でボランチで起用された。
2022年リーグ戦第4節、ボランチで先発出場、小菊昭雄監督に戦術的な立ち位置や役割を変えられたことで、攻撃に絡むプレーが再び増え1ゴール1アシストの活躍だけでなく両チームで最長の走行距離12.9キロを記録した。第14節のガンバ大阪との大阪ダービーでは自身の2得点を含む全得点に絡み、3-1の逆転勝ちに貢献した。
毎試合のようにチームトップの走行距離を記録するなど、どの試合でも献身性を発揮し、本職はボランチながら、機を見た攻撃参加で、ゴール前での決定力の高さも光る。小菊監督下でも、攻守においてチームの要の選手となった。

2025年3月26日、湘南ベルマーレへ完全移籍で加入することが発表された。",,
23185,奥田 裕貴,Hiroki OKUDA,phase1_youth_vs_univ,,university,university,youth_promotion_vs_university_ambiguous,"中学校時代はガンバ大阪門真ジュニアユースでプレーし、初芝橋本高校では3軍からスタートし3年生で1軍昇格して全国大会に出場した。
学業成績の推薦で明治大学へ進学し練習生からトップチームに昇格した。
大学卒業後はJFLのトップチームから来たオファーを断り、元U-20日本代表監督の西村昭宏監督に請われて2015年に地域リーグのアイゴッソ高知へ加入。2016年からは、高知UトラスターFCと統合された高知ユナイテッドSCでプレーしたが、同年シーズン終了後に契約満了で退団した。
J1やJ2のチームから練習参加の声がかかるようになり、2017年よりY.S.C.C.横浜へ移籍加入した。同年シーズン限りで退団となった。
2018年シーズンよりガイナーレ鳥取へ完全移籍した が、同年シーズン終了後に契約満了。
2019年、テゲバジャーロ宮崎へ加入。
2024年11月14日、2024シーズン限りでの現役引退を発表した。",,
45040,安居 海渡,YASUI Kaito,phase1_youth_vs_univ,2022,university,university,youth_promotion_vs_university_ambiguous,"

埼玉県川口市出身で幼少より家族で埼玉スタジアム2002へ通って浦和レッズの試合を観戦し、小学校1年時に父がコーチを務める少年団に入団しサッカーを始める。武南ジュニアユースを経て浦和学院高校に進学し、後にプロ入りする田中和樹らとプレー。FC東京U-23で特別指定選手としてプレーする田中の活躍を見て自らもプロ入りを目指した。
田中を視察に訪れたスカウトの目に留まり、高校卒業後は整った環境やスカウトの目に留まる機会なども考慮してプロ選手を多く輩出する流通経済大学に進学。のちに安居自身も含め、大学の同期は12人がプロ入りした。1年時よりドラゴンズ龍ケ崎にてJFLでプレーしてボランチとして頭角を現し、シーズン終盤にトップチームへ昇格した。3年時には大学屈指のボランチとしてJ1、J2合わせて10クラブほどが獲得に動くなど佐々木旭とともに争奪戦となる中、新監督就任が内定したリカルド・ロドリゲスのサッカーに惹かれ、いずれは行きたいと幼少より憧れ続けた地元浦和レッズへの入団を決意。2021年3月15日、2022年シーズンからの浦和レッズ加入内定が発表された。流経大同期の宮本優太も浦和加入が内定しており、2人はプロでもチームメイトになることとなった。

2022年シーズンより浦和レッズに加入。2月19日、開幕戦の京都サンガF.C.戦で先発デビューを果たした。4月18日、AFCチャンピオンズリーグ2022・グループF第2節の山東泰山戦でプロ初ゴールを決めた。
2023年3月4日、J1第3節セレッソ大阪戦でJリーグ初ゴールとなる決勝点を決めた。2年目でレギュラーとなり、公式戦54試合出場を果たした。",,
11490,小島 亨介,KOJIMA Ryosuke,phase1_youth_vs_univ,,university,university,youth_promotion_vs_university_ambiguous,"

幼稚園年長の時に2002 FIFAワールドカップをテレビで観て憧れを抱いたことがきっかけとなり、小学校1年次にサッカーを始めた。父親が野球好きでキャッチボールをよく行っていたことから当初は野球を始めようとしたが、地元の野球クラブが3年生からしか入団出来なかったのでサッカーを選択したという経緯もある。始めはフィールドプレーヤーを務めていたが、6年次にチームのコーチに勧められたことによりゴールキーパーでのプレーを始め、中学1年次にはGKに専念するようになった。
下山FCを経て岡崎スクール、三好FC、U15、U18と名古屋グランパスの各年代育成組織に所属し、高校2年次の2013年にはトップチームに2種登録選手として登録された。
名古屋U18卒業後のトップチーム昇格は見送られ、大学進学を選択。早稲田大学ア式蹴球部への練習参加の際、部員の練習姿勢を見て「自分に足りなかった部分がこの環境にはある」と感じ、早大進学を決意した（同期に相馬勇紀、冨田康平、岡田優希など）。1年次の2015年はデンソーカップチャレンジの全日本選抜に選出されたものの、入部から2年次までは2学年上の後藤雅明が正GKで、自身は基本的に第3GKの立場で1年目は出場がなく、2年目も2試合の出場に留まっていた。ただ、2016年の関東大学リーグ表彰式では、AFC U-19選手権制覇に貢献（後述）したことが評価され特別賞を受賞した。
後藤が卒業した大学3年次の2017年より正GKの座を一旦は奪取したが、並行する代表活動や負傷の影響により公式戦9試合の出場に留まった。それでもチームは関東大学リーグ2部優勝及び1年での1部復帰を果たし、リーグ表彰式では2年連続で特別賞に選出された。大学4年次の関東大学リーグでは開幕戦から定位置を確保し、代表活動によって離脱した1試合を除く21試合に出場。代表活動との行き来でコンディションが整わないこともあったが、優勝が懸かった第20節・東京国際大戦では試合終盤に好セーブを連発し、早大を3年振りの1部リーグ制覇に導いた。同年のリーグ表彰式にてGKとしては関憲太郎・服部一輝に続くリーグ史上3人目のMVPと、ベストイレブン・特別賞を受賞した。

大学4年時に大分トリニータの練習に参加すると入団を即決し、2019年に加入。背番号はかつて西川周作、梅崎司らが背負った「21」に決定した。
開幕戦からベンチ入りを果たすと、ルヴァン杯予選第1節・セレッソ大阪戦にて先発出場でプロ公式戦デビューを果たす。ルヴァン杯予選第2節・名古屋グランパス戦でも先発したが、その後はベンチ入りの機会も減りルヴァン杯2試合の出場に留まった。

2020年より、J2・アルビレックス新潟に期限付き移籍。J2第1節・ザスパクサツ群馬戦にて先発出場でJリーグデビューを果たすと、無失点に抑え勝利に貢献したが、新型コロナウイルスによる中断期間中に負傷し、リーグ戦再開後は藤田和輝がリーグ戦に出場した。復帰後は再度レギュラーを獲得するも、30節の東京ヴェルディ戦で再び負傷により離脱した。シーズン終盤に復帰するも、37節のV・ファーレン長崎戦のみの出場にとどまった。
2021年は新潟との期限付き移籍期間を1年延長し、背番号を1番に変更した。同シーズンは開幕前に怪我の手術をしたため出遅れ、阿部航斗にポジションを奪われたが、第18節ファジアーノ岡山戦で阿部を抑えて先発に抜擢。半年ぶりの復帰を果たした。しかしその後はコンディションが上向かず、阿部に再びポジションを譲るなどと同シーズンの出場は9試合に留まった。
2022年より新潟に完全移籍。開幕戦からスタメンの座を確保すると、プロ入り後初のリーグ戦全試合フルタイム出場を達成。チームのJ2優勝及び5年ぶりのJ1昇格に貢献した。

2025年、柏レイソルへ完全移籍。同年はリーグ戦全38試合フルタイム出場を達成。また、そのうち半数の19試合でクリーンシートを記録し、チームの準優勝に貢献、Jリーグ優秀選手賞受賞を果たした。

2011年にU-15日本代表候補のトレーニングメンバーに選出される。翌年U-16日本代表に選出されると、以後継続して年代別代表に招集されるようになる。2016年のAFC U-19選手権では、年代別代表では正GKを務めながら大学ではほぼ出番が無いというギャップを、逆に自身を奮い立たせる原材料とし、全6試合中の5試合に先発出場。決勝戦・タジキスタン戦でビッグセーブを見せるなど全試合で相手を完封し、大会制覇に貢献した。
2017年6月にはFIFA U-20ワールドカップに出場。チームはベネズエラに敗れ決勝トーナメント1回戦敗退となり、自身も4試合6失点と完封試合を達成することが出来なかったが、全試合に先発出場し世界の力量を体感した。同年8月にはユニバーシアード日本代表として、2017年夏季ユニバーシアード（台北）に出場。決勝戦こそ先発の座を永石拓海に譲ったが、全6試合中3試合に先発出場し同大会優勝に貢献した。
2018年、森保一体制となって初の公式戦となるAFC U-23選手権に臨むU-21日本代表に選出。初戦のパレスチナ戦を含む全4試合中3試合に出場し、ベスト8の成績を残した。同年8月にはアジア競技大会に出場。負傷により欠場した1試合以外の6試合に先発出場を果たしたが、チームは決勝で韓国に惜敗し準優勝となった。
2019年5月、コパ・アメリカに臨む東京五輪世代中心で構成された日本代表（A代表）に選出され、同年12月にはEAFF E-1サッカー選手権2019に出場する日本代表にも選出されたが、ともに公式戦出場機会はなかった。
年代別代表への招集も2020年初頭に開催されたAFC U-23選手権2020への参加を最後に途絶え、最終的には東京五輪のメンバーからも外れた。
2023年10月12日、MIZUHO BLUE DREAM MATCH 2023、キリンチャレンジカップ2023のカナダ代表、チュニジア代表との試合でヴィッセル神戸の前川黛也が怪我したことにより、追加招集された。なお出場はなかった。",,
41104,山崎 太新,YAMAZAKI Taishin,phase1_youth_vs_univ,,university,university,youth_promotion_vs_university_ambiguous,"地元の東住吉SCでサッカーを始め、中学生年代では横浜FCジュニアユースに加入。高校生年代ではユースに昇格し、1年生ながら公式戦に出場し、U-16日本代表にも選出された。2年次には横浜FCトップチームの練習にも参加するようになり、3年次には出場がなかったものの2種登録された。
2022シーズンからのトップチーム昇格の打診があったが、それを断り筑波大学へ進学した。
3年次にグロインペイン症候群を発症し1年を棒に振るも、4年次には自らキャプテンに立候補し、さらに背番号10を背負いチームの中心として活躍した。
2025年12月12日、2026シーズンより大分トリニータへの加入内定が発表された。
12月27日に行われた第74回全日本大学サッカー選手権大会決勝で国士舘大学を3対0で下し優勝。
2026年2月22日、J2・J3百年構想リーグWEST-B第2節ガイナーレ鳥取戦で途中出場し、プロ初出場を果たした。",,
15892,山川 哲史,YAMAKAWA Tetsushi,phase1_youth_vs_univ,,university,university,youth_promotion_vs_university_ambiguous,"山川 哲史（やまかわ てつし、1997年10月1日 - ）は、兵庫県尼崎市出身のプロサッカー選手。Jリーグ・ヴィッセル神戸所属。ポジションはディフェンダー（DF）。


== 略歴 ==
中学・高校時代とヴィッセル神戸の育成組織に在籍。神戸U-18卒業前にはトップチーム昇格のオファーを受けたが、教員免許取得や能力に自信が無い事などを理由として筑波大学への進学を選択した。筑波大ではともに同ポジションで1学年上の小笠原佳祐、鈴木大誠とセンターバックのレギュラーを争い、大学3年次にレギュラーの座を掴んだ。4年次にはユニバーシアード日本代表に選出され、同チームの金メダル獲得に貢献した。2019年1月頃に神戸から再び加入オファーを受けると入団を決意、同年4月に翌2020年からの加入内定が発表された。
2020年シーズンは、10月4日に行われた大分トリニータ戦でJリーグデビュー。11月から再開されたAFCチャンピオンズリーグでは、本職のセンターバックではなくサイドバックとしてレギュラーを掴み、チームのベスト4進出に貢献した。
2021年シーズンも、前年でのサイドバックでの活躍もあり右サイドバックでレギュラーに定着していたものの、シーズン途中よりDF酒井高徳が右サイドバックに回ることが増えたため出場機会は限定的なものとなった。
2022年シーズンは、3月下旬に監督交代があり、4月以降のリーグ戦では再度レギュラーを奪取。5月29日に行われた第16節コンサドーレ札幌戦で、CKのこぼれ球からミドルシュートを放ち、プロ入り後初得点をあげた。シーズン途中に右サイドでのプレーを本職とするMF飯野七聖が加入したが、飯野が攻撃的ウイングとして起用されたこともあり、引き続きサイドバックのポジションを務めた。
2023年シーズンは最終ラインに怪我人が続出したこともあり、本職のセンターバックで起用されハイパフォーマンスを見せていたが、5月27日FC東京戦で負傷し長期離脱することとなった。
2024年シーズンより、北本久仁衛、トーマス・フェルマーレンらが背負った4を背負うことが発表された。同時にチームの副キャプテンに就任し、山口蛍不在時にはゲームキャプテンを務めた。
2025年シーズンよりクラブの第16代主将に就任。


== 所属クラブ ==
2004年 - 2009年 笹原SC
2010年 - 2012年 ヴィッセル神戸U-15
2013年 - 2015年 ヴィッセル神戸U-18
2015年 ヴィッセル神戸（2種登録選手）
2016年 - 2019年 筑波大学
2019年 ヴィッセル神戸（特別指定選手）
2020年 -  ヴィッセル神戸


== 個人成績 ==

その他の国際公式戦
2022年
AFCチャンピオンズリーグ2022・プレーオフ 1試合0得点
2015年 2種登録選手としての公式戦出場なし
2019年 特別指定選手としての公式戦出場なし


== タイトル ==


=== チーム ===
筑波大学
全日本大学サッカー選手権大会（2016年）
関東大学サッカーリーグ戦1部（2017年）


=== クラブ ===
ヴィッセル神戸
J1リーグ：2回（2023年、2024年）
天皇杯 JFA 全日本サッカー選手権大会：1回（2024年）
FUJI XEROX SUPER CUP：1回（2020年）
J1百年構想リーグ：（2026年）


=== 代表・選抜 ===
全日本大学選抜
デンソーカップサッカー（2019年）
ユニバーシアード日本代表
ナポリ大会（2019年）


=== 個人 ===
デンソーカップサッカー：ベストイレブン（2019年）


== 代表・選抜歴 ==
U-17日本代表
バツラフ・イェジェク国際ユーストーナメント（2014年）
U-19全日本大学選抜
アジア大学サッカーチャンピオンシップ（2016年）
U-20全日本大学選抜
KBZ BANK CUP（2017年）
全日本大学選抜
デンソーカップサッカー（2019年）
アメリカ遠征（2019年）
第16回大学日韓定期戦（2019年）
ユニバーシアードサッカー日本代表
ユニバーシアードサッカー競技（2019年）


== 脚注 ==


=== 注釈 ===


=== 出典 ===


== 関連項目 ==
兵庫県出身の人物一覧
筑波大学蹴球部#主な出身選手
ヴィッセル神戸の選手一覧


== 外部リンク ==
山川哲史 (@ymkwtts) - X（旧Twitter）
山川哲史 (@ymkwtts) - Instagram
山川哲史 - Soccerway.com (英語)
山川哲史 - FootballDatabase.eu (英語)
山川哲史 - WorldFootball.net (英語)
山川哲史 - Transfermarkt.comによる選手データ (英語)
山川哲史 - J.League Data Siteによる選手データ
山川哲史 - playmakerstats.com (英語)",,
49301,山本 桜大,YAMAMOTO Ota,phase1_youth_vs_univ,2023,university,university,youth_promotion_vs_university_ambiguous,"柏レイソルの下部組織出身で、2022年8月19日にトップチームに2種登録されると、同年9月20日に2023年からのトップチーム昇格が内定したことを発表された。
2023年2月18日、J1リーグ第1節・ガンバ大阪戦で途中出場し、チームとしての高卒ルーキーの開幕戦出場は2010年の茨田陽生以来13年ぶり6人目の快挙となった。同年6月7日、天皇杯2回戦・山梨学院大学PEGASUS戦でPKを決めてプロ初得点を記録し、チームの勝利に貢献した。
2024年8月2日、栃木SCに育成型期限付き移籍。8月10日のレノファ山口FC戦でJリーグ初ゴールを挙げた。
同年12月27日に栃木SCとの育成型期限付き移籍期間満了とレノファ山口FCへの育成型期限付き移籍加入が発表された。
2026年1月4日、RB大宮アルディージャへの育成型期限付き移籍加入が発表された。
2026年6月30日、ドイツ1部・RBライプツィヒへの完全移籍が発表された。2026-27年シーズンはRBライプツィヒからの期限付き移籍として引き続き大宮に加入することが発表された。",j_club_academy,
8782,工藤 壮人,Masato KUDO,phase1_youth_vs_univ,2009,university,university,youth_promotion_vs_university_ambiguous,"

杉並区で生まれ、2歳で足立区に転居した。兄の影響で3歳頃からボールを蹴り始め、小学4年生から柏レイソルのアカデミーに加入。高校は日体大柏高校に通った。柏レイソルユースでは吉田達磨の指導の下、後にプロ入りする酒井宏樹、指宿洋史、仙石廉、武富孝介、山﨑正登、比嘉厚平、島川俊郎、畑田真輝らと共にプレー。地中海国際サッカートーナメント、ビジャレアル国際ユースサッカー大会といった海外遠征を経験し、第32回日本クラブユースサッカー選手権では決勝まで勝ち進み、工藤自らも大会得点王に輝いた。

2009年（平成21年）、酒井、仙石、武富、山崎、比嘉と共にトップチームへ昇格。U-10世代から9年間一貫して下部組織に所属した選手の昇格は、柳澤隼に次いでクラブ史上2人目であった。同年10月7日、J1第29節・FC東京戦で公式戦初出場を果たす。
2010年（平成22年）3月21日、J2第3節・アビスパ福岡戦で公式戦初得点を記録。同年、U-21日本代表に選出され、広州アジア競技大会で金メダルを獲得した。リーグ戦では計10得点を記録し、工藤が得点を挙げた試合では不敗だった（8試合7勝1分）。
チームがJ1へ復帰した2011年（平成23年）は、序盤こそ北嶋秀朗、田中順也ら好調なフォワード陣の陰に隠れたが、シーズン後半戦から出場機会を増やし、リーグ戦計7得点を記録。Jリーグ史上初となる昇格初年度でのJ1優勝に貢献した。2011 FIFAクラブワールドカップでも3試合に出場し、オークランド・シティFC戦で得点を挙げた。
2012年（平成24年）、U-23日本代表としてロンドン五輪アジア最終予選・バーレーン戦に招集されたが、工藤の出場機会はなく、五輪代表メンバーにも選出されなかった。一方、クラブではエースとしての地位を築き、J1第19節・セレッソ大阪戦でハットトリックを達成するなど、チームトップのリーグ戦計13得点を挙げる活躍を見せた。第92回天皇杯でも準々決勝大宮アルディージャ戦、準決勝横浜F・マリノス戦と立て続けに決勝点を挙げ、決勝のガンバ大阪戦では累積警告のため出場停止となったが、クラブ37年ぶりの天皇杯優勝に大きく貢献した。
2013年（平成25年）、自ら直訴する形で北嶋秀朗の背番号「9」を受け継いだ。先制点を挙げたJ1第12節・セレッソ大阪戦で逆転負けを喫し、デビュー以来続いていたリーグ戦の「不敗神話」記録は28試合でストップしたが、リーグ中断期間を前に12試合8得点（ACLを含め20試合13得点）と開幕から好調なパフォーマンスを続け、同年5月23日、日本代表に初選出された。7月21日、東アジアカップ2013中国戦で国際Aマッチ初出場。後半16分に初得点を記録した。同大会では全3試合に出場し、日本代表の初優勝に貢献した。リーグ戦、国内カップ戦、ACLを並行して戦い、代表戦を含めた総出場時間は9月の時点で既に前年を上回るという過酷なスケジュールを強いられる中、各大会でゴールを量産。ヤマザキナビスコカップ決勝・浦和レッズ戦では、自らの決勝点によりクラブを優勝へ導き、大会MVPに選出された。リーグ戦でも累積警告による出場停止1試合を除く全33試合に出場し、得点ランキング5位タイの19得点を記録（カップ戦、代表戦を含めると、56試合出場29得点）。これにより、北嶋が保持していたクラブ日本人最多得点記録（18得点）を更新した。
2014年（平成26年）、チーム編成の事情から右サイドでプレーすることが多く、守備の負担が増えたため、リーグ戦の得点は前年の半分以下となる7得点に留まった。終盤戦は先発から外れる機会もあったものの、自身初となるリーグ戦全試合出場と、同年のJリーグフェアプレー個人賞受賞を果たした。
2015年（平成27年）7月19日、J1 2ndステージ第3節・川崎フロンターレ戦でJ1通算53得点目のゴールを決め、北嶋秀朗を上回りクラブの歴代最多得点者となった。

2015年12月29日、メジャーリーグサッカーのバンクーバー・ホワイトキャップスに完全移籍することが発表された。5月9日、第10節・ポートランド・ティンバーズ戦で移籍後初得点をあげて、MLSの公式ホームページで「チーム・オブ・ザ・ウィーク」に選出された。だが5月11日に行われたシカゴ・ファイアーFC戦で、相手GKと交錯して顎の骨を折る重傷を負い、2か月間離脱。年間成績は17試合2得点だった。

2017年（平成29年）より、サンフレッチェ広島へ完全移籍。背番号はJリーグ規定で最大の番号である「50」。4月7日、第6節・ガンバ大阪戦では得点を決めてチームの初勝利に貢献したものの、このシーズンは18試合3得点と不振にあえぐ。翌年は背番号を「9」に替え、心機一転臨んだが、前年よりさらに少ない12試合1得点にとどまった。

2019年、レノファ山口FCに期限付き移籍。27試合4得点と結果を残せず1年で期限付き移籍期間満了を迎え、広島からは今後の移籍先について契約交渉中である事が発表された。

山口退団後はオーストリア2部のSKアウストリア・クラーゲンフルト、ポーランド2部のザグウェンビエ・ソスノビエツ のトライアルに参加するも不合格。2020年7月のインタビューではドイツ4部、チェコ2部のクラブの練習に参加したが不合格となった事を明かした。
その後は現役続行を念頭に 母校である日本体育大学柏高等学校の練習に参加。
2020年（令和2年）12月10日、ブリスベン・ロアーFCへの入団が発表された。しかし、加入半年で14試合1ゴール、先発出場はわずか3試合に留まり、2021年8月7日に双方合意の下に契約を解除。

2022年（令和4年）、J3リーグに所属するテゲバジャーロ宮崎へ加入。
開幕戦から先発出場し、第2節・ギラヴァンツ北九州戦、第3節・SC相模原戦にて移籍後初得点を含む2試合連続得点を記録。第5節まで先発出場を続けた後、一時ベンチ外となったが第10節・福島ユナイテッドFC戦からは再び出場機会を得て、9月25日の第26節・FC今治戦までリーグ戦16試合連続出場し、その内2試合を除いて全て先発出場であった。",j_club_academy,
6258,平林 輝良寛,Kiyohiro HIRABAYASHI,phase1_youth_vs_univ,2004,university,university,youth_promotion_vs_university_ambiguous,"名古屋グランパスエイトユース出身。2001年にトリニダード・トバゴで開催されたU-17世界選手権に出場したU-17日本代表に矢野貴章・藤本淳吾らとともに選出されている。
2003年に名古屋のトップチームに昇格する（同期に深津康太ほか）も思うように出場機会に恵まれず、2006年9月にサガン鳥栖に期限付き移籍。2007年には日本フットボールリーグ (JFL)・FC刈谷に完全移籍してエースとして活躍したが、2008年オフに契約更新できず退団となってしまう。
所属先が決まらぬ状態で地元名古屋に本拠地を置くフットサルクラブ・名古屋オーシャンズ（Fリーグ）から声がかかり、練習生として参加。2008年からの3年間で、最終的にはプロ契約にまでこぎつけた。
2011年からはアウトドアに復帰し、JFL・ツエーゲン金沢を経て2013年に中国サッカーリーグ・レノファ山口FCに移籍、同年の日本フットボールリーグ昇格に貢献した。2014年も主力として活躍し、同年のJ3リーグ昇格に貢献するとともに、個人的にも9年ぶりのJリーグ復帰となった。2015年シーズン最終戦・ガイナーレ鳥取戦（とりぎんバードスタジアム）では、後半アディショナルタイムに途中出場し、クラブのJ3優勝・J2リーグ昇格を決める同点ゴールを挙げた。
2016年12月2日、シーズン終了後の契約満了による退団が発表された。
2017年3月31日、現役を引退し名古屋グランパスのスクールコーチに就任することが発表された。
2020年より、東海学生リーグ2部所属の愛知淑徳大学男子サッカー部監督（ヘッドコーチ）に就任した。",j_club_academy,
7068,後藤 圭太,Keita GOTO,phase1_youth_vs_univ,,university,university,youth_promotion_vs_university_ambiguous,"2005年、鹿島アントラーズユースからトップチームに昇格した。ユース時代の同期には野本泰崇、吉澤佑哉らがいる。鹿島在籍時、センターバックのポジションには岩政大樹、大岩剛、伊野波雅彦らがおり、ベンチ入りを果たした試合はあったもののリーグ戦の出場はかなわなかった。2009年シーズン終了後、ファジアーノ岡山に移籍した。2015年、松本山雅FCへ完全移籍。2017年シーズン終了後に岡山へ完全移籍し、4シーズンぶりの復帰となった。
2020年11月30日、契約満了による退団が発表された。
2021年、SC相模原へ加入した。2021年12月8日、契約満了による退団が発表された。
2022年シーズンより、JFLのFCティアモ枚方へ加入した。
2022年10月31日、現役引退を発表。
2022年11月18日、2023年度より大阪信愛学院大学のサッカー部監督に就任を発表。
2024年9月9日、タイ・リーグ3のカスタムズ・ユナイテッドFCの監督に就任した。
2025年1月24日、関西サッカーリーグ1部のVELAGO生駒の監督に就任。同年4月9日には選手兼任監督として現役に復帰した。2026年より監督は高木和道が就任した。
2026年、飛鳥FC監督に就任。",j_club_academy,
15908,志知 孝明,SHICHI Takaaki,phase1_youth_vs_univ,,university,university,youth_promotion_vs_university_ambiguous,"

高校時代、FC岐阜U-18立ち上げ時の1期生として入団。3年次にはトップチーム昇格に近づいたが、身体の線の細さを理由にプロ入りの夢は叶わなかった。
高校卒業後は、他クラブの監督の推薦もあり、東海学園大学へ進学した。大学2年次から松本山雅FCの強化スタッフが注目し、2015年2月に静岡市で行われたキャンプに練習参加
。同年4月に2016年シーズンからの松本への加入内定が発表された。

2015年5月、松本の特別指定選手に承認され、同月20日のヤマザキナビスコカップ予選リーグ第5節の湘南ベルマーレ戦で公式戦デビューを果たした。
2016年より、松本山雅FCへ正式に加入。プロ1年目は公式戦出場はなかったが、2年目の2017年2月26日、開幕戦の横浜FCでJリーグ初出場した。

2017年7月13日、福島ユナイテッドFCへ期限付き移籍する事が発表された。

2018年12月、2019年シーズンより水戸ホーリーホックに完全移籍で加入することが発表された。なお、松本時代は攻撃的MFとしてプレーしていたが、水戸移籍に伴いSBにコンバートしている。
2019年3月17日、ホームで行われたジェフユナイテッド市原・千葉戦において、得意の左足を振り抜きJリーグ初得点を挙げた。試合終了間際の劇的な同点弾であったが、チームは引き分けに終わったためか、険しい表情でピッチを後にするストイックな姿が話題となった。また、同年7月7日と13日にもそれぞれ1得点を挙げチームに貢献。7月7日午後7時キックオフゲームでの得点、13日は77分台での得点(記録上は78分)と、名前の志知(7)、背番号7も重なりこの週は水戸にとってまさに志知ウィークとなった。

2020年シーズンよりJ1昇格を果たした横浜FCに完全移籍で加入することが発表された。

2021年1月2日、アビスパ福岡に完全移籍で加入することが発表された。

2023年、サンフレッチェ広島に完全移籍。背番号は「16」。

2025年、アビスパ福岡に期限付き移籍で加入。背番号は「77」。

2026年、レンタル移籍のアビスパ福岡を契約満了によりサンフレッチェ広島に復帰。",,
6693,李 忠成,Tadanari LEE,phase1_youth_vs_univ,2005,university,university,youth_promotion_vs_university_ambiguous,"

碧珍李氏の韓国籍の在日韓国人4世として生まれる。
名前はゴルファーの高橋勝成と陳志忠に由来する。韓国語名はイ・チュンソン（이충성、Lee Chung-Sung）。実家は西東京市田無で焼肉店を経営。経営者である父、李鉄泰（イ・チョルテ）も、かつて横浜トライスターSCでプレーしたサッカー選手（センターバック）という経歴を持つ。また、元サッカー北朝鮮代表の金鍾成は叔従父にあたる。韓国籍であったが、2007年に日本に帰化している。
4歳の時にサッカーを始める。東京朝鮮第九初級学校に在学し、地元・こみねFCに在籍。小学5年生で横河電機（現：東京武蔵野シティFC）ジュニアユースのセレクションに合格したため、6年生から同チームの練習に参加するようになる。練習生として出場したFC東京U-15との練習試合で活躍し、相手監督の柴田峡から勧誘を受けたが、地元の田無から江東区のFC東京深川グランドに通う負担を考え、中学時代は横河電機ジュニアユースでプレーした。
2001年、東京都立田無高等学校に入学と同時にFC東京U-18に加入。在籍時の3年連続で国体東京都選抜に選ばれ、2001年にはクラブユース選手権優勝、高円宮杯およびJユースカップ準優勝に貢献した。2002年、関東サッカーリーグ得点王に輝き、2003年にはプリンスリーグの優秀選手に選出された。

2004年、トップチームに昇格。この時、父・鉄泰はクラブから日本帰化の意思を問われていたが、忠成が成人して自身の意思で帰化の有無を決められるようになることを待つべきとの判断から、これを留保している。
同年に朴成華が指揮するU-19韓国代表候補に選ばれトレーニングキャンプに参加する。この際、在日韓国人をさげすむ「パン（半）チョッパリ」（半分日本人）という悪口まで耳にし、祖国での冷たい扱いにショックを受けた。プロ1年目となるFC東京では出場機会を得られず、何も通用しなかったと感じたため3年契約を結んでいたがシーズン終盤に自ら強化部長に「僕サッカー辞めます」と退団を志望した。一度サッカー選手を辞め、人間性を成長させるために大学へ行ってからもう一度プロに挑戦しようと決めて勉強を始めていたが、練習試合で対戦した柏レイソルのGMから直接誘いを受けたため環境を変えて選手を続ける決意をした。

2005年に柏レイソルへ完全移籍。同年に柏はJ2へ降格するが、主力選手の多くが退団したこともあり、2006年にはレギュラーに定着し、プロA契約を締結。2006年から柏で付けていた背番号20番は、元韓国代表および元柏の洪明甫が付けていた番号で、李自身や柏にとって特別な番号として捉えていた。
同2006年、「大舞台で得点し、世界に在日韓国人の可能性をアピールしたい」と日本代表入りを希望。U-22日本代表監督反町康治からの勧誘もあって日本への帰化を決意し、2006年9月22日に申請し2007年2月9日に認められた。
日本名は通名の大山忠成あるいは橋本忠成も考えていたが「韓国姓を隠す必要がないことを示したい」との理由から、李忠成とした。また自身は「五輪がなければ国籍変更していない」 とも語っている。日本に帰化をしようとしたら親戚から猛反対され迷っていたが、母親から「思いを貫け」と言われたことで帰化を決意した。6日後の2月15日に、北京オリンピックアジア予選に臨むU-22日本代表メンバーに追加招集された。
J1復帰を果たした2007年には、FWフランサとの好連携から10得点を挙げ、柏のエース格となる。2008年には北京オリンピック本大会に日本代表として出場を果たしものの、柏では北京五輪出場など過密日程からくる疲労に負傷も重なり、4得点に終わる。2009年、試合にこそコンスタントに出場するものの、ネルシーニョへの監督交代後はベンチ入りもままならなかった。

移籍期限が迫る2009年8月26日、怪我人などで前線の駒不足に陥っていたサンフレッチェ広島F.Cへ完全移籍した。移籍金は3,000万円（推定）。広島移籍は「広島のサッカーが好き」という理由と、Jリーグ草創期の小学校低学年で""血""を強く意識し憧れた盧廷潤が在籍したチームということもあるという。背番号は広島でも20番を希望したが、すでに使用されていたため、かつて盧が付けていた9番を選んだ。しかし、広島移籍後は佐藤寿人の前にほとんどが途中出場で、得点を挙げられなかった。
翌2010年4月13日ACL2010山東魯能戦において広島での公式戦初得点を挙げるものの、その後一時はベンチ入りさえままならなかった。同年9月、佐藤及び山崎雅人の怪我による離脱に伴い先発メンバーに抜擢されると、リーグ戦5試合連続得点をマークするなどシーズン終了までリーグ戦12試合で11得点、また同年のナビスコカップ決勝戦においてもチームは敗れたが得点を挙げるなどゴールを量産した。
同年オフ、AFCアジアカップ2011に臨む日本代表に初選出。2011年1月9日のグループリーグ第1戦ヨルダン戦の後半開始から途中出場で国際Aマッチ初出場を果たした。1月29日の決勝戦オーストラリア戦では、延長前半9分から途中出場し、0対0で迎えた同後半4分に長友佑都からのクロスをボレーシュートで合わせ代表初ゴールを挙げる。これが決勝点となり、日本代表は同大会で史上最多となる通算4度目の優勝を成し遂げた。2011年のリーグ戦でも好調を維持し、リーグ3位タイの15得点を挙げ優秀選手賞を受賞。

2012年1月25日、イングランド2部・フットボールリーグ・チャンピオンシップのサウサンプトンFCへ完全移籍。1月31日、ホームでのカーディフ・シティFC戦でリーグ戦初出場を果たした。2月18日、ダービー・カウンティFC戦で移籍後初得点を決めた。その後もアシストを記録するなど首位争いを続けるチームに貢献していたが、3月末に右足靱帯損傷により全治4〜6か月と診断された。5月、クラブの年間表彰式でダービー戦の移籍後初得点が年間最優秀ゴール賞に選出された。
2012-13シーズン、チームがプレミアリーグに昇格するも、李を高評価していたナイジェル・アドキンス監督が退任したこともあってリーグ戦では全く出場できず、カップ戦のみに出場に留まった。後に本人が語ったところでは、靭帯損傷から復帰した後もトップチームはおろかユースチームの練習にも参加させてもらえず、チームからはグラウンドの使用許可すら出ず「そのへんの公園で（チーム構想から溢れた）数人での練習を指示された」といい、そのような待遇を「選手の方から（チームを）辞めさせる手段」だと振り返っている。

2013年2月、FC東京への期限付き移籍が発表された。U-18でも背負ったFC東京のエースナンバー「11」を背負い、監督のランコ・ポポヴィッチからは能力を高く評価されていたものの、怪我明けで完調までには時間が必要であるという判断から、先発レギュラーには据えられず、途中交代での出場機会が主となった。徐々にチームにフィットし、FC東京からは完全移籍を打診されたが、短期契約の中で結果を求めていた李にとっては、ポポヴィッチの起用法は不完全燃焼となるもので、この打診を固辞。同年6月、期限付き移籍期間満了による退団が発表された。

2013年9月に発表されたクラブのプレミアリーグ2013-14シーズンのメンバーに登録された。だが前シーズン同様カップ戦のみの出場に終わり、2014年1月に契約が解除された。

2014年1月、得点力を買われ、浦和レッズへ完全移籍。同年はターゲット役としてチーム最多の敵陣空中戦数を記録した。同年発生した差別横断幕事件には浦和退団を考えるほどの大きなショックを受けたが、浦和レッズが「結果的に（李を退団に追いやるという）差別を許してしまったクラブ」という目で見られてしまうのではないかという憂慮から、残留を決めた。
2015年は中々コンディションが整わなかったが、同年末の第95回天皇杯全日本サッカー選手権大会では運動量豊富にチャンスに絡み4回戦、準々決勝、準決勝と3戦連続得点し9年ぶりの決勝進出に貢献した。
2016年は開幕から好調を維持し、4月には猛烈なプレッシングとチームを勢いづかせるゴールが認められ、同月度の月間MVPを受賞。自身の希望するセンターフォワードでプレーできないもどかしさを抱えながらも、通年では5年ぶりにリーグ戦での2桁得点を達成。また、同年のJリーグカップ決勝・ガンバ大阪戦では途中出場から同点のヘディングシュートを決め、PK戦で勝利。大会MVPを受賞した。

2018年12月27日、横浜F・マリノスへ完全移籍。しかしエリキやエジガル・ジュニオなど外国人FWの壁は高く、シーズン通して出場は途中出場10試合に留まった。

2019年12月29日、京都サンガF.C.へ完全移籍。

2021年12月28日、アルビレックス新潟シンガポールへ完全移籍。移籍1年目からリーグ戦22試合に出場、10得点をあげた。
2023年9月14日、今季限りでの現役引退を発表し「いつも誰かに支えられて本当に素晴らしいサッカー人生を送ることができました」とコメントを残した。",j_club_academy,
7617,柳川 雅樹,Masaki YANAGAWA,phase1_youth_vs_univ,,university,university,youth_promotion_vs_university_ambiguous,"三田市内の弥生FCでサッカーをはじめ、ヴィッセル神戸のジュニアユース及びユースに所属した。
ユース1、2年時はFWをしていたりとレギュラーではなかったが、3年時に木山隆之がユースの監督に就任するとCBとしてレギュラーに定着する。3年時の夏休み期間中、ユースの選手数名がトライアルも兼ねてトップチームの練習に参加していたが、そのメンバーには入っていなかった。その後のJサテライトリーグの試合を見た、トップチーム監督のパベル・ジェハークから評価され、逆転でのトップチーム昇格を果たす。
Jユースサハラカップ2005では紀氏隆秀らと共に準優勝という結果を残す。この大会での活躍が認められ、青木孝太、長沢駿、佐野克彦らとU-19日本代表に初招集される。
2006年1月に行われたU-19カタール国際ユースにU-19日本代表として参加後、ヴィッセル神戸に新設されたU-23で活動予定であったが、スチュワート・バクスター監督から見てみたいという要望がありトップチームのグアムキャンプに参加する。
バクスター監督の下、チーム史上初めて高卒新人開幕スタメンを果たし、2006年5月A契約締結条件をクリアし、チーム史上最速でA契約を締結する。
U-19日本代表としてAFCユース選手権2006に出場していたが、J1昇格争いをしていた神戸からの要望によりU-20ワールドカップ出場権獲得(ベスト4進出)が決まると、代表チームを離れ、神戸に戻ることになった。
翌2007年7月にはU-20日本代表として2007 FIFA U-20ワールドカップに出場した。ユース代表合宿中のルームメイトは同郷出身の香川真司で、よくマリオカートやトランプをしていて、勝つまで終わりにしない香川は負けず嫌いで、アジア予選に恋愛小説・恋空を持ってきていたことに一番驚いたと話していた。
2009年7月7日、神戸市在住の女性と入籍したことを自身のブログで明らかにした。
2010年は、ヴァンフォーレ甲府へ期限付き移籍。
2011年、神戸に復帰したが、2011年7月にザスパ草津へ期限付き移籍。同年11月30日、神戸との契約が満了となった。
2012年より栃木SCに完全移籍した。
2013年、ガイナーレ鳥取へ完全移籍。2014年シーズン終了後、契約満了により鳥取を退団。
2015年、フィリピン・ユナイテッド・フットボールリーグのグローバルFCへ完全移籍。同リーグでは初めてJリーグクラブから直接の移籍選手となる。ヴィッセル神戸在籍時から親交のあった鈴木規郎と6年ぶりに、同じクラブに所属した。AFCカップ2015に出場。
2016年、同リーグの日系クラブ、JPVマリキナFCへ完全移籍。キャプテン兼コーチ、広報担当として幅広く仕事をこなし、1部リーグ初挑戦であった同クラブのリーグ戦4位に貢献する。この年のリーグ、Best Defenderに選出される。
怪我により2018年2月に現役を引退し、サッカー選手のマネジメント会社を設立した。
2019年、当時関西学生リーグ2部に所属していた甲南大学サッカー部の監督に就任。自らの経験と、心理学をベースにしたモチベーションコントロール術、フィリピン時代に養ったチームマネジメントを駆使してチームを改革し、2019年シーズンに1部昇格を果たし、翌年は総理大臣杯の代替大会である全国大会「#atarimaeni CUP」では関西勢唯一のベスト8入りに導いた。
2023年12月28日、ジェイリースFCの監督に就任した",j_club_academy,
7800,梅崎 司,Tsukasa UMESAKI,phase1_youth_vs_univ,2005,university,university,youth_promotion_vs_university_ambiguous,"

大分トリニータU-18から2005年にトップチームへ昇格。2006年途中からレギュラーに定着した。同年8月31日、アジアカップ2007の最終予選に向けたA代表メンバーに、当時のチームメイトであった西川周作と共に選出された。これによりクラブ初のA代表選手となると、9月6日に行われたイエメン戦で交代出場し、代表初出場を記録した。

2007年1月26日にフランス2部のグルノーブル・フット38へ期限付き移籍。完全移籍のオプションもあったが行使されず、同年6月末の契約期間満了を前倒しして大分に復帰。同年12月26日、浦和レッズへの完全移籍が発表された。

浦和移籍初年度となった2008年は、鋭いドリブルと思い切りの良いシュートを武器に序盤戦はチームの攻撃を牽引していたが、フリーにポジションを取って自由にプレーすることを好む梅崎に反し、一部の選手を除いてリスクを冒してまで選手が自由に動くことを好まなかった当時の監督、ゲルト・エンゲルスの方針に合わず、中盤戦以降出場機会を失っていった。
2009年、前年まで背番号7を付け、不調に陥っていたFW高原直泰がなじみある背番号19への変更を希望したため、翌年からその背番号7をつけることになった。
この年から監督に就任したフォルカー・フィンケから大きな期待を受け、キャンプでは練習試合で積極的に起用されていたが、開幕目前の3月に腰痛を患い手術を受けた。長いリハビリを経て同年8月15日に復帰し出場機会を増やしていったが、同年11月17日のトレーニング中に右膝を故障してしまい、検査の結果、右膝前十字靭帯損傷と診断 され、以降全ての公式戦に欠場した。
2010年、夏頃の復帰を目指しリハビリに励む毎日を送っていたが、ワールドカップによる中断期間直前辺りにトレーニングに完全合流し、オーストリアキャンプにも帯同、練習試合にも出場出来るほど回復したが、8月1日に行われた国際武道大学との練習試合に出場した際に再び右膝を痛めてしまう。後日、右膝半月板損傷と診断され、半月板の部分切除手術を行い再度離脱したが、10月1日にチームの全体練習に合流し、翌10月2日に行われたJリーグ第25節、対大宮アルディージャ戦で出場はなかったものの、約10ヶ月振りの公式戦ベンチ入りを果たした。そして10月23日、第27節のジュビロ磐田戦で後半32分からの途中交代で、約1年ぶりに試合復帰。しかしこの後は再び細い故障を繰り返した影響もあり、この年の公式戦試合出場はこの試合と次節のモンテディオ山形戦の2試合にとどまった。
2011年、練習試合でゴールを量産し復調をアピールしていたものの、公式戦ではベンチ入りメンバーにすら入れない状態がシーズン終盤まで続いていた。そういった中で監督がゼリコ・ペトロヴィッチから堀孝史に交代すると、以降は右サイドの攻撃的なポジションのレギュラーの座を獲得、10月22日に行われた第30節、対横浜F・マリノス戦では決勝ゴールを挙げるなどの活躍を見せ、チームのJ1残留に貢献した。
2012年、移籍後初の開幕スタメンを勝ち取り、その後は左ウイングバックでスタメン定着を果たした。また2シャドーの柏木陽介、マルシオ・リシャルデスが出場出来ない試合は、2シャドーにスライド出場している。同年12月20日に自身の所属事務所のサイトを通して川上璃子との入籍を報告した。
2016年、AFCチャンピオンズリーグはグループステージに全試合スタメン出場し2007年以来の予選突破に貢献したものの武藤雄樹、駒井善成の加入、関根貴大のスタメン定着がありリーグ戦はベンチ入りが続くが途中出場ながらコンスタントに出場していた。Jリーグカップ・ノックアウトステージ 準々決勝第1戦 ヴィッセル神戸戦に左ウイングバックでスタメン出場するがアディショナルタイムに藤田直之と接触し負傷、左膝前十字靭帯損傷と診断された。

2018年より湘南ベルマーレに完全移籍で加入。6月3日、Jリーグカップ・POステージ第1戦のベガルタ仙台戦ではプロ入り後初の1試合2得点を記録し勝利に貢献した。8月31日、第25節のV・ファーレン長崎戦では地元に凱旋し、約2年ぶりとなるリーグ戦での得点をマークした。11月24日、第33節の浦和レッズ戦では古巣相手に先制点を決めて、残留に向けて貴重な勝ち点3獲得に貢献した。
2020年はシーズン開幕後の公式戦2試合に連続出場をするも、リーグ中断中の6月に全治3か月の左膝内側半月板損傷によりチームから離脱。その後は怪我から回復した後も試合に中々絡めず第32節・浦和レッズ戦に途中出場したのみであった。この時期を後に振り返った梅崎は「正直モチベーションが上がらない日々も続きましたし、現役引退もチラついた」と語っている。翌2021年も出場機会は限られたが、トレーニングやカップ戦への出場を通して「もっともっと試合に出て、活躍したい」とコンディション・気持ちを高めていった。

2021年7月17日、大分トリニータへの完全移籍が発表された。2007年以来、実に13年半ぶりの古巣復帰となったが、同年は4試合の出場にとどまり、チームもJ2降格となった。
2022年は自身初のJ2でのプレーとなったが、同年初の出場機会となったルヴァン杯グループステージ第1節・ガンバ大阪戦にて負傷し、リハビリ生活を強いられた。復帰後は途中出場を経てコンディションを上げ、8月にはスタメンに定着を果たし3年ぶりにリーグ戦20試合以上に出場した。
2023年、背番号をU-20代表や浦和でも着用した7番に変更。更には選手・スタッフ・フロントによる投票により、アカデミー出身者としては初となる大分のキャプテンを1年間務めた。
2024年はキャプテンの座を渡邉新太に譲り、副キャプテンとなった。第5節・ロアッソ熊本戦にて決勝点となるPKを決め勝利に貢献したが、その後は例年以上に負傷に悩まされ、前年から大きく出場機会を減らした。同シーズンを以ての契約満了をクラブから通知された直後は現役続行の意思も持っていたが、知人達への相談を経て心境が変化 11月11日に現役引退が発表された。

2025年、湘南時代に指導を受けた曺貴裁が指揮を執る京都サンガF.C.のトップチームコーチに就任。
2026年7月、浦和レッズのトップチームコーチに就任。",j_club_academy,
8504,横竹 翔,Tsubasa YOKOTAKE,phase1_youth_vs_univ,,university,university,youth_promotion_vs_university_ambiguous,"平繁龍一以来2人目となる、サンフレッチェ広島ジュニア、ジュニアユース、ユースを経てトップチームに昇格した生え抜きプレーヤー。小学生チームのコーチを務める父の影響もあり、子どものころからサッカー一筋。小学1年生のころにサンフレッチェ府中サッカースクールに参加したのが縁。
ジュニア時代から平繁と2トップを組み活躍。2000年にはDF・GK登録で全日本少年サッカー大会出場。全日本少年フットサル大会には2年連続で出場し2000年準優勝に貢献、2001年には大会優秀選手に選ばれる。ジュニアユース時代にはFWとして2003年ナイキプレミアカップジャパン優勝に貢献、マンチェスター・ユナイテッド・プレミアカップに出場している。2004年、中学3年時から既にユースに合流し、全広島サッカー選手権大会決勝では中学生ながら大学生相手にゴールを決め、同年Jユースカップにも出場している。
2005年、正式にユースに昇格。1年次からFWとしてレギュラーを掴み同年JFAプリンスリーグU-18中国で得点王になるも、怪我人が続出したためCBにコンバートされると槙野智章とのCBコンビで同年の高円宮杯ベスト4に貢献。2年次にはFWとして高円宮杯得点王、同年にはMFとしてJユースカップ優勝に貢献。3年次にはMFとしてエースとしてチームを牽引、高円宮杯準優勝に貢献した。
2008年、トップ昇格。2年目の2009年、春のキャンプで評価を上げ、同年4月4日対ガンバ大阪戦で公式戦デビューを飾る。以降、CBおよびボランチとして出場機会を増やした。
2012年2月7日、春のキャンプ中に動悸と息切れを起こしたことから精密検査を行い、不整脈（心房細動）が発見された。同年2月13日にカテーテル手術を受け、翌14日に退院し、同月18日から医師の了解のもとチームに帯同しリハビリを開始した。同年3月15日、全体練習に復帰し、同月18日練習試合に出場している。同年6月6日に公式戦出場を果たした。以降リーグ戦ではベンチ入りはしていたものの試合出場が叶わなかった。
2013年、MF・DFができる器用さを評価されガイナーレ鳥取へ期限付き移籍した。序盤はキャプテンに任命され中心選手として活躍するも、小村徳男の監督解任および前田浩二の監督就任以降、チーム混迷とともにキャプテンを剥奪される。同年末、広島側からの契約満了に伴い鳥取へ完全移籍した。2014年はリーグ戦10試合出場に終わり同年シーズン終了後、契約満了により鳥取を退団。
2015年、アイゴッソ高知へ移籍。その後2016年に高知UトラスターFCとの合併で設立された高知ユナイテッドSCに在籍。
2016年から高知ユナイテッドでキャプテンを務め、翌2017年には背番号を10に変更。2023年まで背番号10とキャプテンを務めていたが、2024シーズンは背番号10を佐々木敦河、キャプテンを小林大智に譲り、自身は背番号22を背負った。
高知ユナイテッドSCのJリーグ入会を実現させて、2024年12月29日に現役引退を発表した。
2025年、徳島ヴォルティスユースのコーチに就任。",j_club_academy,
8352,横野 純貴,Junki YOKONO,phase1_youth_vs_univ,2008,university,university,youth_promotion_vs_university_ambiguous,"

小学3年生時に母親に連れられコンサドーレ札幌の試合を観戦したのをきっかけにサッカーを始める。小学6年生時にコンサドーレU-15のセレクションを受けるも落選。中学生時代は江別のユニオンジュニアユースFCでプレーした。
コンサドーレU-18のセレクションでは合格を果たし2005年より加入する。その後トップチームの練習にも参加するようになり高校3年生時にはU-18日本代表に選出された。2007年12月12日、U-18出身者としては初の大型フォワードとして2008年以降のトップチーム昇格が発表された。

プロ入り後は、同期加入で同じく高卒新人の宮澤裕樹が1年目でゴールを挙げ、その後もコンスタントに活躍する一方、自身は3年目までに出場機会には恵まれつつもノーゴールに終わった。
2010年9月19日、J2第26節鳥栖戦（札幌厚別公園競技場）で初の先発出場を果たした。
2011年、プロ4年目となるシーズンはプロ初ゴールを含めシーズンを通して公式戦5ゴールを挙げる飛躍の年となった。中でも、プロ初ゴールを挙げた6月19日のJ2第17節岐阜戦では、試合後のヒーローインタビューを受け積年の想いを堪え切れずに涙した。同年J2第20節7月9日の愛媛戦では、同期の宮澤裕樹との連携から決勝点となる自身のホーム初ゴールを含む2ゴールを挙げ、試合後のヒーローインタビューでは「札幌のエースストライカーになろうと思います」と宣言しサポーターを沸かせた。
2012年は、前年の活躍もあり期待されたものの前田俊介、大島秀夫らの加入もあってポジション争いが激化し出場機会には恵まれず。シーズン途中にツエーゲン金沢へ期限付き移籍を経験した。同年オフにはクラブにサッカー留学を直訴した荒野拓馬と共にブラジルへ短期留学を経験した。
2013年はコンサドーレ札幌に復帰。前年まで中山雅史が背負っていた背番号9を背負うことが決まった。1月30日、自身のブログでタレントの辻田沙織との入籍を発表した。8月21日午前に長女が誕生。同日夜に開催されたJ2第30節愛媛戦では、自身が登録メンバーを外れ不在の中、前田俊介がゴールを挙げた直後のゴールパフォーマンスで、控え選手も交えた多くの選手がゆりかごダンスを披露し祝福した。その後9月7日の天皇杯2回戦北海道教育大学岩見沢校戦では自身がゴールを挙げた直後に1人でゆりかごダンスを披露した。2014年11月27日に契約満了が発表された。
2014年、自ら志願してタイ・ディヴィジョン1リーグ（タイ2部）のコーンケンFCへ期限付き移籍。
同年に札幌との契約が満了すると、以降は福島ユナイテッドFC、バンコクFC、ラインメール青森FC、奈良クラブと1年ごとの在籍が続いた。
2019年、FC大阪に完全移籍すると、2021年までプレーを続けた。
2022年、北海道サッカーリーグの北海道十勝スカイアースに移籍。2023年11月11日、クラブから現役を引退することが発表された。

古巣札幌の運営会社である株式会社コンサドーレに入社。",j_club_academy,
2546,橋本 英郎,Hideo HASHIMOTO,phase1_youth_vs_univ,1999,university,university,youth_promotion_vs_university_ambiguous,"

3人きょうだいの末っ子として生まれ、6歳年上の兄がサッカーをしていた影響で幼稚園の頃から公園で一緒にボールを蹴っていた。小学校1年から自身も地元の街クラブ・大阪スポーツマンクラブ（大阪SC）に入団してサッカーを始める。9番をつけた攻撃の選手で主将でもあり、チームではお山の大将だった。小学6年の時点で進学する中学にサッカー部がないことが分かっていたため、兄も中学時にプレーした釜本邦茂のチーム「釜本FC」に入ることにした。これが1991年冬の出来事で、Jリーグ創設準備期でもあったため、釜本FCはそのまま新たに創設されたプロクラブ・ガンバ大阪のジュニアユースとして活動することになった。この経緯から橋本は地元クラブ（練習は月2回、大阪市の大会で2回戦進出するかどうかの規模）からセレクションを経ずにガンバ大阪ジュニアユースの一員となった。

同期メンバーには稲本潤一を含めトレセン経歴を持つ選手や、全国大会に出場していたハイレベルな選手が多数おり、U-12日本代表選手も含まれていた。総勢100名以上だったガンバジュニアユースの中で地域選抜の経験もない選手だった橋本は技術的に最下位レベルからのスタートで、すぐに辞めたいと思ったと述べている。この段階で通用したのは走るスピードと負けず嫌いな気持ちのみで、実質的にボールタッチなど基礎技術や戦術を学んだのはこのジュニアユースからだった。今までのサッカーレベルとの差が大きかったため、一緒に加入した地元のサッカー仲間は数人がすぐに辞めてしまった。毎日辞めたいなと思いながら前向きではない気持ちで必死に周囲にくらい付いていくというつらい日々を送っていた。先に辞めてしまった地元の仲間数人から、「近所の長居公園で大人がやっている草サッカーに飛び込みで参加させてもらっていて、楽しい」という話を聞いた橋本はそれに混ぜてもらうようになり、やりたいように自由にプレーする機会を作った。ここではミスをしても周囲から文句を言われることもなく、ガンバ育成組織での練習によって自分が巧くなっているという気付きもあり、とても重要な場所だったと後に語っている。

高校のサッカー部に所属して冬の高校サッカー選手権に出てみたいという気持ちもあったが、ガンバ大阪ジュニアユースからガンバ大阪ユースに昇格する約20人の中に入ることが出来た。その一方で、ユースに上がると外部からさらにハイレベルな同年代選手も加わり、一層技術レベルが上昇することも予想していたため「またジュニアユース1年目の時と同じ苦労をする」とも感じ、ガンバユースではなく自宅から近いヤンマー（セレッソ大阪）のユースに行きたいという気持ちもあった。
1995年からのガンバユースでの日々では目標を「なみはや国体（1997年）に大阪代表として出場すること」と「大学（関関同立、可能であれば筑波・早稲田）の推薦をサッカーでもらって進学すること」に定め、プロ選手になれるという気持ちは全くなかったが、2年生の夏にユース選手から多めにトップチームへの2種登録をした中に入り、サテライトチームの練習に参加することはあった。ポジションはユース初期ではフォワード、2年はサイドハーフ、3年時はトップ下と経験し、技術が自分より勝る相手に真っ向勝負で勝てないならどうすればいいのかという相手との駆け引き、ポジショニング、ずる賢さを備えることが自分の生き残る道だと意識し始めた。

1998年にガンバ大阪トップチームに昇格。学業では府内でも有数の進学校である大阪府立天王寺高等学校から大阪市立大学経済学部に進み卒業している。ユース時代からの同期生には稲本潤一と新井場徹がいる。ユース在籍時からトップの公式戦に出ていた二人と違い、橋本は月給10万円の練習生契約でトップチームに加入した（同期入団の播戸竜二も練習生契約であった）。
1999年にトップチームのコーチだった堀井美晴から「ボジショニングを自分の最大の武器にしたらどうだ？」と助言を受け、戦術眼を磨き、自分の弱点を消すような良いポジショニング、不利にならないようなポジショニングをより意識するようになった。
稲本がアーセナルFCに移籍した2001年ごろから西野朗監督により右ウイングバックやボランチとして起用され出場機会を増やし、2005年にはレギュラーに定着してクラブ初のリーグ優勝に貢献し、同年の日刊スポーツの評論家と担当記者によって選ばれる「ミスターGAMBA 黄金の脚賞」に選ばれた。2006年からG大阪に加入した明神智和とは激しいポジション争いを演じたが、ダブルボランチとして共存することもあり、試合中にボランチから左サイドバックや右サイドハーフにポジションチェンジを行うことができる柔軟性を発揮し、その後も主軸として活躍。
2007年には2月1日の日本代表候補トレーニングキャンプメンバーに選ばれ、3月19日には正式に代表に選出された。6月1日のモンテネグロ戦（キリンカップ）で、後半44分に鈴木啓太との交代でかつてのチームメイトである宮本恒靖、稲本潤一が背負っていた背番号5で途中出場し、代表初出場を果たした。
2008年にはFIFAクラブワールドカップ2008準決勝でヨーロッパ王者のマンチェスター・ユナイテッドとの試合に先発フル出場し、1ゴール1アシストの大活躍を見せた。2008年度の公式戦得点はこの1点のみであった。
2010年、J1でクラブタイ記録となるリーグ戦6試合連続ゴールを記録するなど、自己最多の8得点を決める活躍を見せた。なお、この連続ゴールでG大阪の公式応援番組『GAMBA TV〜青と黒〜』の年末特別企画『GAMBA TV アウォーズ』では、選手とサポーターが選ぶベストプレー賞を受賞し、2度目の「黄金の脚賞」を受賞した。
2011年は2月のキャンプ中に右膝前十字靭帯損傷という重傷を負ったことで、シーズン大半を棒に振り、8カ月後に復帰するも調子は安定せず、この年のリーグ戦出場はわずか4試合に留まった。そして、同年限りでジュニアユース時代から20年を過ごしたG大阪を退団した。
2012年、ヴィッセル神戸へ完全移籍。
J1開幕戦、古巣G大阪との対戦では勝ち越しゴールを決めた。この年は当初左サイドハーフ、後にボランチとして出場機会を得たが、低調なパフォーマンスに終始しチームもJ2に降格した。
2013年、神戸に残留し、自身初のJ2でのプレーとなった。ホーム開幕戦では終盤にセンターバックとして出場。
2014年12月9日、神戸との契約満了を発表した。
2015年、セレッソ大阪に移籍。
2016年7月、J3リーグのAC長野パルセイロに期限付き移籍。「現状、今のこのチームなら力を出せばJ1昇格は間違いなく出来ると思っています」というコメント通りセレッソはJ1に昇格した。
2017年、東京ヴェルディに加入。
2019年、FC今治へ完全移籍。2021年シーズンは開幕から出場を続けたが、同年9月12日の藤枝戦で右鎖骨を骨折して手術。復帰できないまま 同年12月3日、契約満了による退団が発表された。
2022年2月7日、おこしやす京都ACに選手兼ヘッドコーチとして加入した。
2023年1月19日、現役引退を発表した。

2023年9月にYoutubeチャンネル「HASHI-WATASHI」を開設した。
2026年より、ヴィッセル神戸のU-21監督兼トップチームアシスタントコーチに就任した。",j_club_academy,
9851,武藤 嘉紀,MUTO Yoshinori,phase1_youth_vs_univ,2013,university,university,youth_promotion_vs_university_ambiguous,"

3歳でバディスポーツ幼児園 に入園後、4歳でバディサッカークラブに入部し、本格的にサッカーを始める。世田谷区立松丘小学校へ入学。その後、小学校の6年間は同クラブで活躍し、6年生の時にはキャプテンを務める。
小学校4年時よりFC東京のスクールへも通い、2005年に世田谷区立桜丘中学校進学時から同クラブ下部組織に加入した。このときの同期には高木利弥（中学校も同じ）、上形洋介、江口貴俊、佐々木陽次、廣木雄磨、松藤正伸、三浦龍輝がいる。この頃から攻撃的MF（サイドハーフ）でプレーするようになった。2007年のU-15高円宮杯で全国大会得点ランキング2位に輝いたことなどが評価され、2008年よりU-15からU-18へ昇格。脚力とフィジカルの強さを買われ、U-18ではサイドバックでも起用された。攻撃的MFに戻った2010年（3年時）には パワーを活かした仕掛けを武器に エースとして活躍した。この年、2種登録選手としてトップチームに登録されている。翌年からのトップチーム昇格を打診されていたが、「今、プロの世界に飛び込んでもやっていけない」という判断のもと、大学進学を選択した。
2011年3月、慶應義塾高等学校卒業後、同年4月に慶應義塾大学経済学部へ進学し、サッカー部に所属。1年時から7試合で6得点というハイペースで得点を量産するも 試合中の接触により左膝半月板を損傷。目標としていた新人王及び得点王の獲得を逃した。復帰後はチームプレーに重きを置きつつも、要所で得点に絡み、同部での中心選手となった。2012年6月、ユース時代を過ごした古巣FC東京に特別指定選手として登録され 練習に参加した。2013年3月に行われたデンソーカップチャレンジサッカーでは、関東大学選抜Aとして出場し、2年生で唯一ベストイレブンに選出された。その活躍が認められて同月の全日本大学選抜に選出され、ドイツキャンプ及びデンソーカップサッカー日韓大学定期戦に参加した。同年7月、前年に続いてFC東京に特別指定選手として登録されると、同月6日のJ1第14節広島戦で途中出場し、Jリーグデビューを果たした。

2014年からFC東京へ正式に加入した。サッカー部監督の須田芳正からもプロ入りを後押しされ、内部進学であったことから3年次で円滑に退部することが出来、在学のままプロ契約を結んだ。
同年J1第1節の柏レイソル戦にて、FC東京の新人選手では2008年の長友佑都以来となるJリーグ開幕戦での先発出場 を果たし、3トップの左ウイングとして相手の守備網と互角の勝負を演じた。運動量 とスピードを活かし、2トップの一角やサイドハーフでの起用にも順応を見せた上、ドリブル突破による1対1での打開力 を発揮してJ1第21節浦和戦でシーズン7得点目を挙げ、クラブの新人最多得点記録を更新した。プレッシャーの高まりや疲労の蓄積、FW平山相太の負傷離脱によるポストプレーの負担の増加が重なり シーズン終盤には得点のペースを落としたが、J1第31節の名古屋グランパスエイト戦でのゴールにより、渡邉千真が持つリーグ新人最多記録の13得点に並んだ。同年12月、新人では小野伸二、中澤佑二に次いで15年ぶり史上3人目となるJリーグベストイレブン選出を果たした。
武藤の心身の消耗を憂慮していたFC東京GMの立石敬之から賛同を得られず、志望した冬季の海外移籍はならなかったが、2015年夏季の海外移籍を視野に契約を更新し、Jリーグでの登録をFWに変更した。開幕戦から得点を重ね、3月度の月間MVPを受賞した。J1第15節の松本山雅FC戦で同シーズン通算10得点目を決めた。デビューから2年連続での二桁得点は城彰二以来となるJリーグ史上2人目の快挙となった。
FC東京では公式戦61試合に出場し26ゴール5アシストを記録。

FC東京からの移籍容認に十分な活躍を続けたことで、2015年3月にはイングランド・プレミアリーグのチェルシーFCから、翌4月にはドイツ・ブンデスリーガの1.FSVマインツ05からそれぞれ移籍のプランを提示された。熟慮の末、来日したクリスティアン・ハイデルGMから直接高評価を伝えるなど、本人曰く「誠意を見せてくれて必要としてくれた」 マインツを選択し、5月30日にFC東京から同クラブへの移籍が発表された。契約期間は2019年6月末までの4年間。移籍金は非公表ながら推定300万ユーロ（4億円）とされ、立石GMによれば、マインツの提示額は武藤にオファーを出した4クラブの中で最安値でありFC東京の想定を下回っていたが、活躍度合や別クラブへの売却時には額を上乗せできる付帯条項を設けることで合意に至った。8月10日のDFBポカール1回戦エネルギー・コットブス戦でマインツ移籍後の公式戦に初出場し、同月15日にブンデスリーガ開幕節のインゴルシュタット戦に途中出場してリーグ戦デビューを果たした。自身も志望していた サイドでのプレーが中心になると目されていたが、スピードを買われて 1トップで移籍後初の先発出場となった第2節ボルシアMG戦では懸命な奔走で攻守に貢献し、第3節ハノーファー戦では移籍後初ゴールを含む2得点1アシストを記録。当初マルティン・シュミット監督は対戦相手に応じて1トップを使い分けるとしていたが、武藤の献身的な前線からの守備とドイツの巨漢DFとの競り合いを厭わない姿勢を賛辞し、他のFW陣の不振も重なって 武藤を1トップで起用し続けた。第11節アウクスブルク戦では自身プロ初のハットトリックを決めてマン・オブ・ザ・マッチに選出され、高原直泰以来ブンデスリーガでハットトリックを決めた2人目の日本人選手となった。2016年2月6日、ブンデスリーガ第20節ハノーファー戦で右膝外側側副靱帯を部分断裂。3月下旬に練習に復帰するも、練習中に別箇所の右膝同靭帯を損傷。治療に専念するために帰国し、2015-16シーズンを終えた。
2016年8月17日、ブンデスリーガ開幕戦のボルシア・ドルトムント戦で途中出場から今シーズン初得点を決めた。9月29日、欧州ELの第2節ガバラFKでヨーロッパリーグ初得点を記録した。しかし、この試合で右膝を負傷。2017年1月22日、第17節の1.FCケルン戦で約4カ月ぶりの復帰を果たした。
2017年8月12日、DFBポカール1回戦のリューネブルガーSK1で新シーズン初得点を含む2得点を決めた。9月9日、第3節のバイエル・レヴァークーゼン戦で今季リーグ戦初得点を決めた。5月5日、第33節のボルシア・ドルトムント戦では残留を決める得点を決めて勝利に貢献した。
マインツでは公式戦72試合に出場し23ゴール11アシストを記録。

2018年7月27日、プレミアリーグ・ニューカッスル・ユナイテッドFCが武藤の獲得についてマインツ側と合意したことを発表した。既にメディカルチェックを済ませ、イギリスの労働許可証の取得だけが残っていたが、
8月2日、労働許可証取得とニューカッスルへの移籍が正式に決定したことが発表された。契約期間は4年。開幕節のトッテナム戦に途中出場しリーグ戦デビューを果たした。第8節のマンチェスター・ユナイテッドFC戦でリーグ戦初先発を果たすとイングランドでの初得点を挙げ、プレミアリーグでゴールした6人目の日本人選手となった。しかし、軽い負傷のため78分に交代。イングランド1年目は1ゴールでシーズンを終えた。
2019年7月20日、中国の上海で開催されたプレミアリーグ・アジアトロフィーの3位決定戦ウェストハム・ユナイテッドFC戦34分、右サイドでボールを持ったDFジェイミー・ステリーのアーリークロスに反応し、左足のワンタッチシュートで見事に先制ゴールをねじ込んだ。2019-20シーズンのプレシーズンマッチには新監督のスティーヴ・ブルースから称賛されていたものの、開幕戦はベンチスタート。8月17日、第2節ノリッジ・シティに1-3と敗れた後に武藤が「孤立していると感じました」と率直なコメントを残す。チームが開幕連敗スタートとなったこともあり、武藤のコメントはブルースの戦術に対する批判だとしてあらぬ方向へ飛び火。8月28日、カラバオカップ(リーグ杯)2回戦レスター・シティ戦の後半18分にPA左でDFイェトロ・ウィレムスが相手と競り合ってこぼれたボールを武藤が右足で押し込み、1-1。試合は1-1のまま延長戦なしでPK戦に突入。武藤がニューカッスル1人目のキッカーを務め、しっかり決めたものの、PK2-4で敗れた
。
やがては新加入のジョエリントンやレンタル先から復帰したドワイト・ゲイルにも遅れをとり、第8節のマンチェスター・ユナイテッドFC戦以降は完全にポジションを失い、事実上の構想外状態となった。2020年1月1日、第21節レスター・シティ戦で今季リーグ戦初のフル出場を果たした
。2020年1月4日に行われたFAカップ3回戦のロッチデール戦に先発出場したが53分に負傷交代。股関節の負傷と診断され約1カ月間戦列から離れる。同シーズンは8月28日に行われたカラバオカップ(リーグ杯)レスター・シティFC戦の1得点のみにとどまり、リーグ戦では8試合ノーゴールに終わった。

シーズン終了後に古巣マインツの他、1.FCケルンやFCアウクスブルク、アルミニア・ビーレフェルトなどかつてプレーしていたブンデスリーガのチームが獲得に興味を示していると報じられたが、2020年9月16日にプリメーラ・ディビシオン所属のSDエイバルへ1年間の期限付き移籍が発表された。背番号は「12」。11月30日、第11節のレアル・ベティス戦でラ・リーガ初ゴールを決めブンデスリーガ、プレミアリーグ、ラ・リーガのヨーロッパ3リーグでゴールを奪った初の日本人になった。2021年1月25日、第20節のセルタ・デ・ビーゴ戦でラ・リーガ初アシストを記録。柔らかいタッチの浮き球パスでブライアン・ヒルのゴラッソを演出した
。シーズン終盤は負傷のため試合に出場できないことも多く、最終的にチームは最下位に沈みセグンダ・ディビシオン降格が決定。2021年5月26日、エイバルとのレンタル契約終了を発表 。スペイン1年目の公式戦3ゴール2アシストでシーズンを終えた。
2020-21シーズン終了後、所属元のニューカッスルに戻り、7月6日から新シーズンに向けて始動し、プレシーズンマッチにも出場。しかし、その間も移籍の噂が度々浮上し、7月31日にはヴィッセル神戸への加入が決定的になったと報じられた。2021年8月3日、ニューカッスルは双方合意の下に武藤との契約を解消したことを発表。

2021年8月7日、ヴィッセル神戸に加入。8月21日、第25節の鹿島アントラーズ戦で移籍後初出場からいきなりアシストで結果を残した。9月24日、第30節の清水エスパルス戦で移籍後初ゴールを決めた。10月2日、第31節の浦和レッズ戦では自身初となる3試合連続ゴールを決めた。最終的にはリーグ戦14試合5得点7アシストを記録。武藤加入前に海外移籍し、神戸のエースだった古橋亨梧の穴を埋める活躍で、ACL圏内で神戸のJ1最高順位となるリーグ3位に貢献した。
2022年3月2日の横浜FM戦の接触プレーで左膝を負傷。同年5月1日に行われたACL第6節傑志戦で復帰した。ロティーナ体制では、相方を務める事の多かったFW大迫勇也が離脱していたこともあり1トップを務める機会が多かった。7月のリーグ戦で後述の故障もあり1ヶ月近く戦線離脱する等、激しいマークによる故障を多発したことや、大迫復帰後は右ウイングでの起用も増えたため、このシーズンは6得点にとどまった。
2023年は完全復活を果たし、大迫とともに序盤から首位を走るチームを牽引。攻撃では2020年に当時川崎フロンターレの三笘薫が記録して以来となるリーグ戦10得点10アシストを記録し、守備でも献身的なプレスバックで幾度もピンチの芽を摘むなど大車輪の働きを見せ、クラブを初のJ1リーグ優勝に導いた。シーズン終了後には、2014年以来となるJリーグベストイレブンに選出された。
2024年は大黒柱の大迫が昨季以上に厳しいマークにあう中、エースとして攻守にチームを牽引。リーグ戦37試合13得点7アシストを挙げる活躍で、クラブをJ1リーグ二連覇に導いた。シーズン終了後には二年連続となるJリーグベストイレブン、そして自身初のJリーグ最優秀選手賞を受賞した。今季で2021年夏に加入した際に結んだ複数年契約が切れるタイミングのため、オフには来季の去就が注目されたが、12月24日に神戸との契約更新を発表した。
2025年は前年の活躍でさらに厳しいマークに遭い、負傷を抱えながらの出場が続いた。4月20日FC町田ゼルビア戦を最後に再び離脱し、その後腰椎椎間孔狭窄と診断され手術を行った。この負傷で3ヵ月戦列を離れた影響もあり、19試合出場1ゴールにとどまった。

2014年9月、キリンチャレンジカップ2014に臨む日本代表に招集され、5日のウルグアイ戦で国際Aマッチ初出場を果たし、同月9日のベネズエラ戦で初得点を決めた。
2015年1月開催のAFCアジアカップ2015においては、パレスチナ戦で相手プレーヤーの退場を誘発する働きを見せた他、ヨルダン戦では香川真司の得点をアシストした。3トップ全ての位置で起用され、スーパーサブとしての 役割をこなした。しかし、準々決勝のUAE戦では決定機でシュートを外すなど精彩を欠き チームも敗退。個人としても大会を通じ無得点に終わった。
2018年6月、ロシアワールドカップのメンバーに選出され、第3節のポーランド戦でW杯初出場を果たした。
2019年1月、AFCアジアカップ2019のメンバーに選出され、グループリーグ第3戦のウズベキスタン戦で、約3年3カ月ぶりの代表での得点を挙げた。
2022年1月のウズベキスタン代表戦で3年ぶりA代表に選出されたが、試合は中止となった。同年7月、EAFF E-1サッカー選手権2022に出場する日本代表に選出されたが、怪我のため17日に参加を辞退した事が発表された。",,
50491,水口 飛呂,MIZUGUCHI Hiro,phase1_youth_vs_univ,,university,university,youth_promotion_vs_university_ambiguous,"鹿児島県生まれで、小学校3年の時に仙台市に転居。そこで東日本大震災に罹災し、翌2012年に開かれた元日本代表選手による復興支援のサッカー教室に参加したことでサッカーに本格的にのめり込むことになる。
小学校6年の時に北海道に引っ越し（このため、出身地を北海道としている）、北海道コンサドーレ札幌の育成組織に入るが、U-18への昇格が出来なかったことで履正社高校への進学を決める。しかし、中学・高校と公式戦への出場機会は得られなかった。
高校卒業後、環太平洋大学へ進学し、サッカー部（IPU・環太平洋大学）で3年生のと期にトップチームに昇格すると、中国選抜やプレーオフ選抜の一員としてデンソーカップに出場し活躍した姿がレノファ山口FC関係者の目に止まり、2023年5月、2024年からの山口加入と2023年JFA・Jリーグ特別指定選手の承認が発表され、4試合出場した。
加入後はなかなか出場機会が得られず、2024年4月30日にJFL・アトレチコ鈴鹿クラブに育成型期限付き移籍。",,
32430,津久井 匠海,TSUKUI Takumi,phase1_youth_vs_univ,,university,university,youth_promotion_vs_university_ambiguous,"クマガヤサッカースポーツクラブ時代の2017年にU-15クラブユース選手権で得点王を獲得した。中学卒業後に横浜F・マリノスユースに加入。2019年には横浜F・マリノスで2種登録選手となった。
2020年7月に横浜F・マリノスとプロ契約を結び、高校生ながらトップ昇格を果たした。マリノスの育成組織所属選手がプロ契約を結ぶのは、クラブ史上初となった。しかしこの年の出場した試合はなかった。
2021年、JFLのラインメール青森に期限付き移籍。また2021年度の早稲田大学人間科学部eスクール（通信教育課程）に合格。
2023年、アスルクラロ沼津に期限付き移籍で加入した。
2024年、完全移籍に移行した。リーグ戦では全試合に出場し9得点をあげた。
2025年、水戸ホーリーホックに完全移籍で加入した。
2025年6月、同じJ2のRB大宮アルディージャに完全移籍で加入した。 2026年1月5日、この活躍により鹿島アントラーズ・ジェフユナイテッド千葉・サンフレッチェ広島などのJ1勢から獲得オファーが届き、J1に昇格したジェフユナイテッド千葉に完全移籍。",j_club_academy,
7189,津田 知宏,Tomohiro TSUDA,phase1_youth_vs_univ,,university,university,youth_promotion_vs_university_ambiguous,"名古屋グランパスエイトの下部組織出身。2005年に高橋良太とともにトップ昇格。名古屋では主にサブとして起用された。また、サイドハーフとしても起用されていた。
2010年、J2の徳島ヴォルティスへレンタル移籍。レギュラーとしてプレーし、同年度はJ2得点ランキング2位の16得点を挙げた。2011年もレンタル期間を延長し、チームに残留。
同年7月16日、J2第21節のゴールは7月度の月間ベストゴールに選ばれた。
2012年より完全移籍した。2013年にはJ2で14ゴールを挙げJ1昇格にも貢献。
2014年、初のJ1での戦いとなったチームは最下位と低迷。自身もエースとして期待されながら無得点に終わり、高崎寛之に定位置を明け渡した。
2016年から横浜FCに所属する。
2018年、AC長野パルセイロに完全移籍。
一時はチーム内最多6得点をあげて調子の良さを見せるが、同年9月下旬の練習中に負傷。左ヒラメ筋損傷で全治約4週間と診断された。復活を期した2019年シーズンは、2月上旬、開幕前のトレーニング中に負傷。左ハムストリング損傷で全治7～8週間の診断を受けた。それでも回復後に19試合出場と数字は残したが、同年12月4日、AC長野パルセイロは契約期間の満了を発表した。
2020年、FCマルヤス岡崎に移籍。しかしわずか1年で退団となった。
2021年、東海社会人サッカーリーグ2部のWYVERNに移籍。2025年に退団して現役を引退。
2026年からは名古屋大学サッカー部の監督に就任。",j_club_academy,
8241,清武 弘嗣,KIYOTAKE Hiroshi,phase1_youth_vs_univ,2008,university,university,youth_promotion_vs_university_ambiguous,"清武 弘嗣（きよたけ ひろし、1989年11月12日 - ）は、大分県大分市出身のプロサッカー選手。Jリーグ・大分トリニータ所属。ポジションはミッドフィールダー（攻撃的ミッドフィールダー）、フォワード。元日本代表。
プロサッカー選手でおこしやす京都ACに所属する清武功暉は実弟。セレッソ大阪の3代目8番。


== クラブ経歴 ==


=== 大分トリニータ ===
3兄弟の次男として生まれる。小学生時代は父親が監督を務める大分市立明治北小学校サッカークラブでプレーし、大分トリニータのU-15、U-18チームを経て2008年にトップチームに昇格。1年目からスーパーサブとして出場機会を得て、第20節清水エスパルス戦では、1-2の状況から同点ゴールを決め、これが自身のプロ初得点となった。2009年は、主力選手の怪我人続出もあってレギュラーに定着。チームが低迷する中、23試合に出場して3得点を挙げた。


=== セレッソ大阪 ===
2010年、大分のJ2降格、財政難に伴い高橋大輔、上本大海と共にセレッソ大阪に完全移籍。
シーズン序盤は相次ぐ怪我のため出場機会は少なかったが、W杯中断明けからは家長昭博、乾貴士とともに3シャドーを形成し、ドイツに移籍した香川真司の穴を埋める存在としてレギュラーに定着した。
この頃については、レヴィー・クルピ監督の下で「サッカーってこんなに自由なんだ」と衝撃を受け、サッカーの楽しさを教えてくれたという。
2012年、香川真司の移籍後欠番となっていたC大阪のエースナンバー背番号8を継承。5月16日、7月1日付けでドイツ・ブンデスリーガの1.FCニュルンベルクへの完全移籍が発表された。


=== ニュルンベルク ===
ニュルンベルクでは開幕戦からスタメンに抜擢されると、9月15日のボルシアMG戦では1得点を挙げた他2アシストの成績を残した。この得点はニュルンベルク移籍後初の得点であった。シーズン通してレギュラーとして起用されリーグ4位となる10アシストを記録した。
2013-14シーズンもニュルンベルクのレギュラーとしてプレーしたが、チームは開幕から不振が続き2部降格となってしまった。3得点7アシストで終えた。


=== ハノーファー ===
2014年7月25日、ハノーファー96への完全移籍が発表された。2014年10月25日、リーグ戦第9節のボルシア・ドルトムント戦で移籍後初得点となる直接FKをきめ、ブンデスリーガ公式のMOMに選出された。2015年3月7日には強豪バイエルン・ミュンヘンを相手に先制点を決め、累計4ゴール目となった。5月23日、チームの1部残留をかけた最終節SCフライブルク戦では先制点を決め、チームの1部残留を勝ち取った。
2015-16シーズンからハノーファーの背番号10を身につけることを発表された。6月11日、日本代表合宿にて右足中足骨を骨折していた事が発表され長期離脱。9月12日、第4節のボルシア・ドルトムント戦で怪我から復帰し、復帰後は3得点4アシストと好調をキープしていたが、11月の代表戦で再び負傷してしまった。2016年2月20日、第22節FCアウクスブルク戦で復帰を果たしたが、チームの調子は上がらず第31節のインゴルシュタット戦で引き分け、チームの2部降格が決定した。ホーム最終節となったホッフェンハイム戦では決勝ゴールを決め、チームの勝利に貢献。5得点6アシストを記録。


=== セビージャ ===
ハノーファーが降格した事により、清武に複数のクラブから関心が寄せられたが、移籍金が800万ユーロ（約10億円）と設定されていたため移籍が困難とされた。しかし、ハノーファーが2億円の減額に応じたため、2016年6月10日にリーガ・エスパニョーラのセビージャFCへの完全移籍が発表された。背番号は「14」。2016年8月9日、デビュー戦となったUEFAスーパーカップのレアル・マドリード戦では先発出場し、延長戦の末120分間フル出場するも2-3で敗れた。8月20日、リーガ・エスパニョーラ開幕戦のRCDエスパニョール戦では4-1-3-2の右サイドハーフで先発し、1得点1アシストの活躍でデビュー戦を飾った。11月2日、UEFAチャンピオンズリーグ第4節のディナモ・ザグレブ戦で後半にガンソと変わってCL初出場を果たした。しかし、サミル・ナスリが加入した影響などでシーズン通して出場することは出来ず、更にアルゼンチン人のワルテル・モントーヤの加入が濃厚となり、EU圏外選手枠の3名から押し出され戦力外通告を受けた。


=== セレッソ大阪復帰 ===
2017年1月28日、『マルカ』は清武の移籍先として古巣のセレッソ大阪の他にFC東京、ヴィッセル神戸、サガン鳥栖の名前が挙がっていると報じ、2月1日にC大阪が完全移籍での獲得を発表した。第3節北海道コンサドーレ札幌戦で初先発。第9節の川崎フロンターレ戦では移籍後初得点を決めた。
その後3年間に渡り怪我に悩まされた。ロシアワールドカップ落選後、『仕切り直し』と考えていた初戦で肉離れを起こし引退を考えた。小さい頃から『ケガする選手は計算できないし、使いづらい』と言われており、本当にそのような選手になってしまったと話している。しかし、父親や内田篤人の言葉を受けて現役続行を決めた。
2020年、怪我無くシーズンを戦い終えた。 ボールの位置によって選手全員がスライドするポジショナルプレーを志向したロティーナ監督の下では、個人突破が必要とされない戦術の中、勝負所で個人技を引き出す事に成功し、第12節ベガルタ仙台戦では、相手ディフェンダー陣の意表を突くノールックシュートでゴールを決めた。第16節横浜F・マリノス戦ではループ気味のミドルシュートを決めた。他にも、9月、11月の月間ベストゴールに選出されるなど鮮烈なゴールを決めた。攻撃の組み立てや、スルーパスで相手のファウルを誘うなど司令塔としても活躍した。キャリアハイの8ゴールを記録し、8ゴール8アシストの成績で終えた。12月31日、2023年シーズンまでの複数年契約を掴んだ。
2022年、小菊昭雄監督の下で、左サイドハーフではなくトップ下で起用された。リズムを作るだけでなく、第16節終了時点で、総アシスト数は2にすぎないが、ゴールにつながる決定的なパスも数多く、活躍した。しかし、6月第18節 清水エスパルス戦で相手と交錯した際に負傷し、左足リスフラン靭帯損傷で離脱した。これにより、狙っていた7月のE1選手権での代表復帰は叶わなかった。清武の離脱期間に、チームはフォーメーションを4-2-3-1から4-4-2に変更、ハイプレスを思考するサッカーに変更して勝ちを重ねていた、復帰後は、流れを変えることを期待された途中出場での起用に対応できず、2トップの一角やボランチで起用されたが、本人は「浮いていた」「自分がポンって入れられて、何か違う」と思っていた。シーズン最終のフレンドリーマッチ・ツエーゲン金沢戦ではボランチで先発起用、前半3分で先制点をアシスト、27分にはハーフウェイラインから相手ゴールキーパーを飛び越えるロングシュートで得点を決め、鋭い縦パスを通して起点になりつづける大車輪の活躍をみせた。
2023年から背番号を10から2010年のセレッソ入団時の背番号である13に変更。
左足リスフラン靭帯損傷の影響については「今でも痛い。疲労が溜まっていたり芝が硬かったら、次の日、寝起きから痛い」と述べており、開幕戦1週間前の2月11日に左ハムストリング筋を損傷した。完治期間は不明であり、4月においても復帰できるかわからないと本人は言う。怪我が癒えることは無く、自身最少となる公式戦わずか3試合の出場になった。
2024年4月17日のリーグカップのいわてグルージャ盛岡戦で久々に公式戦出場した。


=== サガン鳥栖へ期限付き移籍 ===
2024年7月7日、サガン鳥栖へ期限付き移籍することが発表された。
10試合に出場し1得点を記録するも、チームのJ1残留は叶わなかった。
12月19日、サガン鳥栖及び在籍元のセレッソ大阪との契約が満了し、退団することが発表された。


=== 大分トリニータ復帰 ===
2025年、完全移籍で16シーズンぶりに大分トリニータへ復帰。加入初年度からキャプテンに就任した。


== 代表経歴 ==
2011年8月10日に札幌ドームで行われた韓国戦で前半36分に岡崎慎司に代わりA代表デビューを果たし、2アシストを挙げ、日本代表の勝利に貢献した。9月2日のW杯3次予選の北朝鮮戦では吉田麻也の決勝点をアシストした。また、U-22日本代表として出場したロンドンオリンピック・ アジア地区最終予選では、9月21日の対マレーシア戦（鳥栖スタジアム）で全得点に絡み、日本代表のオリンピック出場獲得に貢献した。この年、Jリーグベストイレブンにも選出された。
2012年8月に開催されたロンドンオリンピックではグループリーグ第2戦モロッコ戦で永井謙佑の決勝点をアシストした。全ての試合に出場するも、チームは4位に終わりメダルには届かなかった。
2012年11月14日、2014 FIFAワールドカップ・アジア4次予選・オマーン戦で代表初得点を決めた。
2014年5月12日にW杯ブラジル大会の日本代表メンバーに選出された。出場機会は第3戦コロンビア戦のみで、後半終了間際の8分のみであった。12月、AFCアジアカップ2015に臨む日本代表にワールドカップ以来の復帰。大会を通して先発出場する事はなく、チームは準々決勝で敗れた。
2018 FIFAワールドカップ予選では、香川真司に代わってトップ下で先発出場する試合も増えており、最終予選第5戦のサウジアラビア戦では先制ゴールを決めるなどと活躍した。しかしその後は所属先のセビージャで出場出来ていないことなどもあって、第7戦イラク戦のメンバーから落選すると、以降は代表に選出されず本大会のメンバーからも外れた。


== 人物 ==
2024年、強度といったフィジカルや肉弾戦が重要視される近年のサッカーについては「Jリーグでも似たようなチームが増えてきましたよね。個性的なチームが少なくなっているというのは、個人的には感じています。もちろん、世界的に見ても強度が高くて、縦に速いサッカーっていうのが主流になってきているなかで、そこに対応しなければいけないっていうのはあります。だけど、ちょっと前のサッカーのように、意図を持ってボールをつなぎながら、アイデアやテクニックを駆使して相手を攻略していくというサッカーのほうが楽しかったなとは思います」と話した。
長所は、サッカーセンスに溢れており、ゲームメイク力、多彩に蹴り分ける高精度のパスを持つ。また、運動量の多い選手である。


== 所属クラブ ==
2002年 - 2003年 カティオーラFC
2004年 大分トリニータU-15 (大分市立原川中学校)
2005年 - 2007年 大分トリニータU-18 (大分東明高等学校)
2008年 - 2009年  大分トリニータ
2010年 - 2012年6月  セレッソ大阪
2012年7月 - 2014年  1.FCニュルンベルク
2014年 - 2016年  ハノーファー96
2016年 - 2017年  セビージャFC
2017年 - 2024年  セレッソ大阪
2024年7月 - 同年12月 サガン鳥栖 (期限付き移籍)
2025年 -  大分トリニータ


== 個人成績 ==

その他の公式戦

2018年
FUJI XEROX SUPER CUP 1試合1得点

出場歴
Jリーグ初出場・初得点 - 2008年8月9日 J1第20節 清水エスパルス戦 (九州石油ドーム)
その他の国際公式戦

2009年
パンパシフィックチャンピオンシップ 1試合0得点
2016年
UEFAスーパーカップ 1試合0得点
スーペルコパ・デ・エスパーニャ 1試合0得点


== 代表歴 ==


=== 出場大会 ===
U-20日本代表
U-22日本代表
2011年 - ロンドンオリンピック・アジア2次予選
2011年 - ロンドンオリンピック・アジア最終予選
U-23日本代表
2012年 - ロンドンオリンピック
日本代表
2012年 - 2014 FIFAワールドカップ・アジア4次予選
2013年 - FIFAコンフェデレーションズカップ2013
2014年 - 2014 FIFAワールドカップ
2015年 - AFCアジアカップ2015、2018 FIFAワールドカップ・アジア2次予選
2016年 - キリンカップサッカー2016、2018 FIFAワールドカップ・アジア3次予選
2017年 - EAFF E-1フットボールチャンピオンシップ2017 （怪我のため離脱）


=== 試合数 ===


=== 国際Aマッチ 43試合 5得点 (2011年 - 2017年) ===


=== 出場 ===


=== 得点 ===


== タイトル ==


=== クラブ ===
大分トリニータ
Jリーグカップ：1回 (2008年)
セレッソ大阪
Jリーグカップ：1回（2017年）
天皇杯 JFA 全日本サッカー選手権大会：1回（2017年）
FUJI XEROX SUPER CUP：1回（2018年）


=== 個人 ===
Jリーグベストイレブン：1回 (2011年)
Jリーグ・優秀選手賞：2回（2011年、2020年）
J1月間ベストゴール : 2回 (2020年9月、11月)


== その他特記事項 ==


=== 著書 ===
『明日への足音』小学館、2014年。ISBN 978-4093883610。https://web.archive.org/web/20160304170142/http://www.shogakukan.co.jp/books/09388361。
『だから僕は、前に進める。』ワニブックス、2014年。ISBN 978-4847092282。https://www.wani.co.jp/event.php?id=4306。


=== 学業について ===
2003年から開設している早稲田大学人間科学部eスクール（通信教育課程）の2008年度募集分にて、同学部健康福祉科学科にスポーツ分野特別推薦枠で出願し、合格している。


== 脚注 ==


== 関連項目 ==
大分県出身の人物一覧
大分トリニータの選手一覧
セレッソ大阪の選手一覧
サガン鳥栖の選手一覧
ハノーファー96の選手一覧
サッカー日本代表出場選手
日本国外のリーグに所属する日本人サッカー選手一覧
ドイツ・ブンデスリーガに所属する日本人サッカー選手一覧


== 外部リンク ==
清武弘嗣 - Olympedia (英語)
清武弘嗣 - Sports-Reference.com (Olympics) のアーカイブ (英語)
清武弘嗣 - National-Football-Teams.com (英語)
清武弘嗣 - Soccerway.com (英語)
清武弘嗣 - Soccerbase.comによる選手データ (英語)
清武弘嗣 - FootballDatabase.eu (英語)
清武弘嗣 - WorldFootball.net (英語)
清武弘嗣 - Transfermarkt.comによる選手データ (英語)
清武弘嗣 - FIFA主催大会成績 (英語)
清武弘嗣 - UEFA (英語)
清武弘嗣 OFFICIAL BLOG (九州男児) - ブログ
清武弘嗣 (@Hiro_kiyotake) - X（旧Twitter）
清武弘嗣 (@kiyotake_hiroshi_official) - Instagram
清武弘嗣ブンデスリーガ公式プロフィール （日本語）
清武弘嗣オフィシャルブログ",j_club_academy,
29548,渡邊 凌磨,WATANABE Ryoma,phase1_youth_vs_univ,,university,university,youth_promotion_vs_university_ambiguous,"

東松山市立市の川小学校時代にサッカーを始め、前橋育英高等学校に進学。高校3年生時に中心選手として活躍し、全国高等学校サッカー選手権大会の準優勝に貢献し、チームメイトの小泉佳穂、吉永大志、吉田舜、鈴木徳真と共に大会優秀選手にも選出された。高校卒業後は早稲田大学に進学。
2015年にNIKEが主催している育成プロジェクト「NIKE MOST WANTED」に参加し、日本人初となるナイキアカデミーの参加が決定した。同年9月、ドイツ・FCインゴルシュタット04の下部組織であるインゴルシュタットU-23に加入することが発表された。2016年7月28日、インゴルシュタットのトップチームの合宿に初めて合流した。

2017年4月26日、インゴルシュタットのトップチームに昇格して、新契約を結んだことが発表された。しかし、ブンデス2部での出場機会はなく、2018年7月にアルビレックス新潟へ完全移籍で加入した。
2019年4月4日、第7節のFC町田ゼルビア戦でJリーグ初得点を決めた。
2020年よりモンテディオ山形へ完全移籍で加入。
2021年1月5日、FC東京への完全移籍が発表された。同年3月21日、ベガルタ仙台戦で負傷。左第五中足骨骨折で全治4ヶ月の診断を受けるも復帰を果たした。
2022年10月12日のJ1第25節・セレッソ大阪戦でプロ入り初のハットトリックを達成。
2023年4月15日のJ1第8節・セレッソ大阪戦で記録した得点が4月のJ1月間ベストゴールに選出され、さらにシーズン終了後に開催されたJリーグアウォーズでJ1最優秀ゴール賞に選ばれた。
2024年1月7日、幼少期から応援していた、浦和レッズへの完全移籍が発表された。3月30日、J1第5節アビスパ福岡戦で移籍後初ゴールを決め、勝利に貢献した。リーグ戦全試合スタメン出場し、6ゴール5アシストとチームのエースとして活躍した。
2025シーズンより、チームの副キャプテンを任された。怪我からの復帰戦となった第7節のセレッソ大阪戦で得点を決め、続く第8節でも2試合連続得点を決めた。4月9日、自身のInstagramを更新し、モデル・女優として活動している前田希美と結婚したことを発表した。6月21日、FIFAクラブワールドカップ・インテル戦で先制点を決め、試合のPOMに選ばれた。
2026シーズンより、チームキャプテンを務める。",,
23168,猿田 遥己,SARUTA Haruki,phase1_youth_vs_univ,,university,university,youth_promotion_vs_university_ambiguous,"猿田 遥己（さるた はるき、1999年4月23日 - ）は、東京都練馬区出身のプロサッカー選手。Jリーグ・柏レイソル所属。ポジションはゴールキーパー（GK）。


== 略歴 ==
2018年よりユースから柏レイソルのトップチームに昇格。
2019年8月6日、鹿児島ユナイテッドFCに期限付きで移籍で加入した。
2020シーズンはガンバ大阪に期限付き移籍することが両クラブから発表された。6月28日、J3第1節カマタマーレ讃岐戦でスタメン出場し、公式戦初出場を果たした。
2021年、横浜FCに期限付き移籍。12月23日、柏レイソルへの復帰が発表された。


== 所属クラブ ==
FC大泉学園 / 横河武蔵野FCジュニア（練馬区立大泉学園小学校）
横河武蔵野FCジュニアユース（練馬区立大泉学園中学校）
2015年 - 2017年 柏レイソルU-18（日本体育大学柏高等学校）
2017年  柏レイソル（2種登録選手）
2018年 -  柏レイソル
2019年8月 - 同年12月  鹿児島ユナイテッドFC（期限付き移籍）
2020年  ガンバ大阪 (期限付き移籍)
2021年  横浜FC（期限付き移籍）


== 個人成績 ==

2017年は2種登録選手（背番号30、出場なし）。

Jリーグ初出場 - 2020年6月28日 J3第1節 vsカマタマーレ讃岐（P i k a r a スタジアム）


== 代表歴 ==
U-17日本代表
国際ユースサッカーin新潟（2016年）
第23回バツラフ・イェジェク国際ユーストーナメント（2016年）
U-18日本代表
第23回U18リスボン国際トーナメント （2017年）
AFC U-19選手権・予選（2017年）


== 脚注 ==


== 関連項目 ==
柏レイソルの選手一覧
柏レイソルのアカデミー#出身者一覧
鹿児島ユナイテッドFCの選手一覧
ガンバ大阪の選手一覧
横浜FCの選手一覧


== 外部リンク ==
猿田遥己 - Soccerway.com (英語)
猿田遥己 - FootballDatabase.eu (英語)
猿田遥己 - WorldFootball.net (英語)
猿田遥己 - Transfermarkt.comによる選手データ (英語)
猿田遥己 - J.League Data Siteによる選手データ
猿田遥己 (@saru23161) - X（旧Twitter）
猿田遥己 (@haru4.23saru) - Instagram",j_club_academy,
6619,田坂 祐介,Yusuke TASAKA,phase1_youth_vs_univ,2007,university,university,youth_promotion_vs_university_ambiguous,"広島高陽FC時代の一学年上に木村允彦、同期に横川・児玉、一学年下に髙柳一誠、二学年下に森重真人がいた。その後サンフレッチェ広島ジュニアユースへ入団、同期に前田和之・田村祐基、一学年上に沖本尚之ら。ジュニアユース時代に中村重和・小野剛らの指導を受けている。2001年に広島ユースに昇格、同期に児玉・前田・田村・西山貴永・馬屋原、一学年上に沖本尚之・木村龍朗らがいた。広島ユースは2003年の日本クラブユース選手権初優勝、高円宮杯全日本ユース選手権3位、Jユースカップ優勝、天皇杯ではJ2水戸ホーリーホック相手に健闘する。その中で田坂はサイドアタッカーとして、髙萩洋次郎がトップ昇格した後はボランチとして活躍した。
その後、推薦の決まっていた青山学院大学へ進学。サッカー部では主将を務め、下地奨と共にプレーした。青学大4年在学中の2007年より特別指定選手として川崎フロンターレに登録。卒業後の2008年シーズンから川崎とプロ契約を結び正式入団し、新人選手ながら背番号6が与えられた。
2012年7月20日、ブンデスリーガ2部のVfLボーフムへの移籍が発表された。移籍1年目はリーグ戦28試合に出場し3得点を記録した。
2015年6月23日、渡欧前4年半を過ごした川崎フロンターレへ復帰することが発表された。背番号は特別指定当時に付けていた35。
2016年、前シーズンまで所属していた山本真希が退団したこともあり、移籍前に付けていた背番号6に番号を変更した。
若手や加入選手の台頭もあり安定した出場は出来なかったが、シーズン途中怪我人が続出した事から9月10日福岡戦から3バックの右を務めた。安定してた事もあり、そのままシーズン終了までスタメンで出場し続けた。
2019年シーズンよりジェフユナイテッド市原・千葉に完全移籍で加入。開幕からレギュラーを確保するも、第9節岡山戦にて負傷。右膝前十字靭帯等を損傷する大怪我を負い、5月2日には全治7ヶ月であることが発表された。
2020年12月17日、現役引退が発表された。",,
15737,町田 浩樹,Koki MACHIDA,phase1_youth_vs_univ,2017,university,university,youth_promotion_vs_university_ambiguous,"

鹿島アントラーズの下部組織出身。2015年、2種登録選手でトップチームに登録。高円宮杯U-18プレミアリーグEASTでは鹿島アントラーズユースの守備の中心として18試合でリーグ最少の12失点で初優勝。高円宮杯U-18サッカーリーグ2015チャンピオンシップでは完封をして優勝に貢献した。

2016年、平戸太貴、田中稔也、垣田裕暉と共にトップチームに昇格。5月25日、若手中心の編成で挑んだナビスコカップ第6節のジュビロ磐田戦で公式戦初出場を果たした。
2017年5月14日、第11節のヴィッセル神戸戦でプロ入り初先発を果たした。翌節となる5月19日に行われたJ1第12節川崎フロンターレ戦にて右膝前十字靭帯損傷の怪我を負い、全治6ヶ月の診断。
2018年7月28日に行われた第18節のガンバ大阪戦でプロ入り初得点を決めた。

2022年1月4日、ロイヤル・ユニオン・サン＝ジロワーズに1年半の期限付き移籍をすることが発表された。2月13日に行われたシント＝トロイデンVV戦で先発デビューし、フル出場を果たした。2022-23シーズンは開幕直後の負傷で試合に出られない状態が続いたが、2023年1月12日のベルギーカップ準々決勝・KAAヘント戦で復帰。これが今シーズン初出場となり、先発フル出場を果たすと4-0の快勝に貢献。チームは準決勝進出を決めた。3月29日、同クラブへ完全移籍することが発表された。4月10日、早稲田大学人間科学部を卒業したことを発表した。5月9日、クロッキーカップ決勝でロイヤル・アントワープFC相手に決勝ゴールを挙げ、クラブを110年ぶりの優勝に導いた。
2025年6月27日、ドイツ・ブンデスリーガのホッフェンハイムへ完全移籍。契約期間は公表されていないが長期契約を締結したと発表されている。

2016年、AFC U-19選手権のメンバーに選出。準決勝のベトナム戦で初先発を果たすと、無失点で決勝進出に貢献した。
翌年5月に行われたU-20ワールドカップのメンバー候補による直前の合宿には選ばれていたが、U-20ワールドカップのメンバーからは落選した。
2019年3月14日、AFC U-23選手権タイ2020予選（3/22～26＠ミャンマー）に臨むU-22日本代表メンバーに選出。世代別代表復帰となった。
2020年1月、AFC U-23選手権2020の日本代表に選ばれ出場した。1年後に延期された東京オリンピックでは当初メンバーに入ることができずバックアップメンバーとして選出されていたが大会の規定が変わり正規メンバーに昇格し、大会では途中出場ながら2試合に出場した。
2023年3月18日、UEFAヨーロッパリーグの試合で右膝を負傷した冨安健洋の代替として、キリンチャレンジカップ2023のサッカー日本代表（A代表）メンバーに追加で初招集された。
同年9月12日にベルギーで行われたトルコ代表との国際親善試合にてスタメンで出場し、A代表デビューを果たした。",j_club_academy,
44952,真家 英嵩,MAIE Hidetaka,phase1_youth_vs_univ,2022,university,university,youth_promotion_vs_university_ambiguous,"柏レイソルの下部組織出身で2021年10月6日、2022年からのトップチーム昇格が内定したことを発表した。2022年2月23日、YBCルヴァンカップGS第1節・京都サンガF.C.戦でプロ初出場し、プロ初ゴールも決めた。同年2月27日、J1リーグ第2節・横浜F・マリノス戦で途中出場し、Jリーグ初出場した。
2023年6月7日、天皇杯2回戦・山梨学院大学PEGASUS戦でプロ初ハットトリックを達成し、チームの勝利に貢献した。同年12月8日に所属する柏レイソルから左膝前十字靭帯断裂、半月板損傷の治療のため、12月7日に手術をおこなったことが発表された。
2024年8月27日、FC琉球に育成型期限付き移籍。前年の負傷を乗り越えて同年9月15日のテゲバジャーロ宮崎戦で試合に復帰。そこから4試合連続で出場するも10月5日のY.S.C.C.横浜戦で右膝前十字靭帯断裂、内外側半月板損傷の全治9ヶ月の重症を負う。12月28日には2025年シーズンも同様に育成型期限付き移籍になることが発表された。
2026年1月4日、JFL・アスルクラロ沼津に完全移籍。",j_club_academy,
9401,矢田 旭,YADA Asahi,phase1_youth_vs_univ,2014,university,university,youth_promotion_vs_university_ambiguous,"中学校入学時から名古屋グランパスの下部組織に入り、中心選手として活躍。U-18では司令塔として牽引し、一度はトップチーム昇格が具体化しかけたが、チーム事情で見送られた。
2010年、明治大学へ進学し、1年時からレギュラーに定着。入学当初は体の線が細かったが、3年時の怪我を機に筋力トレーニングで増量。もともと得意だった左足にも磨きをかけ、背番号10を背負う大学屈指のゲームメーカーに成長した。
2014年、ユース時代を過ごした古巣・名古屋グランパスへ入団。第6節のサンフレッチェ広島戦でプロ初出場し、リーグ戦の中盤にかけてトップ下としてレギュラーに定着。
2017年7月、ジェフユナイテッド市原・千葉へ期限付き移籍。シーズン途中での加入だったがすぐさま主力に定着し、チームの終盤戦の躍進に貢献した。シーズン終了後の12月18日、ジェフユナイテッド市原・千葉に完全移籍することが発表された。2021年シーズン終了後、契約満了により千葉を退団。
2021年12月29日、愛媛FCへの完全移籍が発表された。愛媛FCではこれまでのサイドハーフや攻撃的なMFではなく、ボランチで起用されることが多かった。
2023年12月20日、ギラヴァンツ北九州への完全移籍が発表された。
2026年1月13日、2025シーズンをもって現役を引退したことが発表された。
2026年4月1日、学校法人愛知医科大学に事務職員として入職し、広報室で大学広報事務に携わることが発表された。",,
3184,石川 直宏,Naohiro ISHIKAWA,phase1_youth_vs_univ,2000,university,university,youth_promotion_vs_university_ambiguous,"

5歳の時にサッカーを始める。小学校時、地元の少年少女サッカークラブである横須賀シーガルスに所属。出身地の近い鈴木達也や、神奈川県内の大会で対戦した茂庭照幸とはこの頃から面識があった。中学に入ると横浜マリノスジュニアユース追浜に所属し、高校進学時に横浜マリノスユースに昇格。成長の遅れによる体格差 やクラムジーの発症、当時得意としたトップ下のポジションを争う同期・大橋正博の台頭、樋口靖洋監督による不慣れな右サイドへのコンバート、加えて横浜フリューゲルスとの合併による選手層拡大が重なるなど困難が続いたが、徐々にスピードを身に付けサイドアタッカーとしての能力を開花させ始めた。

2000年には横浜F・マリノスのトップチームに昇格し、Jリーグデビュー。同年、U-19日本代表としてアジアユースに出場。
翌2001年にはU-20日本代表としてワールドユース アルゼンチン大会に背番号10を背負って出場。グループリーグで敗退するも、鋭い切り込みでゴールへ迫る姿勢 は高い評価を得た。この大会のテレビ解説を原博実が担当していたことが後にサッカー人生の契機となる。
しかし、横浜FMでは出場機会を失っていく。パスの出し手であるMF中村俊輔との呼吸がかみ合わず、チームの成績も低迷、監督交代が相次いだ。ラザロニ監督とは特に相性が合わず、石川は紅白戦での「Bチームの控え」にも入れてもらえず、2002年も引き続いてラザロニが指揮を執ることになった状況に危機感を持ち、自ら横浜FM強化部に出場機会を直訴。サンフレッチェ広島が移籍先の有力候補に挙がったが、この年にFC東京の監督に就任した原博実が石川の獲得を熱望したこともあり、4月にFC東京へのレンタル移籍が決定。

移籍発表からわずか3日後の駒沢でのナビスコカップ・清水戦で早速右のサイドアタッカーとして先発出場すると、ずば抜けたスピードによる突破で得点をアシスト。早々にチームにフィットし、同時期にFC東京の右サイドバックとして出場機会を与えられたDF加地亮とのコンビネーションで右サイドからの攻撃を担い、レギュラーを確保した。U-21日本代表としては、10月の釜山アジア大会では準優勝に貢献。
2003年8月、FC東京に完全移籍。同年のJリーグフェアプレー個人賞を受賞。また、アテネオリンピックを目指すU-22日本代表として活動する一方で、この年のキリンカップのためのA代表に初選出される。同年の東アジア選手権でもA代表に選出され、香港戦において国際Aマッチ初出場を記録（U-22代表から抜擢されたのは大久保嘉人、松井大輔と石川の3人）。
2004年には再び日本代表候補合宿に招集されていたが、日本サッカー協会のオリンピック優先という方針によりU-23日本代表に合流、アテネオリンピックアジア最終予選を突破する。アテネオリンピック本大会では同じ右サイドに攻撃を得意とする石川とともに守備的な徳永悠平が招集されており、山本昌邦監督は守備重視の戦術で大会に臨んだため、出場機会を得たのは消化試合となったグループリーグ第3戦からだった。この試合では攻撃を牽引したにもかかわらず後半早々に交代。消化不良のままグループリーグでの敗退が決定。競技場のサポーターに挨拶する際には号泣し、失意の帰国となった。クラブでは、リーグ戦での得点はなかったが、初選出されたオールスター戦でゴールを決め、MVPを受賞。ナビスコ杯では優勝を体験するが、決勝の浦和戦では退場者を出したことで更に運動量が求められ、自身初となる延長戦までの120分フル出場で走り回り奮闘したため足がつっており、決着をつけるPK戦のメンバーには入らなかった。
2005年8月にイタリア・セリエAに昇格したトレヴィゾから獲得オファーを受けるも、FC東京の苦戦が続いた時期と重なっていたこともあり、交渉最終段階にきてオファーを断った。その決断の直後の9月、日産スタジアムでの古巣・横浜FM戦の試合後半に右膝を傷め途中退場。検査の結果、右膝前十字靭帯損傷及び右膝外側半月板損傷・全治8ヶ月との診断を受け、長期のリハビリテーション期間を過ごすことになった。
2006年にガーロ監督が就任したが、その在任期間が右膝のリハビリの時期と重なっており、ガーロ体制下でのプレーは少なかった。同年7月19日のアビスパ福岡戦で305日ぶりの復帰を果たした。
2007年に倉又寿雄監督体制下から原監督が復帰したシーズンは、以前までのサイドから仕掛けるスタイルを求めた原に対し、石川は中へ切れ込んだり、引いてボールを受けたりという自身のプレーの幅の広がりを模索していたこともあってか調子が上がらず、出場機会が減った時期もあった。
2008年に就任した城福浩監督は攻撃の選手に流動性を求めており 自由度が増した結果、苦し紛れのパスは減り、課題であったパスやクロスの精度が向上し、安定感が増した。同タイプのプレーをする鈴木達也の新加入や大竹洋平などの台頭によるチーム内での競争の活性化もあってか、再び生き生きとしたプレーが見られるようになった。
2009年は、平山相太のポストプレーや羽生直剛の労を惜しまない運動量といったチームメートとの長所が噛み合い、5月2日のJ1大宮戦でプロ入り後初のハットトリックを決めるなど（この日は、年に一度しか来ない家族が見に行った日でもあった）、一時磐田のFW前田遼一と得点王の座を争う程ゴールを量産。チームのリーグ5位、ナビスコカップ決勝進出の原動力となり、同年10月には約5年半ぶりに日本代表に招集された。岡田武史代表監督からは切り札に指名され「ゲームの流れを変えるのに使える」と評価を得たが、同月17日の柏戦で得点直後に相手選手と接触し負傷離脱。チームが2度目の優勝を決めたナビスコカップ決勝には出場できなかった。12月のJリーグアウォーズでは活躍を評価され、初めてJリーグベストイレブンに選出された。
2010年、FIFAワールドカップ登録メンバー発表前の最後の国際Aマッチで「国内組（Jリーガー）の最終見極め」となったセルビア戦では、途中出場ながらチーム最多タイのシュートを放つなど 前線を活性化させたが、予備登録の7名に入るにとどまった。
2011年は、FC東京のベテラン代表として 副主将を務めた。この年は「シーズンの終わりまで石川を（負傷離脱などさせることなく）チームに置いておきたい」という大熊清監督の起用法により、出場時間は多くなかったものの、FC東京の連勝記録を塗り替える得点を挙げるなど 勝負所での活躍を見せた。
2012年、アルベルト・ザッケローニ日本代表監督から、攻撃面での「Velocità（スピード）」と「Imprevedibilità(en)（予測不可能性）」を併せ持つ選手として指名され、日本代表に復帰。FC東京では新監督のランコ・ポポヴィッチによって戦意を新たにし、AFCチャンピオンズリーグと並行する過密日程の中でも好調を維持。ゴールへ向かう積極性を発揮した。
2013年はFWルーカスが右SHに配されたことによって定位置を失い、「（東京加入以来）怪我以外で一番試合に出ていない」という苦しい1年を過ごす中、控え組を牽引し、チームを突き上げた。
2014年は腰椎椎間板ヘルニアにより前半戦の大半の欠場を余儀なくされる。夏場にかけて復調したが 完調には至らず、同年の公式戦先発出場はカップ戦の1試合に留まった。
2015年4月にはJ1第4節甲府で1年4か月振りのゴールを決めた。2トップのFWという新たな起用法の中、躍動感あふれるプレーを見せていたが、8月の親善試合E.フランクフルト戦で左膝前十字靭帯を断裂し（同箇所は2009年にも痛めており、石川自身は「よく（ここまで）もってくれた」と述懐。）長期離脱を強いられた。
2度の手術を経て2016年9月19日、FC東京U-23として参加しているJ3第22節秋田戦で418日ぶりに公式戦に出場。しかし年末にかけて状態が悪化。同年限りでの引退を考えたが、クラブからの強い慰留を受けて再起を期した。
2017年8月2日、今シーズン限りで引退をすることが発表された。12月2日、最終節のガンバ大阪戦では今季初出場を飾り、味の素スタジアムで最後の出場となった。次の日のJ3最終節セレッソ大阪U-23戦にもオーバーエージ枠として途中から出場し、原大智の得点をアシストしてラストマッチを勝利で飾った。

2018年1月、FC東京クラブコミュニケーターに就任。2018年3月、日本サッカー協会不服申立委員会委員に就任。2024年からFC東京コミュニティジェネレーターに就任。
2025年4月、立教大学大学院スポーツウエルネス学研究科に入学。",j_club_academy,
29446,石田 凌太郎,ISHIDA Ryotaro,phase1_youth_vs_univ,2020,university,university,youth_promotion_vs_university_ambiguous,"石田 凌太郎（いしだ りょうたろう、2001年12月13日 - ）は、愛知県名古屋市出身のプロサッカー選手。Jリーグ・ブラウブリッツ秋田所属。ポジションはミッドフィールダー、ディフェンダー。


== 略歴 ==
2018年8月、天皇杯3回戦のサンフレッチェ広島戦で高校2年生ながらトップデビューを果たす。
2019年8月31日、来季よりトップチームに昇格することが発表された。
2020年8月1日、第8節の柏レイソル戦で途中出場からプロデビューを果たした。
2022年、徳島ヴォルティスへ育成型期限付き移籍で加入した。徳島での公式戦出場はなく、4月14日に名古屋へ復帰した。
2023年7月13日、栃木SCへ育成型期限付き移籍。


== 所属クラブ ==
グランパスみよしスクール
名古屋グランパスU-12 (名古屋市立植田小学校)
名古屋グランパスU-15 (名古屋市立植田中学校)
名古屋グランパスU-18 (中部大学第一高等学校)
2018年 - 2019年 名古屋グランパスエイト（2種登録選手）
2020年 - 2024年  名古屋グランパスエイト
2022年 - 同年4月  徳島ヴォルティス（育成型期限付き移籍）
2023年7月 - 2024年  栃木SC（育成型期限付き移籍）
2025年 -  ブラウブリッツ秋田


== 個人成績 ==

2018年・2019年は2種登録選手。2019年は2種登録選手としての出場無し

出場歴
Jリーグ初出場 - 2020年8月1日 J1第8節 柏レイソル戦 (豊田スタジアム)
Jリーグ初得点 - 2024年3月24日 J2第6節 大分トリニータ戦 (カンセキスタジアムとちぎ)


== タイトル ==


=== クラブ ===
名古屋グランパスU-18
日本クラブユースサッカー選手権 (U-18)大会（2019年）
Jユースカップ（2019年）
高円宮杯 JFA U-18サッカープレミアリーグWEST（2019年）


== 代表歴 ==
U-15日本代表
デッレナツィオーニトーナメント（2016年）
U-18日本代表
SBSカップ 国際ユースサッカー（2019年）
スペイン遠征（2019年）


== 脚注 ==


== 関連項目 ==
名古屋グランパスエイトの選手一覧
徳島ヴォルティスの選手一覧
栃木SCの選手一覧
ブラウブリッツ秋田の選手一覧


== 外部リンク ==
石田凌太郎 - Soccerway.com (英語)
石田凌太郎 - FootballDatabase.eu (英語)
石田凌太郎 - WorldFootball.net (英語)
石田凌太郎 - Transfermarkt.comによる選手データ (英語)
石田凌太郎 - J.League Data Siteによる選手データ
石田凌太郎 - playmakerstats.com (英語)
石田凌太郎 (@ryotaro131213) - X（旧Twitter）
石田凌太郎 (@ishida_ryotaro_official) - Instagram
石田凌太郎 (@ryotaro_ishida) - Instagram (旧アカウント)",j_club_academy,
38009,神垣 陸,KAMIGAKI Riku,phase1_youth_vs_univ,,university,university,youth_promotion_vs_university_ambiguous,"地元のジュニアユースではサイドバックでプレーしていたが、中学3年の時にボランチにコンバートされ、そのプレーが尚志高校の仲村浩二監督の目に止まり越境入学、キック精度と危機察知能力に優れたボランチとして注目を集める。
その後桐蔭横浜大学に進学しサッカー部でプレー。3年生の当初は社会人登録のリザーブチームに所属するなどしていたが、その後トップチームに昇格。第68回全日本大学サッカー選手権大会準優勝のメンバーとしてもプレーした。
2020年12月7日、2021年シーズンからのレノファ山口FC加入内定が発表された。
2021年3月13日、J2第3節・アルビレックス新潟戦に途中出場しプロデビュー。6月19日、J2第19節・ヴァンフォーレ甲府戦でプロ初ゴールを決めた。
2023年12月12日、契約満了による退団が発表された。12月13日にカンセキスタジアムとちぎで行われたJリーグ合同トライアウトに参加し、12月30日に奈良クラブへの加入が発表された。
2025年12月27日、ザスパクサツ群馬への完全移籍が発表された。",,
49342,種田 陽,Haruhi TANEDA,phase1_youth_vs_univ,,university,university,youth_promotion_vs_university_ambiguous,"小学校4年生から大宮アルディージャのアカデミーに入団した。小学校6年生の時、さいたまシティジュニアカップ2017でチームの初優勝に貢献しベストMF賞に輝いた。その後、U-15を経てU-18に昇格し、2022年から2023年まで2種登録選手としてトップチームに登録された。
2024年1月8日、同期の市原吏音と共にトップチームに昇格。3月13日のルヴァンカップFC岐阜戦でプロ初出場し、プロ初ゴールとなる決勝点を決めた。しかしアメリカの大学へ進学が決まったことから5月19日付けで双方合意で契約を解除した後、6月1日をもってチームを退団した。",j_club_academy,
10453,茂 平,SHIGE Taira,phase1_youth_vs_univ,,university,university,youth_promotion_vs_university_ambiguous,"中学卒業後、大分トリニータU-18に入団。同期に為田大貴、後藤優介、1学年下に後に立命館大学・ギラヴァンツ北九州でもチームメイトとなる國分伸太郎がいた。また在籍した時期は重なってはいないが、大分U-18の先輩・清武弘嗣を尊敬する人物として挙げており、同じく先輩・梅崎司は小中高と同じ学校であった。高校3年次にはトップチームの練習に帯同し、為田・後藤とともにトップチーム昇格の予定であったが急きょ立ち消えになった。
高校卒業後は立命館大学に進学し、サッカー部に入部。2015年には全日本学生選抜、更にはユニバーシアード日本代表のバックアップメンバーに選出された。
大学卒業後の2016年、JFL・奈良クラブに加入。公式戦で計16得点を記録し、JFLのベストイレブン・新人王に選出された。
翌2017年、J3・ギラヴァンツ北九州に完全移籍。
2019年6月2日、J3第10節・ロアッソ熊本戦で終了間際にゴールを決め、これが自身Jリーグ初得点となった。
2020年、ブラウブリッツ秋田に完全移籍。同郷の沖野将基と左右サイドの大村コンビを組んだ。同年は個人としては2年連続となるJ3優勝を経験した。プレーカテゴリがJ2リーグに上がった2021年は、リーグ戦全試合に出場を果たしチームの残留に貢献した。
2023年、大分トリニータに完全移籍。U-18チームでのプレー以来、11年ぶりの大分復帰となった。6月7日の天皇杯・ヴェルスパ大分戦に途中出場するも、相手選手との接触時に膝を痛め負傷退場。左膝前十字靭帯損傷の怪我を負い長期離脱を余儀なくされた。翌2024年4月21日のいわきFC戦にて319日ぶりの復帰を果たした。",,
9891,角野 翔汰,Shota KADONO,phase1_youth_vs_univ,,university,university,youth_promotion_vs_university_ambiguous,"高校時代は大分トリニータU-18に在籍（同期に松原健）。3年次の2010年はリーグ戦20試合に出場し最多タイの5アシストを記録。大分U-18を卒団後は京都学園大学（現：京都先端科学大学）を経て、2015年に鹿児島ユナイテッドFCセカンドに加入。
2017年、鹿児島ユナイテッドFCトップチームに昇格。2018年限りで契約満了により鹿児島を退団。
2019年、福井ユナイテッドFCに移籍。2021年12月17日、契約満了により退団した。
2022年、坂井フェニックスサッカークラブへ加入した。",,大学からJユース経由でトップチーム昇格のケース
44169,谷口 栄斗,TANIGUCHI Hiroto,phase1_youth_vs_univ,,university,university,youth_promotion_vs_university_ambiguous,"谷口 栄斗（たにぐち ひろと、1999年9月30日 - ）は、神奈川県出身のプロサッカー選手。Jリーグ・川崎フロンターレ所属。ポジションはディフェンダー（DF）。


== 略歴 ==
小学校から高校まで東京ヴェルディのアカデミーに在籍。しかし同期でトップチームに昇格できたのは藤本寛也のみで、高校卒業後は国士舘大学に進学した。2021年6月、2022年シーズンからの東京ヴェルディ加入内定、並びに特別指定選手承認が発表された。
2022年、東京ヴェルディに正式加入。2月27日、J2リーグ第2節の栃木SC戦でスタメン出場しプロデビュー。3月26日、第6節のモンテディオ山形戦でプロ初ゴールを決めた。
2023年、自身初の開幕スタメンを掴んだものの、2月26日、J2第2節の大分トリニータ戦後に負傷離脱。その後復帰するも、7月9日、第25節のFC町田ゼルビア戦（東京クラシック）でまたも負傷離脱（その後、8月26日、第32節のファジアーノ岡山戦で復帰）。クラブはJ1昇格プレーオフを経て16年ぶりとなるJ1復帰を果たしたものの、自身は前年に比べ出場試合数を大きく減らしてしまう、故障に悩まされたシーズンとなった。
2024年も引き続き東京ヴェルディに在籍。4月3日、J1第6節の湘南ベルマーレ戦でJ1初ゴールを記録。クラブの5646日ぶりのJ1での勝利および、J1でのアウェイゲーム通算100勝に大きく貢献した。しかし4月13日、第8節のFC東京戦（東京ダービー）で去年に続き負傷離脱。本格的な復帰は6月15日、第18節のサンフレッチェ広島戦までずれ込むこととなり、前半節（第1節～第19節）を半分近く棒に振ってしまうこととなった。その後は累積警告で出場停止となった1試合を除き全試合に帯同。チームのホーム最終戦となる11月30日、第37節の川崎フロンターレ戦では、自身初となるハットトリックを、すべてセットプレーからのゴールで達成した。ヴェルディの選手がJ1でハットトリックを達成したのは19年ぶり10回目（7人目）の快挙となったものの、試合には敗れた。
2026年より川崎フロンターレに完全移籍。


== 所属クラブ ==
荻野サッカー少年団
東京ヴェルディジュニア
東京ヴェルディジュニアユース
東京ヴェルディユース
国士舘大学
2021年6月 - 同年12月  東京ヴェルディ（特別指定選手）
2022年 - 2025年  東京ヴェルディ
2026年 -  川崎フロンターレ


== 個人成績 ==

2021年は特別指定選手としての公式戦出場なし
出場歴
Jリーグ初出場 - 2022年2月27日 J2第2節 栃木SC戦 (味の素スタジアム)
Jリーグ初得点 - 2022年3月26日 J2第6節 モンテディオ山形戦 (NDソフトスタジアム山形)
その他の公式戦
2023年 J1昇格プレーオフ 2試合0得点


== 代表・選抜歴 ==
2017年 U-18日本代表
2018年 U-19日本代表
2018年 U-19全日本大学選抜
2020年 関東B・北信越選抜


== 脚注 ==


== 関連項目 ==
特別指定選手としてJリーグクラブに登録された選手一覧
東京ヴェルディ1969の選手一覧
川崎フロンターレの選手一覧


== 外部リンク ==
谷口栄斗 (@hirototaniguchi0930) - Instagram
谷口栄斗 - Soccerway.com (英語)
谷口栄斗 - FootballDatabase.eu (英語)
谷口栄斗 - WorldFootball.net (英語)
谷口栄斗 - Transfermarkt.comによる選手データ (英語)
谷口栄斗 - J.League Data Siteによる選手データ
谷口栄斗 - playmakerstats.com (英語)",,
5861,近藤 直也,Naoya KONDO,phase1_youth_vs_univ,2003,university,university,youth_promotion_vs_university_ambiguous,"

栃木県宇都宮市出身。父は大学教授、兄は後にキャリア官僚となるエリート一家に生まれ、3歳の時に1年間アメリカで生活した。帰国後は茨城県つくば市に居住。兄の影響により竹園西幼稚園でサッカーを始め、竹園小学校では地元のサッカークラブ「竹園西FC」に入団。2学年後輩にカレン・ロバートがいた。

小学5年時に柏レイソルジュニアのセレクションに合格したが、本人いわく「小学校が終わってからバスと電車を乗り継いで柏まで通うのは難しいと思った」という理由で入団を断念。

つくば市立竹園東中学校入学後はサッカー部に所属。１年時にはサッカーのプレー経験や指導経験を持たない顧問の練習方法や指導方法に異論を唱え、それをまとめた文章をクラスの文集に掲載して話題に。2年時の夏休みには知人を介して柏レイソルジュニアユースの練習に参加し、のちに同期入団することになる★宇野沢祐とこの時に初めて対面している。

同中学サッカー部ではまったく目立った成績を残せず、個人としてもつくば市トレセンに選出される程度だったが、1999年、柏レイソルユースのセレクションに合格。入団を決めた。

同中学卒業後は、茨城県立竹園高等学校へ進学。放課後にバスと電車を乗り継ぎ往復3時間かけて柏市の練習場まで通う生活を送りながらも、学業面は非常に優秀で、2年次最後の試験では学年4位の成績を収めている。高校3年間のすべての教科の成績（評点平均）は5段階評価で「4.7」だった。

高校からは早稲田大学や慶應義塾大学など有名私大への推薦入学を勧められ、母はプロ入りを反対して大学進学を促した。しかし父は「3年以内にJリーグデビューを果たせなければプロの道を諦めて大学に進学すること」を条件にプロ入りを認め、プロサッカー選手の道を選んだ。2002年にトップチーム昇格。実は、父の勧めで2002年1月に筑波大学体育専門学群のAO入試を受けているが、面接時に面接官から「受かったら大学に通えるか」と問われると「通うのは難しい」と即答。本人はのちに「それが原因で試験に落ちた」と振り返っている。

2003年、J11stステージ第2節鹿島アントラーズ戦で公式戦初出場。「緊張でウォームアップ中に吐きそうになった」（本人談）が、試合では鹿島のブラジル人FWエウレルを見事にシャットアウトした。2ndステージ第8節ジュビロ磐田戦で公式戦初得点を記録した。
2004年、レギュラーポジションを獲得し、リーグ戦27試合に出場。

2005年、夏にグロインペイン症候群を発症し、手術を受ける。復帰直後の練習中に芝に足が引っかかり右膝前十字靭帯断裂の大ケガを負い、長期離脱を余儀なくされた。チームドクターからは「交通事故でしか見たことがないケガ」と言われ、8時間に及ぶ大手術を経て2カ月間の入院生活を強いられた。

約1年のリハビリを経て復帰した2007年は開幕からレギュラーポジションを獲得し、好パフォーマンスを続けた。6月にはイビチャ・オシム監督率いる日本代表候補合宿への招集を受ける（センターバックは中澤佑二、田中マルクス闘莉王、近藤の3名）。合宿では当時日本代表チームのコーチであった大熊清に「キリンカップも招集するから準備しておけよ」と言われていたが、直後のJリーグ・ガンバ大阪戦で足首靭帯を損傷し、再び3カ月の戦線離脱を余儀なくされた。その後も左膝内側側副靭帯損傷などのケガが相次ぎ、出場機会を大きく減らしていった。

2009年、高橋真一郎監督の下でボランチとして起用されるなど徐々に出場機会を増やしたが、思うようなパフォーマンスを維持することができずに出場機会を減らす。セレッソ大阪への移籍を視野に入れていた7月、高橋監督が解任されてネルシーニョ新監督が就任すると、その初陣からスタメン起用され、以降は全試合に出場。しかしチームは不振に喘ぎ、J2降格の憂き目に遭った。
2010年、完全にレギュラーポジションを取り戻し、累積警告・退場による出場停止を除くリーグ戦全34試合にフル出場。シーズン通算24失点（1試合平均0.67失点）という鉄壁の守備を支え、クラブ初のJ2優勝・1年でのJ1昇格に貢献した。

2011年、チーム最多となるリーグ戦31試合にフル出場。Jリーグ史上初となる昇格初年度でのJ1優勝を達成し、自身もJリーグベストイレブンに初選出された。2011 FIFAクラブワールドカップでも全4試合に出場し、準決勝ではブラジル代表FWネイマールを擁するサントスと対戦した。

2012年は10月に左太腿裏肉離れによる負傷離脱もあったが、引き続きレギュラーとしてリーグ戦26試合に出場。天皇杯優勝にも貢献している。

2013年も不動のレギュラーとして31試合に出場。ヤマザキナビスコカップ優勝に貢献した。

2014年はシーズン途中から再びグロインペイン症候群を発症し、出場機会を減らした。

2015年も細かいケガが続き、出場機会が激減。11月22日に行われた明治安田生命J1リーグ 2ndステージ 第17節 アルビレックス新潟戦の試合後の最終戦セレモニーで2015年シーズンをもって契約を終了することを発表した。

2015年12月30日、ジェフユナイテッド市原・千葉への完全移籍が発表された。

2017年よりキャプテンに就任することが発表され、J2リーグ開幕前に行われた「ちばぎんカップ」では対戦相手のキャプテンとして日立台のピッチに立った。この年はフアン エスナイデル監督の下でキャプテンとしてハイライン・ハイプレスの戦術を採るチームを最終ラインから牽引。シーズン終盤には7連勝の快進撃によって6位となり、J1昇格プレーオフに進出したが、名古屋グランパスに敗れてシーズンを終えた。

2018年はシーズン途中にキャプテンの変更が発表されたものの、出場機会を減らすことなく37試合に出場。シーズン終了後の12月末に東京ヴェルディへの移籍が発表された。

2019年、東京ヴェルディへ完全移籍。キャプテンに指名されたが成績不振を理由にシーズン途中でギャリー・ジョン・ホワイト監督が退任し、ユースの監督を努めていた永井秀樹がトップチームの監督に就任。J2リーグ13位でシーズンを終えた。

2020年、永井監督の下でなかなか出場機会を得られなかったが、夏場以降は徐々に出場機会を増やし、Jリーグ通算400試合出場を達成。しかし12月19日、2020年シーズンをもって現役を引退すると発表されたため、このメモリアルマッチが現役生活最後の試合となった。

2003年、U-20日本代表に選出され、2003 FIFAワールドユース選手権やトゥーロン国際大会に出場。FIFAワールドユース選手権ではダニエウ・アウヴェスやフェルナンジーニョ擁するブラジル代表に1-5の大差で破れてベスト8。トゥーロン国際大会ではポルトガルと対戦し、のちにバロンドールを獲得するクリスティアーノ・ロナウドを完封した。

2004年、U-23日本代表に選出され、アテネ五輪アジア最終予選を戦ったが、本大会メンバーには選出されなかった。
2007年5月には初めて日本代表候補に選出されたが、直後に負傷離脱。

2012年、日本代表に初選出され、同じ柏レイソル所属の田中順也と共にキリンチャレンジカップ・アイスランド戦で国際Aマッチ初出場。",j_club_academy,
10777,近藤 貫太,Kanta KONDO,phase1_youth_vs_univ,,university,university,youth_promotion_vs_university_ambiguous,"愛媛FCジュニアユースを経て、ユースへ昇格。2009年8月、高校1年でトップチームに2種登録され（翌2010年も3月に2種登録）、「 愛媛FCユースの最高傑作」とも評された。高校3年時にはU-18日本代表に選出され、AFC U-19選手権2012の予選に出場。今治西高校卒業後、トップチームへ昇格することもできたが、慶應義塾大学へ進学することを選択し、サッカー部では1年生からレギュラーとして活躍した。2013年の総理大臣杯を最後に海外挑戦を決意、サッカー部を退部。
2014年、大学を休学してユース時代を過ごした古巣・愛媛FCへ入団。同年3月、Jリーグ・アンダー22選抜に選手登録された。
2015年をもって契約満了のため退団。
2016年、休学していた慶應義塾大学に復学し、サッカー部へ復帰した。
2017年、第一線からの引退を自身のツイッターで発表。
2018年は東京都社会人リーグ１部のCERVESA東京でアマチュアプレーヤーとしてプレーをしている。[1]",,
8092,都倉 賢,TOKURA Ken,phase1_youth_vs_univ,2005,university,university,youth_promotion_vs_university_ambiguous,"

みこころ幼稚園、慶應義塾幼稚舎、慶應義塾普通部（横浜F・マリノスジュニアユース菅田）を経て、慶應義塾高等学校時代に「ミスター塾高」に選ばれた。慶應義塾大学休学中のままプロサッカー選手へ転向。サッカー選手としては、横浜F・マリノスジュニアユース菅田から川崎フロンターレU-18を経て、2005年より川崎Fのトップチームに昇格。

川崎Fで出場機会を得られず、2008年途中にザスパ草津に期限付き移籍。2009年に草津へ完全移籍し、香川真司に次ぎリーグ2位となる23得点をあげた。

2010年にヴィッセル神戸へ完全移籍。4月17日のベガルタ仙台戦で移籍後初得点を記録。2011年は第17節鹿島アントラーズ戦で試合終盤に中足骨を骨折し、シーズンをほぼ棒に振る。
2012年6月30日の古巣川崎F戦でゴール後、イタリア代表で当時マンチェスター・シティ所属のマリオ・バロテッリがEURO2012で披露したゴールセレブレーションを模倣し、イエローカードを受けた。
2013年シーズン終了後、契約満了により神戸を退団。その後デンマーク・スーペルリーガ2013 - 14シーズン9位のFCベストシェランでトライアウトに参加したが契約に至らなかった。

FCベストシェランのトライアウトに参加している際はJクラブからのオファーを全て断っていたが、その後も近況を気にして連絡を取っていたコンサドーレ札幌が2014年2月末に再びオファーを出した。デンマークから帰国した成田空港で札幌の三上GMに出迎えられ、3月にJ2のコンサドーレ札幌に完全移籍。10月26日のJ2第38節湘南ベルマーレ戦でゴールキーパーからのロングフィードを胸トラップして放ったミドルシュートが2014年のJ2最優秀ゴール賞に選ばれた。また、このゴールは札幌のクラブ通算1000号ゴールとしてクラブの歴史に刻まれた。シーズンオフにJ1昇格が決まっていた松本山雅FCからの完全移籍オファーが届き、95%は移籍へと気持ちは傾いていたが、悩みに悩みオファーを断り札幌へ残留することを決断した。サポーターが掲げた『都倉来年も熱い刺激を俺たちに』が決断した要素の一つになったと都倉自身が公言。
2016年3月6日、J2第2節のFC岐阜戦で自身初となるハットトリックを試合前半で達成した。シーズンオフに今まで複数年契約を固辞し単年契約だったが、今回は自身初となる複数年契約で合意した。
2017年は自身4年ぶりのJ1出場を果した。8月28日に第一子となる女児が生まれ、9月9日のJ1第25節ジュビロ磐田戦で父親として初試合で同点ゴールを決め、ゆりかごダンスを披露した。J1では自身最多となるリーグ戦のシーズン9得点を記録した。
2018年、4月8日のJ1第6節名古屋グランパス戦でシーズン初ゴールとなるバイシクル弾が、4月度の月間ベストゴールに選出される。4月17日のJ1第8節柏レイソル戦で自身のJ1通算100試合目となる試合で、クラブJ1アウェイ通算100号ゴールを決めた。5月5日、J1第13節ガンバ大阪戦でバイシクルシュートを決めて勝利に貢献し、自身Jリーグ通算100ゴールを達成。8月19日のJ1第23節FC東京戦でクラブJ1ホーム通算150号ゴールを決めた。8月25日のJ1第24節清水エスパルス戦でも得点を挙げ、自身初のJ1リーグ二桁得点を達成した。この得点は札幌通算70得点（カップ戦も含む）であり、バルデスが持つ札幌通算得点記録に並んだ。

2019年シーズンより山口蛍、 山村和也、杉本健勇といった主力が抜けたセレッソ大阪に完全移籍で加入。開幕戦はチケット完売で4万人以上の観客が駆けつけた中、途中出場し、高さを活かしたプレーで流れを呼び込み勝利に貢献した。試合後のインタビューでスタジアムの雰囲気を聞かれ、「いや、もう、雰囲気は最高でしたよ！僕自身、多分、このスタジアムでプレーしたことはなかった。札幌ではキンチョウスタジアムだったり、ザスパのときも、長居でやったときは僕が出場停止で来られなかったり、縁がなかった。そういった中で、初めてプレーした長居が超満員で、最高の雰囲気の中で勝てたことが全てでした。ある意味、ふたを開けてみないと分からない開幕戦で、僕自身、勝ててホッとして、少しはセレッソの一員になれたかなと感じています」と答えた。
2019年3月30日、第5節のベガルタ仙台戦で移籍後初得点を決めた。その後もレギュラーで活躍するも、5月11日に行われた横浜F・マリノス戦で右膝前十字靭帯損傷および右膝外側半月板損傷で全治8カ月の離脱となった。その1週間後に行われた大阪ダービーでは背番号9のコレオグラファーが作られた。怪我の影響でその後試合に出場することなくリーグ戦11試合1得点で終えた。
2020年シーズン サンガスタジアム by KYOCERAのこけら落としとなった京都サンガF.C. とのプレシーズンマッチで長期離脱から復帰し、84分に出場、92分にチームの3点目を決めた。「チームメートが僕のユニフォームを着て試合に出てくれたり、サポーターがコレオをしてくれたり、たくさんの人に支えられてここまでくることができました。」と語った。
第25節ヴィッセル神戸戦で前半33分、ボールをキャッチしている相手GKに対して、遅れたタイミングでシュートを試み、左足で顔面を蹴りレッドカードで退場となった。この行為で負傷した前川黛也は「試合後検査のため病院へ行き、脳や目などの怪我は大丈夫でした 危険な場面でしたが、お互い点を取る、守るため必死です。試合中後も都倉選手からも謝罪はしっかり受けてます」とSNSに投稿した。
その後は3試合に出場した。12月20日、契約満了となり退団することが発表された。

2021年、V・ファーレン長崎へ加入した。2023年シーズン終了後に契約満了となった。

2023年12月13日にカンセキスタジアムとちぎで行われたJリーグ合同トライアウトに参加し、紅白戦では2得点1アシストを記録した。12月27日にいわてグルージャ盛岡への加入が発表された。2024年12月13日、Jリーグに加盟したばかりの栃木シティFCへの期限付き移籍が発表された。
2025年12月3日、岩手、栃木Cともに契約満了を発表。トライアウト参加を試みたものの、参加資格が「Jリーグ所属選手のみ」に厳格化されたため、所属元の岩手が日本フットボールリーグ (JFL) 所属である都倉は参加することができなかった。

2026年1月16日、関西リーグ・IKOMA FC 奈良へ移籍することが発表された。",j_club_academy,
8938,齋藤 学,SAITO Manabu,phase1_youth_vs_univ,,university,university,youth_promotion_vs_university_ambiguous,"

小学生時代から一貫して横浜F・マリノスの下部組織に所属し、2006年にはAFC U-17選手権2006の代表選手に選出された。
2008年には2種登録ながらリーグ戦7試合に出場。2009年にトップチームに昇格した。

2010年は6月5日に行われたナビスコ杯・ヴィッセル神戸戦でプロ初ゴールを挙げるも、リーグ戦はわずか5試合の出場にとどまった。シーズン終了後に出場機会を求め期限付き移籍をチームに志願した。

2011年シーズンは、愛媛FCにレンタル移籍。複数のクラブからオファーがあったが愛媛の強化部長の『ユースのときから君のことを注目してきた』という言葉で移籍を決意。愛媛では、開幕戦からチームの主軸として活躍。リーグ中盤ではなかなか得点が奪えなかったものの、最終的にJ2で14得点を挙げた。

2012年シーズンより横浜FMに復帰。復帰後は主力として活躍し、7月にはロンドンオリンピックのメンバーに選出された。2013年シーズンは、ナビスコカップニューヒーロー賞の獲得 や初のA代表選出、自身初のクラブタイトル天皇杯優勝など飛躍の一年となった。2014年シーズンの開幕前にドイツのVfLヴォルフスブルクからオファーが届くも横浜FMに残る事を決意。5月にはブラジルW杯のメンバーに選出された。
2016年10月1日、2ndステージ第14節のヴァンフォーレ甲府戦では2得点2アシストの活躍をした。10月29日、2ndステージ第16節のサガン鳥栖戦でJ1リーグ初の二桁得点を達成した。12月、Jリーグアウォーズでベストイレブンに初選出された。シーズン終了後は、海外移籍を目指し海外クラブと交渉するも合意には至らず、2017年最初の横浜FMの宮崎キャンプには練習生として参加した。
2017年2月8日に正式にクラブと契約更改し、背番号を「11」から前年まで中村俊輔が付けていた「10」に変更。また、同シーズンのキャプテンを務めることとなった。2月25日の開幕戦・浦和レッズ戦では2アシスト、4月8日の第6節・ジュビロ磐田戦では2アシストの活躍をし、新旧「10」番対決を制するなど主力として活躍するものの得点がなかなか奪えなかった。7月12日の天皇杯3回戦・アスルクラロ沼津戦で今季初得点を決めると、9月16日の第26節・柏レイソル戦でリーグ戦今季初得点を決めた。しかし、リーグ戦初得点を決めた直後の試合となった9月23日の第27節・ヴァンフォーレ甲府戦で負傷し、翌24日に検査を受け、 右膝前十字靭帯損傷により全治8カ月の見込みと診断された。

2018年1月12日、川崎フロンターレに完全移籍で加入することが発表された。昨季は10番をキャプテンとして背負いながらも、怪我で試合になかなか出られていなかった事や、契約期間が満了し移籍金（違約金）がかからない事、移籍先がライバルチームであり前年優勝した川崎だった事などが理由で横浜FMのサポーターから批判された。齋藤は「ポジション争いが一番厳しいかなと思った。自分が一番厳しい道を選ぼうと」と移籍理由を語り、後日SNSで「何を言われてもしょうがない。そう思っていましたが、今までマリノスの選手として闘ってきたこと。これだけは否定されたくない」と横浜FMのサポーターに言葉を書き綴った。実際に、マリノスに貢献するために2014年にはキャリアの目標だった海外挑戦であるドイツからのオファーを断っている。また、この決断が結果的にキャリアを変えており、フロンターレ移籍前に海外からのオファーを待ったがどこからもオファーがなかった。
4月8日、第6節の古巣・横浜FM戦で怪我から復帰を果たした。10月21日、第30節のヴィッセル神戸戦で移籍後初得点を決めた。
2019年7月3日に行われた明治大学との天皇杯でフロンターレ加入後初めてキャプテンマークを巻いた。7月14日のFC東京戦、7月27日の大分トリニータ戦で連続ゴールを決める活躍で先発出場が増えたが、8月24日の清水エスパルス戦で相手選手と交錯し右膝内側側副靭帯損傷を負った。
その後、リハビリを経て怪我から回復するも、2020シーズンの前半戦では主に途中出場がメインで、一時期ベンチ外となった時期もあった。それでも諦めずに、同じくベンチ外だった選手たちと共に一から練習に励み、8月29日の清水戦で先発出場となった。11月25日の第29節・G大阪戦では後半の終盤に途中出場して、川崎のJ1史上最速優勝を決定づける決勝ゴールを決めた。最終的には、2020シーズン・川崎でのリーグ戦出場試合数は25と、過去二年間を上回った。

2021年1月9日、名古屋グランパスへの完全移籍が発表された。6月28日、AFCチャンピオンズリーグ・グループステージの第3節にて移籍後初ゴールを決めた。

2022年6月30日、水原三星ブルーウィングスへ完全移籍することが発表された。
当初は1年半という契約が伝えられていたが、同年12月16日、契約満了により退団が発表された。本人は「チームメイトやクラブは優しかったが、どうしても外食が多くなり、油や辛さに適応できず朝6時まで寝付けなかった」と話した。初めての海外挑戦で生活習慣を崩してしまい、メンタル面でも不調を抱えた。

2023年1月25日、ニューカッスル・ユナイテッド・ジェッツFCへ2022-23シーズン終了までの契約で加入することが発表された。
5月6日、チームより退団が発表された。

2023年7月31日、ベガルタ仙台への加入が発表された。12月21日、同シーズンをもって仙台を退団することを発表された。

2024年2月22日、アスルクラロ沼津へ加入が発表された。

2012年7月、ロンドンオリンピックサッカー日本代表に選出された。2013年7月、東アジアカップ2013の日本代表に初選出され、7月21日の中国戦で途中出場し、フル代表初出場した。続く7月25日のオーストラリア戦ではスタメンで出場し代表初得点を記録した。2014年5月12日、2014 FIFAワールドカップ日本代表に選出された。しかし、本大会での出場機会はなくチームもグループリーグで敗退した。
2016年3月に、ヴァイッド・ハリルホジッチ体制では初の代表メンバーに招集された。10月の代表戦でも武藤嘉紀と宇佐美貴史の怪我で追加招集されたが、それ以降は遠ざかっている。",j_club_academy,
