source_player_id,name_ja,name_en,tier,wikipedia_title,any_national_team_selection,national_team_categories,national_team_reason,wikipedia_national_team_context,reviewed_any_national_team_selection,reviewed_categories,reviewer_note
3242,大和田 真史,Masashi OWADA,pre2014_p1,大和田真史,no,,negation_or_candidate_language_present,"大和田 真史（おおわだ まさし、1981年7月28日 - ）は、茨城県出身の元サッカー選手、サッカー指導者。現役選手時のポジションはDF。


== 来歴 ==


=== プロ入り前 ===
1997年、鹿島アントラーズのジュニアユースからユースに昇格し、同時に茨城県立神栖高等学校に入学。ユースの同期生に、根本裕一、野沢拓也がいる。ユース時代に世代別代表候補に選出され、1999年シーズンは野沢とともにトップチームに2種登録された。
2000年、明治大学に進学し、サッカー部に入団。主将をつとめ、関東リーグ2部ベストイレブンに選出された。


=== プロ入り後 ===
2004年に水戸ホーリーホックの練習に参加し、夏から選手登録される。2005年には正式に水戸ホーリーホックに入団し、レギュラーを獲得した。2009年シーズンからは、移籍した平松大志に代わり主将をつとめた。
2011年シーズンより栃木SCへ移籍。2012年より副キャプテンに任命される。2013年シーズン終了をもって栃木SCとの契約が満了となった。
2014年1月14日、現役引退を発表。


=== 指導者時代 ===
2014年4月、東京国際大学体育会サッカー部コーチに就任した。
2017年、モンテディオ山形コーチに就任した。
2022年、ジェフユナイテッド市原・千葉のコーチに就任。
2026年、ファジアーノ岡山FCのコーチに就任。


== 所属クラブ ==
1994年 - 1996年 鹿島アントラーズジュニアユース
1997年 - 1999年 鹿島アントラーズユース（茨城県立神栖高等学校）
2000年 - 2003年 明治大学体育会サッカー部
2004年 - 2010年 水戸ホーリーホック
2011年 - 2013年 栃木SC


== 個人成績 ==

Jリーグ初出場 - 2004年6月19日 J2 第18節 対湘南ベルマーレ戦（平塚競技場）
Jリーグ初得点 - 2005年5月27日 J2 第14節 対横浜FC戦（笠松運動公園陸上競技場）


== 指導歴 ==
2014年 - 2016年 東京国際大学体育会サッカー部 コーチ
2017年 - 2021年 モンテディオ山形 コーチ
2022年 - 2025年 ジェフユナイテッド市原・千葉 コーチ
2026年 - ファジアーノ岡山FC コーチ


== 出演 ==


=== ラジオ ===
SC_FM『マサラジ』(RADIO BERRY 2011年3月1日～2013年12月31日終了、火曜日20：55～21：00、2013年2月5日から火曜日20：00～20：30)


== 脚注 ==


== 関連項目 ==
茨城県出身の人物一覧
水戸ホーリーホックの選手一覧
栃木SCの選手一覧


== 外部リンク ==
大和田真史 - Soccerway.com (英語)
大和田真史 - FootballDatabase.eu (英語)
大和田真史 - FBref.com (英語)
大和田真史 - Transfermarkt.comによる選手データ (英語)
大和田真史 - Transfermarkt.comによる指導者データ (英語)
大和田真史 - J.League Data Siteによる選手データ",,,
7639,芳賀 博信,Hironobu HAGA,pre2014_p1,芳賀博信,unclear,U16,negation_or_candidate_language_present,"芳賀 博信（はが ひろのぶ、1982年12月21日 - ）は、元サッカー選手。ポジションはMF。


== 来歴 ==
仙台育英高では10番を背負い、国民体育大会や高校選手権にも出場した。また元U-16日本代表候補の経験がある。その後、Jリーグクラブには行けず仙台大学に進学したが、プロ選手の夢を諦めきれずに大学を中退。セレクションを経て、2003年にジェフ千葉の下部組織ジェフユナイテッド市原アマチュアに加入する。
アマチュア時代は、昼間はとび職をしながら夕方に練習をし、週末に地域リーグを戦った。また天皇杯千葉県代表の立役者ともなった。そして2004年の夏ごろから、当時の監督イビチャ・オシムに認められトップチームの練習に参加。9月にアマチュアからのトップチーム昇格第1号となった。
トップチーム昇格後、11月の神戸戦でJ1初出場を果たした。また、この試合でアシストも記録。2005年からは正式にジェフのトップチームとプロ契約。当時のジェフは中盤の選手の層が厚かったこともあり公式戦出場は無かったが、1年間通してオシムの指導を受けることが出来たのは、大きな財産になった。
その後、サテライトリーグで対戦した際の芳賀のプレーに注目したコンサドーレ札幌からのオファーがあり、2006年に完全移籍した。
札幌では右WB、ボランチとしてレギュラーに定着し、2007年はキャプテンに就任。『今年1年、チームと共に成長していけるように頑張ります。キャプテンとしてチームを牽引し､絶対にJ1昇格を達成したいと思います』とのコメントを発表した。
2007年6月27日第24節のザスパ草津戦においてJ初ゴールとなるミドルシュートを決めた。
2012年シーズンを最後に現役を引退し、札幌のアドバイザリースタッフに就任した。
2024年10月1日 札幌のネットワーク・サービス株式会社(ECFグループ)のスーパーバイザーとして就任。
事業内容は主にビルメンテナンス関連


== 所属クラブ ==
1998年 - 2000年 仙台育英学園高等学校
2001年 - 2002年 仙台大学 (中退)
2003年4月 - 2004年9月 ジェフユナイテッド市原アマチュア
2004年9月 - 2005年 ジェフユナイテッド市原/ジェフユナイテッド市原・千葉
2006年 - 2012年 コンサドーレ札幌


== 個人成績 ==

Jリーグ初出場 - 2004年11月20日 J1 2nd第13節 ヴィッセル神戸戦（市原緑地運動公園臨海競技場）
Jリーグ初得点 - 2007年6月27日 J2 第24節 ザスパ草津戦（札幌ドーム）


== 脚注 ==


== 関連項目 ==
ジェフユナイテッド市原・千葉の選手一覧
北海道コンサドーレ札幌の選手一覧


== 外部リンク ==
芳賀博信 - Soccerway.com (英語)
芳賀博信 - FootballDatabase.eu (英語)
芳賀博信 - WorldFootball.net (英語)
芳賀博信 - FBref.com (英語)
芳賀博信 - Transfermarkt.comによる選手データ (英語)
芳賀博信 - J.League Data Siteによる選手データ
コンサドーレ札幌公式サイトのプロフィール - ウェイバックマシン（2012年5月9日アーカイブ分）",yes,A|U16,
6378,本橋 卓巳,Takumi MOTOHASHI,pre2014_p1,本橋卓巳,yes,U15|U16|U20,negation_or_candidate_language_present,"1997年 U-15日本代表
1998年 U-16日本代表
2001年 U-20日本代表候補",,U15|U16,
6096,三田 光,Hikaru MITA,pre2014_p1,三田光,yes,U23|other,negation_or_candidate_language_present,"三田 光（みた ひかる、1981年8月1日 - ）は、東京都杉並区出身（世田谷区育ち）の元プロサッカー選手。ポジションはディフェンダー（センターバック、サイドバック）及びミッドフィールダー（ボランチ）。


== 来歴 ==
兄の影響で幼稚園からサッカーを始め、小・中学校時代は読売ユースでプレーしていた。
1997年に國學院久我山高校へ進学。1期上に笠木新、1期下に関光博及び津田和樹。3年生時に東京都選抜として国体に出場した。
2000年からは國學院大學に通いつつ、アマチュア契約で練習生としてFC東京に加入。ボランチを志望していたが長身とフィード力からDFとしても構想された。左サイドバックでの練習を重ね、MF佐藤由紀彦と共にクロスを磨いた。
入団テストを経て、2002年よりアルビレックス新潟に移籍（大学は休学）。同年開幕戦より先発出場を続け、5月にはトゥーロン国際大会に臨むU-21日本代表に抜擢された。さらにアジア競技大会でも全試合に出場。2003年は新潟での出場時間を伸ばし、J2優勝及びJ1昇格に貢献した。
2005年にはベガルタ仙台に1年間期限付き移籍。同年第4節札幌戦でJ2初得点を記録した。2006年、新潟に復帰。主に右サイドバックをこなし、鋭いクロスを供給し続けた。同年第12節清水戦でJ1初得点。2007年限りで退団。
2008年に湘南ベルマーレへ移籍するも、1年で戦力外通告を受ける。
2009年より徳島ヴォルティスに移籍。左右のサイドバック、センターバックと複数のポジションに配されたが、安定したプレーでチームを支えた。2010年限りで契約満了。
2011年からはFC岐阜に完全移籍。2012年をもって契約満了となり、同シーズン限りで現役を引退。2013年からは岐阜の下部組織でコーチを務める。2016年に日本サッカー協会公認A級ジェネラルコーチライセンスを取得し、同年8月よりトップチームコーチに就任。


== 所属クラブ ==
ユース経歴
宝陽幼稚園サッカー部
武蔵丘FC (世田谷区立武蔵丘小学校)
読売日本サッカークラブユースS (同上)
読売日本サッカークラブジュニアユース (世田谷区立烏山中学校)
1997年 - 1999年 國學院大學久我山高等学校
プロ経歴
2000年 - 2001年  FC東京
2002年 - 2007年  アルビレックス新潟
2005年  ベガルタ仙台 (期限付き移籍)
2008年  湘南ベルマーレ
2009年 - 2010年  徳島ヴォルティス
2011年 - 2012年  FC岐阜


== 個人成績 ==

2002年3月03日：J2初出場 - J2第1節 vs水戸ホーリーホック (ひたちなか)
2004年4月18日：J1初出場 - J1 1st第6節 vsジェフユナイテッド市原 (国立)
2005年3月26日：J2初得点 - J2第4節 vsコンサドーレ札幌 (札幌ド)
2006年5月06日：J1初得点 - J1第12節 vs清水エスパルス (新潟ス)
2009年5月05日：J2・100試合出場 - J2第13節 vsファジアーノ岡山FC (岡山)


== 代表・選抜歴 ==
1999年 東京都選抜 - 国民体育大会サッカー競技
2002年 U-21日本代表 - トゥーロン国際大会、第14回アジア競技大会
2003年 U-22日本代表 - アテネオリンピックアジア地区予選
2004年 U-23日本代表候補


== 指導歴 ==
2013年 - 2018年 FC岐阜
2013年 - 2014年 U-15 コーチ
2015年 U-15 監督
2016年1月 - 同年7月 アカデミーダイレクター兼U-18 監督
2016年8月 トップチームコーチ
2017年 - 2018 年 アカデミーダイレクター兼U-18 監督
2019年 - 2022年 ファジアーノ岡山
2019年 - 2021年 U-18 コーチ
2022年 U-12 リードコーチ
2023年 - FC町田ゼルビア アシスタントコーチ


== 脚注 ==


== 関連項目 ==
FC東京の選手一覧
アルビレックス新潟の選手一覧
ベガルタ仙台の選手一覧
湘南ベルマーレの選手一覧
徳島ヴォルティスの選手一覧
FC岐阜の選手一覧


== 外部リンク ==
三田光 - Soccerway.com (英語)
三田光 - FootballDatabase.eu (英語)
三田光 - WorldFootball.net (英語)
三田光 - FBref.com (英語)
三田光 - Transfermarkt.comによる選手データ (英語)
三田光 - J.League Data Siteによる選手データ
三田光 (profile.php?id=100002845622903) - Facebook
夢先生プロフィール (PDF)  - JFAこころのプロジェクト
プロフィール (2001年版) - ウェイバックマシン（2001年11月21日アーカイブ分） - FC東京
プロフィール (2007年版) - ウェイバックマシン（2007年11月29日アーカイブ分） - アルビレックス新潟
プロフィール (2008年版) - ウェイバックマシン（2008年12月22日アーカイブ分） - 湘南ベルマーレ
プロフィール (2010年版) - ウェイバックマシン（2010年12月25日アーカイブ分） - 徳島ヴォルティス
プロフィール (2012年版) - ウェイバックマシン（2012年12月28日アーカイブ分） - FC岐阜",,U23|other, [調整 2026-07-25] U-21（トゥーロン）はU-23五輪代表系列のため、SAP のカテゴリ語彙に合わせ U21→U23 に正規化。
6533,鈴木 良和,Yoshikazu SUZUKI,pre2014_p1,鈴木良和,yes,U15|U16|U17,negation_or_candidate_language_present,"1997年U-15日本代表候補
1998年U-16日本代表（AFC U-17選手権代表）",,U16,
5240,茂原 岳人,Takehito SHIGEHARA,pre2014_p1,茂原岳人,yes,other,negation_or_candidate_language_present,"2003年 U-22日本代表
2008年 日本代表候補",,,
6089,小森田 友明,Tomoaki KOMORIDA,pre2014_p1,小森田友明,yes,U19|U20|other,negation_or_candidate_language_present,"U-19日本代表候補
U-20日本代表
U-21日本代表候補",,U20,
6665,尾亦 弘友希,Hiroyuki OMATA,pre2014_p1,尾亦弘友希,yes,U18|U19|U20,negation_or_candidate_language_present,"2001年 U-18日本代表候補
2002年 U-19日本代表 - Nokia debitel Cup、SBSカップ、AFCユース選手権カタール大会
2003年 U-20日本代表",,U19|U20,
6245,根占 真伍,Shingo NEJIME,pre2014_p1,根占真伍,yes,U15|U16|U17|U18,negation_or_candidate_language_present,"1999年 U-15日本代表
2000年 U-16日本代表 - AFC U-17選手権2000
2001年
U-17日本代表 - 2001 FIFA U-17世界選手権
U-18日本代表候補",,U15|U16|U17,
2950,村山 祐介,Yusuke MURAYAMA,pre2014_p1,村山祐介,yes,U18|university,negation_or_candidate_language_present,"1999年 U-18日本代表候補
2002年 全日本大学選抜
2003年 ユニバーシアード日本代表",,university,
5924,中山 元気,Genki NAKAYAMA,pre2014_p1,中山元気,unclear,U18,negation_or_candidate_language_present,U-18日本代表候補,no,,
5953,野田 恭平,Kyohei NODA,pre2014_p1,野田恭平,unclear,U18,negation_or_candidate_language_present,U-18日本代表候補,no,,
5916,八田 康介,Kosuke YATSUDA,pre2014_p1,八田康介,yes,U18|U19|U20,negation_or_candidate_language_present,"U-18日本代表候補 (1999年)
U-19日本代表
2000年 - テルボルグ国際ユース大会
U-20日本代表候補 (2001年)",,U19,
8072,杉本 恵太,Keita SUGIMOTO,pre2014_p1,杉本恵太,no,,negation_or_candidate_language_present,2007年　日本代表候補,,,
7181,ディビッドソン 純マーカス,Jun Marques DAVIDSON,pre2014_p1,ディビッドソン純マーカス,unclear,U19,negation_or_candidate_language_present,"ディビッドソン 純 マーカス（ディビッドソン じゅん マーカス、英語: DAVIDSON Jun Marques, 1983年6月7日 - ）は、東京都出身の元サッカー選手、サッカー指導者。ポジションはミッドフィールダー（ディフェンシブハーフ）。


== 来歴 ==
父親がアメリカ人、母親が日本人。小学3年生時にサッカーを始め、東京ガス（後のFC東京）の下部組織に加入。柴田峡らの指導により力を付けた。同期には尾亦弘友希らがいる。高校生時には父の故郷であるアメリカのサッカースクールに渡り、多国籍の環境下でプレーすることで精神的にも鍛えられた。同スクールの監督がJリーグ・大宮アルディージャ監督のピム・ファーベークと知己だったことから大宮での練習に参加する機会を得て、2002年8月より正式加入。加入当初は出場機会に恵まれなかったが、2004年より監督に就いた三浦俊也によってレギュラーに抜擢された。
2007年、アルビレックス新潟へ完全移籍。しかしレギュラー定着は叶わず、ヴィッセル神戸、コンサドーレ札幌、新潟復帰 と移籍を繰り返した。札幌では再び三浦の下でプレー。
2010年、マーティン・レニー (Martin Rennie) が率いるUSSF・カロライナ・レイルホークスへ移籍。
2011年、Jリーグへの復帰を選び、J2・徳島ヴォルティスに練習生として参加。2月末になって正式加入が発表された。J1昇格圏内入りには僅かに届かず、1年限りで退団。
日本国内のクラブからも誘いを受けていたが、レニーに請われ、2012年よりMLS・バンクーバー・ホワイトキャップスへ移籍。ジョック・マクドナルド 賞を獲得した。
2014年、カロライナ・レイルホークスへ復帰。主将を務めた。
2015年、タイ・サイアム・ネイビーFCへ移籍。
2016年、シャーロット・インディペンデンスへ移籍。リーダーシップとゲームコントロールを評価され レギュラーを確保。2017年をもって現役を引退。
引退後、2018年に大宮のアカデミーコーチ、2019年に広州富力のアカデミーコーチ、2020年に石家荘永昌のアシスタントコーチをそれぞれ歴任。
2021年2月より鹿児島ユナイテッドFC U-15のコーチに就任した。


== エピソード ==
敬虔なクリスチャン。
アメリカと日本の二重国籍を持っている。アメリカU-19代表候補となったが日本代表を目指すために辞退した。
苗字のDAVIDSONは、本来なら「デイビッドソン」と表記するところだが、出生届を受理した役所が誤って「ディビッドソン」と登録したため、そのような苗字になったという。
英語を話せるようになったのは渡米した高校生の頃。父のジェリー・ディビッドソンは、かつてNHKラジオの英会話入門で講師をしていた。


== 所属クラブ ==
ユース経歴
 江東区立扇橋小学校 / 東京ガスジュニアスクール
1996年 - 1998年  東京ガスFCジュニアユース
1998年 - 1999年  タシス・イングランド
1999年 - 2001年  アメリカン・グローバル・サッカースクール (カリフォルニア州パサデナ)
プロ経歴
2002年8月 - 2006年  大宮アルディージャ
2007年 - 2009年  アルビレックス新潟
2007年7月 - 同年12月  ヴィッセル神戸 (期限付き移籍)
2008年  コンサドーレ札幌 (期限付き移籍)
2010年  カロライナ・レイルホークス
2011年  徳島ヴォルティス
2012年 - 2013年  バンクーバー・ホワイトキャップス
2014年  カロライナ・レイルホークス
2015年  サイアム・ネイビーFC
2016年 - 2017年  シャーロット・インディペンデンス


== 個人成績 ==

2003年6月14日：J2初出場 - J2第17節 vsサンフレッチェ広島 (大宮)
2004年9月23日：J2初得点 - J2第35節 vsアビスパ福岡 (大宮)
2005年3月05日：J1初出場 - J1第01節 vsガンバ大阪 (万博)
2010年4月11日：USSF初出場 - vs ACセントルイス (WakeMed Soccer Park)
2010年9月18日：USSF初得点 - vs クリスタルパレス・ボルチモア (Paul Angelo Russo Stadium)
2012年3月10日：MLS初出場 - MLS第1節 vsモントリオール・インパクト (BCプレイス)
2014年4月13日：NASL初出場 - NASL第1節 vsインディ・イレブン (IU Michael A. Carroll Track & Soccer Stadium)
2015年2月14日：TPL初出場 - 第01節 vsアーミー・ユナイテッドFC (タイ・アーミー・スポーツ・スタジアム)
2015年8月19日：TPL初得点 - 第21節 vsBECテロ・サーサナFC (Sattahip Navy Stadium)


== 指導歴 ==
2018年  大宮アルディージャ アカデミーコーチ
2019年  広州富力 アカデミーコーチ
2020年  石家荘永昌 アシスタントコーチ
2021年 -  鹿児島ユナイテッドFC
2021-2022 U-15コーチ
2023-  U-15監督


== 脚注 ==
注釈

出典


== 関連項目 ==
東京都出身の人物一覧#サッカー
FC東京の下部組織#出身選手
RB大宮アルディージャの選手一覧
アルビレックス新潟の選手一覧
ヴィッセル神戸の選手一覧
北海道コンサドーレ札幌の選手一覧
徳島ヴォルティスの選手一覧
日本国外のリーグに所属する日本人サッカー選手一覧


== 外部リンク ==

ディビッドソン純マーカス - Soccerway.com (英語)
ディビッドソン純マーカス - FootballDatabase.eu (英語)
ディビッドソン純マーカス - WorldFootball.net (英語)
ディビッドソン純マーカス - ESPN FC (英語)
ディビッドソン純マーカス - FBref.com (英語)
ディビッドソン純マーカス - Transfermarkt.comによる選手データ (英語)
ディビッドソン純マーカス - J.League Data Siteによる選手データ
ディビッドソン純マーカス - メジャーリーグサッカー (英語)
ディビッドソン純マーカス オフィシャルブログ
ディビッドソン純マーカスblog (大宮在籍時のチームブログ)
ディビッドソン純マーカス (junmarques.davidson) - Facebook
プロフィール (2006年) - 大宮アルディージャ
プロフィール (2011年) - ウェイバックマシン（2011年10月15日アーカイブ分） - 徳島ヴォルティス
プロフィール (2013年) - バンクーバー・ホワイトキャップス（英語）
プロフィール - ウェイバックマシン（2014年7月19日アーカイブ分） - カロライナ・レイルホークス（英語）
プロフィール (2015年) - ウェイバックマシン（2015年2月26日アーカイブ分） - タイ・プレミアリーグ（タイ語）
プロフィール - シャーロット・インデペンデンス（英語）
ディビッドソン純マーカス - ESPN FC（英語）",no,,
6821,林 祐征,Hiroyuki HAYASHI,pre2014_p1,林祐征,yes,U19|U20,negation_or_candidate_language_present,"2002年 U-19日本代表候補
2003年 U-20日本代表",,U20,
6844,加藤 大志,Daishi KATO,pre2014_p1,加藤大志,unclear,U20|other,negation_or_candidate_language_present,2003年 U-20日本代表候補、U-22日本代表,yes,other,
7881,本田 圭佑,Keisuke HONDA,pre2014_p1,本田圭佑,yes,A|U19|U20|U23|other,negation_or_candidate_language_present,"星稜高校3年時に石川県選抜として、本来のボランチではなく左サイドバックとしてプレーし、ステップなしの強いキックで、いとも簡単にサイドチェンジしていた姿がU-19日本代表監督を務めていた大熊清の目に留まり、2004年に初めて日本代表に選出された。2005年6月に開催されたFIFAワールドユース選手権・オランダ大会にU-20日本代表として招集され、負傷明けの梶山陽平に代わって、グループリーグ初戦のオランダ戦にボランチで先発出場した。しかし試合は前半にオランダが圧倒、後半は日本もペースをつかむ時間帯を得たが本田は途中交代となり、チームも敗れた。この後、チームはベスト16に進出したものの、梶山の復調もあって出場機会はなかった。
2007年に開催された北京オリンピックアジア予選では左サイドハーフ、左ウイングバック、左サイドバックとして最終予選5試合にフル出場し、五輪出場権獲得に貢献した。2008年8月に開催された北京オリンピックでは3試合に先発出場し、谷口博之らとともに主力として攻撃を牽引したが、グループリーグ3戦全敗で敗退した。
2006年11月、A代表に初選出されたが出場はなかった。2008年6月22日、2010 FIFAワールドカップ・アジア3次予選のバーレーン戦でA代表デビュー。2009年5月27日、キリンカップのチリ戦で山田直輝からパスを受け、A代表初得点を挙げた。右サイドには中村俊輔が君臨していたため、本田は控えの立場だったが、2010年に入るとレギュラーに定着。

2010年6月に開催されたFIFAワールドカップ・南アフリカ大会では4試合にフル出場。大会直前にそれまで経験のないセンターフォワード(1トップ)に抜擢された。グループリーグ初戦のカメルーン戦の前半39分に先制点を挙げ、これが決勝点となり、自国開催以外のW杯初勝利に貢献、FIFA選定の「マン・オブ・ザ・マッチ」に選出された。第3戦のデンマーク戦では前半17分に30m超の距離から先制点となる直接FKを決め、後半42分には勝利を決定付ける岡崎慎司のゴールもアシストし、自国開催以外のW杯で初の決勝トーナメント進出に貢献、この試合でも「マン・オブ・ザ・マッチ」に選出された。決勝トーナメント1回戦のパラグアイ戦では強烈なミドルシュートを放つなど強い印象を残し、PK戦では4人目のキッカーとして成功したが、チームは敗れた（記録上は引き分け）。しかし敗戦チームからは異例の今大会3度目となる「マン・オブ・ザ・マッチ」に選出された。
2011年1月に開催されたアジアカップ・カタール大会では5試合に先発出場。グループリーグ第2戦のシリア戦では、PKで日本代表の国際Aマッチ通算1000点目となる決勝点を挙げた。準決勝の韓国戦でも全2得点に繋がるプレーを見せ、この2試合で「マン・オブ・ザ・マッチ」に選出された。準々決勝のカタール戦での2得点につながる縦パスを含め、出場した試合で日本代表が挙げた全9得点中6得点に絡む活躍で日本代表の2大会ぶりのアジアカップ優勝に貢献し、最優秀選手（MVP）に選出された。
2011年2月7日、全国のサッカー担当記者の投票による2010年度のフットボーラー・オブ・ザ・イヤー（年間最優秀選手）に有効投票202票のうち、75票を集めて初選出された。50年の歴史がある賞だが、海外クラブ所属の選手が受賞するのは本田が初めてであった。3月29日に開催されたチャリティーマッチ「東北地方太平洋沖地震復興支援チャリティーマッチ がんばろうニッポン!」では、先制点のきっかけとなったFKを獲得し、岡崎慎司の決勝点をアシストする活躍を見せた。2011年8月に右膝半月板を損傷し、長期離脱を余儀なくされ、2014 FIFAワールドカップ・アジア3次予選を全試合欠場した。2012年5月のアゼルバイジャン戦で9か月ぶりに代表復帰を果たした。
2012年6月3日、2014 FIFAワールドカップ・アジア最終予選のオマーン戦で先制点を決めた。6月8日、ヨルダン戦ではハットトリックを達成。本田のハットトリックは高校時代以来でプロ入り以降は初めてであり、W杯アジア最終予選の日本人選手のハットトリックは三浦知良（1997年ウズベキスタン戦）以来となる、史上2人目の快挙となった。2013年6月4日、オーストラリア戦の後半アディショナルタイムに自らが獲得した同点となるPKを決め、日本代表は2014 FIFAワールドカップ出場を決めた。最終予選で5得点を決めた本田は、1大会のW杯アジア最終予選における通算得点で三浦知良の4得点を抜き、歴代最多得点を更新した。
2013年6月に開催されたFIFAコンフェデレーションズカップ2013では3試合に先発出場。グループリーグ第2戦のイタリア戦でPKで先制点を決めるが、チームは逆転負け。グループリーグ3戦全敗で敗退した。本田はFIFA選定のグループリーグベストイレブンにアンドレス・イニエスタ、マリオ・バロテッリらとともに選出され、グループリーグ敗退国からは唯一の選出となった。
2014年6月に開催されたFIFAワールドカップ・ブラジル大会では3試合にフル出場。グループリーグ初戦のコートジボワール戦では先制点を決め、日本人のＷ杯最多得点を更新したが、チームは逆転負け。第2戦のギリシャ戦ではチームは引き分けに終わったものの、FIFA選定の「マン・オブ・ザ・マッチ」に選出された。第3戦のコロンビア戦では岡崎慎司のゴールをアシストしたが、チームは敗れ、グループリーグで敗退した。
2015年1月に開催されたアジアカップ・オーストラリア大会では4試合に先発出場。グループリーグで3得点（2得点がPK）を決め、AFC選定のグループリーグベストイレブンに選出された。準々決勝UAE戦では柴崎岳の同点弾をアシストするも、PK戦で本田と香川真司がPKを外し、チームは敗れた。
2015年11月17日、2018 FIFAワールドカップ・アジア2次予選のカンボジア戦で得点を決め、日本サッカー史上初のワールドカップ地区予選5試合連続ゴールを記録。シリア戦でも得点を決め、6試合連続ゴールを記録。2016年9月1日、2018 FIFAワールドカップ・アジア最終予選のUAE戦で先制点を決め、7試合連続ゴールを記録。タイ戦では得点を決められず、連続ゴールは7試合でストップした。オーストラリア戦では4年ぶりとなる1トップで出場し原口元気の先制点をアシスト、イラク戦ではCKから大迫勇也の先制点をアシストした。
2017年9月6日のサウジアラビア戦に先発したが、前半終了後交代となった。試合後に代表監督のヴァイッド・ハリルホジッチは「本田のゲーム勘が欠けていたことが分かっていたので、45分限定で使った。リズムの面でトップレベルにない、今後も努力して取り戻してもらいたい」と評した。自身も「全然ダメ」と認める低調なプレーに、サッカーファンやメディアの間から“本田不要論”が噴出した。本田はこれを受けて、Twitterにて「サッカーファンの皆さん、メディアの皆さん、『もう代表に必要ない』とか他にも厳しい声をありがとうございます」「良い感じで舞台は整ってると思ってます」と批判に対して感謝を述べた。2017年9月28日、負傷や国内組で編成された試合を除いて、代表とクラブでの不振を理由に2009年3月以来となる8年半ぶりに代表メンバーから外れた。2018年3月、クラブでの活躍が評価されて半年ぶりに代表復帰を果たした。
2018年6月に開催されたFIFAワールドカップ・ロシア大会ではスーパーサブとして3試合に途中出場。グループリーグ初戦のコロンビア戦でCKから大迫勇也の決勝点をアシストし勝利に貢献、アジア人初となるW杯3大会連続のアシストを達成した。第2戦のセネガル戦では後半33分に同点ゴールを決め、チームは引き分け。日本人のW杯最年長ゴールであり、日本人初となるW杯3大会連続ゴールを達成し、アジア人のＷ杯最多得点を更新した。W杯3大会連続となる得点とアシストの両方を記録した史上6人目の選手となった。日本代表の決勝トーナメント進出に貢献した本田の活躍は“本田不要論”を唱えていた者たちにも予想外であり、ネット上で「本田さん、ごめんね」といった謝罪の言葉があふれた。また、イギリス公共放送『BBC』にグループステージのベストイレブンに選出された。決勝トーナメント1回戦のベルギー戦では、同点で迎えた後半アディショナルタイムに南アフリカW杯のデンマーク戦を彷彿とさせる直接FKを遠距離から放ったが、GKのティボ・クルトゥワの好守に阻まれた。その直後に蹴ったCKをクルトゥワにキャッチされた流れから、カウンターで失点し、チームは逆転負け。試合後に本田は「僕自身はこれが最後のＷ杯になる。次の世代にバトンを渡して、Ｗ杯で優勝という目標を掲げて引っ張っていく若い連中に期待したい」とW杯優勝の夢を次の世代に託して、自らは4年後のW杯は目指さないことを明言した。
ベルギー戦の後半アディショナルタイムに勝ち越し点を狙いに行った本田や日本代表には賛否両論が噴出し、試合直後にファビオ・カペッロは「ボールをキープして延長戦に持ち込むべきだった」とCKを蹴った本田を批判し、書籍『ロストフの14秒』では「ゴール前に2人のCBを上げずに、1人は自陣に残してカウンターに備えるべきだった」と日本代表の判断を批判した。しかし、同書でアルベルト・ザッケローニは「CKを蹴った選択は正しかったんだ。私が監督だったら日本代表と同じように『ゴールを狙え』と指示したでしょう」「CKで得点できていれば、世界中から日本代表は称賛された。逆にボールを回す選択をして負けたら『勇気をもって戦えば良かったのに』と言われたかもしれません」「攻める姿勢を貫いたことは日本のサッカー文化だ」と語った。また、NHK BS1で放映された『激白！西野朗×岡田武史』で岡田武史は「ショートコーナーで時間を使って延長戦に持ち込む、俺は絶対違うと思ったね。ここは勝負に行くべきでしょ」と語り、西野朗も「ビッグチャンスだからね」と同調した。ベルギー戦から1年後には「負けた一番の原因は1失点目。そして2失点目」｢3失点目はクルトゥワのスローイングを遅らせなかったことが痛かった」などの日本サッカー協会テクニカルスタッフによる分析内容の一部が明かされた。
2018年8月、2020年東京オリンピックにオーバーエイジとして出場を目指すことを宣言した。しかし、新型コロナウイルス感染症（COVID-19）の世界的流行を受けて、オリンピックは1年延期となった。2021年6月、東京オリンピックに臨むU-24日本代表が発表され、オーバーエイジとしてA代表で主力の吉田麻也、酒井宏樹、遠藤航の3人が選出され、本田の五輪出場は叶わなかった。

国際Aマッチ初出場 - 2008年6月22日 2010 FIFAワールドカップ・アジア3次予選 vsバーレーン代表（埼玉スタジアム2002）
国際Aマッチ初得点 - 2009年5月27日 キリンカップサッカー2009 vsチリ代表（長居スタジアム）
国際Aマッチ50試合出場 - 2013年10月15日 国際親善試合 vsベラルーシ代表（トルペド・スタジアム）

U-20日本代表
2005年 - 2005 FIFAワールドユース選手権（ベスト16）
U-23日本代表
2006年 - カタール・アジア競技大会（グループリーグ敗退/3試合1得点）
2008年 - 北京オリンピック（グループリーグ敗退）
日本代表
2010年 - 2010 FIFAワールドカップ（ベスト16/4試合2得点）
2011年 - AFCアジアカップ2011（優勝/5試合1得点）
2013年 - FIFAコンフェデレーションズカップ2013（グループリーグ敗退/3試合1得点）
2014年 - 2014 FIFAワールドカップ（グループリーグ敗退/3試合1得点）
2015年 - AFCアジアカップ2015（ベスト8/4試合3得点）
2016年 - キリンカップサッカー2016
2018年 - 2018 FIFAワールドカップ（ベスト16/3試合1得点）

国際Aマッチ 98試合 37得点（2008年 - 2018年）





公式戦初出場 - 2004年7月24日 ナビスコカップ vsジュビロ磐田（名古屋市瑞穂公園陸上競技場）
Jリーグ初出場 - 2005年3月5日 J1第1節 vsジェフユナイテッド市原・千葉（名古屋市瑞穂陸上競技場）
Jリーグ初得点 - 2005年4月28日 J1第8節 vs東京ヴェルディ1969（名古屋市瑞穂公園陸上競技場）
エールディヴィジ初出場 - 2008年1月20日 第20節 vsPSVアイントホーフェン（デ・クール）
エールディヴィジ初得点 - 2008年3月15日 第29節 vsフェイエノールト（デ・カイプ）
ロシア・プレミアリーグ初出場・初得点 - 2010年3月12日 第1節 vsFCアムカル・ペルミ（ルジニキ・スタジアム）
セリエA初出場 - 2014年1月12日 第19節 vsUSサッスオーロ・カルチョ（マペイ・スタジアム＝チッタ・デル・トリコローレ）
セリエA初得点 - 2014年4月7日 第32節 vsジェノアCFC（スタディオ・ルイジ・フェッラーリス）
リーガMX初出場・初得点 - 2017年8月22日 第6節 vsティブロネス・ロホス・デ・ベラクルス（エスタディオ・イダルゴ）
Aリーグ初出場・初得点 - 2018年10月20日 第1節 vsメルボルン・シティFC（マーベル・スタジアム）
カンピオナート・カリオカ初出場・初得点 - 2020年3月15日 第3節 vsバングーAC（エスタジオ・ニウソン・サントス）
アゼルバイジャン・プレミアリーグ初出場 - 2021年4月4日 第21節 vsスムガイトFK（スムガイト・シティ・スタジアム）
アゼルバイジャン・プレミアリーグ初得点 - 2021年5月3日 第25節 vsケシュラFK（シャマキ・シティ・スタジアム）
Aリーガ初出場・初得点 - 2021年9月26日 第30節 vsFKバンガ・ガルグジュダイ（スードゥヴァ・スタジアム）
ブータン・プレミアリーグ初出場 - 2024年8月8日 - 第12節 vsチランFC（チャンリミタン・スタジアム）
ブータン・プレミアリーグ初得点 - 2024年10月20日 - 第18節 vsティンプー・シティFC（チャンリミタン・スタジアム）",,A|U20|U23|other,
6604,山城 純也,Junya YAMASHIRO,pre2014_p1,山城純也,unclear,U18,negation_or_candidate_language_present,U-18日本代表候補,no,,
7373,鈴木 智樹,Tomoki SUZUKI,pre2014_p1,鈴木智樹,yes,U17|U18,negation_or_candidate_language_present,"2000年 ナショナルトレセンU-17
2001年 U-16日本ユース選抜トレーニングキャンプ
2002年 ナショナルトレセンU-17・U-17日本代表
U-18日本代表候補",,U17,
7876,吉田 麻也,Maya YOSHIDA,pre2014_p1,吉田麻也,yes,A|U18|U20|U23|other,negation_or_candidate_language_present,"2008年北京オリンピックU-23日本代表として出場。
2009年12月21日、若手中心のメンバーで臨む方針だったアジアカップ最終予選に向けたフル代表に初招集された。2010年1月6日、イエメンとの試合でフル代表デビュー。しかしW杯南アフリカ大会の日本代表メンバーには選出されなかった。
2010年12月24日、AFCアジアカップ2011に臨む日本代表メンバーに選出。2011年1月9日、グループリーグ第1節・ヨルダン戦の後半アディショナルタイムに代表初得点を記録。
2011年9月2日に行われたW杯ブラジル大会・3次予選第1戦北朝鮮戦（埼玉）の後半アディショナルタイムに決勝点を決め、チームの勝利に貢献した。
2012年7月2日、ロンドンオリンピックに出場するU-23日本代表にオーバーエイジ枠として選出され、本大会では守備の要・主将としてチームを牽引。準々決勝のエジプト戦ではセットプレーからゴールを決める活躍を見せたが、準決勝のメキシコ戦と3位決定戦の韓国戦に敗れチームは4位に終わりメダル獲得にはあと一歩届かなかった。
2014年5月12日、W杯ブラジル大会の日本代表メンバーに選出された。本大会では全試合スタメンで起用され、試合終盤にはパワープレイ要員として前線に上がったが、いずれも結果には結びつかずチームもグループリーグで敗退した。

2017年3月23日、W杯ロシア大会・アジア3次予選のアラブ首長国連邦戦では怪我で離脱した長谷部誠に変わってキャプテンマークを巻いた。その後も長谷部不在時にはキャプテンを務めるなど存在感を示し、日本代表で唯一W杯予選の全試合に900分間フル出場する事で、W杯ロシア大会出場へ貢献した。フルタイム出場はフィールドプレーヤーではW杯南アフリカ大会・アジア予選の田中マルクス闘莉王以来の記録である。
2018年6月、W杯ロシア大会メンバーに選出され、2大会連続出場を果たす。グループリーグでは3試合にフル出場し、ディフェンスリーダーとしてGL突破に貢献。決勝トーナメント1回戦ベルギー戦でもフル出場を果たすも、チームは後半アディショナルタイムに失点し、2-3で敗れた。試合には敗れたがイギリス『Sky Sports』で、ベルギー戦のマン・オブ・ザ・マッチに選出された。ロシアW杯後は代表を引退した長谷部に代わり代表のキャプテンを務めている。
2019年1月、AFCアジアカップ2019でキャプテンとして優勝を目指すが、決勝戦のカタールに敗れて準優勝となった。決勝戦では、1点ビハインドの83分にペナルティエリア内での相手のヘディングが吉田の手に当たったとして、VAR判定によりPKとなった。この失点によりカタールの優勝をほぼ決定付ける事となったが、吉田のハンドは意図的ではないと見る事もでき、海外メディアの『FOXスポーツ・アジア』は、不運だったと同情の声を寄せている。
2019年11月14日、W杯カタール大会・アジア2次予選のキルギス戦で日本代表では8人目となる国際Aマッチ100試合出場を達成。
2021年、東京オリンピックU-24日本代表にオーバーエイジとして選出。オリンピック日本代表として3度目の選出となった。グループリーグは3連勝、そして準々決勝のニュージーランド戦ではPK戦で最後のキッカーとしてPKを成功させたが、準決勝のスペイン戦と3位決定戦のメキシコ戦に敗れてまたしても4位で大会終了。日本にとって53年ぶりとなるメダル獲得の夢は叶わなかった。ロンドンオリンピックに続きキャプテンとして6試合に出場。オリンピック通算13試合は、史上最多記録タイである。吉田以外の選手は、まだアマチュア大会だった頃のハンガリーの4選手であり（1960年から1970年代に記録）、プロ参加が認められ、年齢制限導入以降は最多出場となる。
W杯カタール大会・アジア3次予選では、初戦のオマーン戦で敗れるなど低調なスタートとなったが、チームをキャプテンとして牽引し、最終的に日本は7大会連続のワールドカップ出場を手にした。
2022年11月1日に発表されたW杯カタール大会の日本代表メンバーに選出され、引き続きキャプテンを務めた。同月23日のドイツ戦にスタメン出場し、ワールドカップ3大会連続出場を果たした。グループステージ3戦に全て出場し、日本のグループ首位通過に貢献。決勝トーナメント1回戦クロアチア戦では前田大然の先制点をアシストしたが、PK戦での自身のPK失敗もありチームはベスト16で敗退した。
2026年5月21日、キリンチャレンジカップ2026のアイスランド戦に臨むメンバーとして、クラブ事情により不参加となった鎌田大地の代替として約3年半ぶりに招集された。同試合は同年5月31日に行われ、試合の前日に森保監督はスターティングメンバーでの出場と10分程での交代を明言していた。実際に12分程で交代し、交代時には日本の選手のみならず、アイスランドの選手からも拍手喝采が寄せられた。あくまで限定的な招集だったが、直後の6月5日にはW杯北中米大会に向けてメキシコ・モンテレイで事前キャンプを行っていた日本代表チームに再合流。本大会メンバーではなく“サポートプレーヤー”という位置付けで帯同し、トレーニングを一緒に行ったり選手のサポートを行うこととなった。所属クラブに戻る関係から代表チームへの帯同は6月29日の対ブラジル戦までであったが、この試合で日本代表は敗退したため、結果として日本代表が戦った全試合に帯同した。



U-18日本代表
U-20日本代表候補
U-23日本代表
2008年 - 北京オリンピック（グループリーグ敗退）
2012年 - ロンドンオリンピック・オーバーエイジ枠（4位）
U-24日本代表
2021年 - 東京オリンピック·オーバーエイジ枠（4位）
日本代表
2011年 - AFCアジアカップ2011（優勝）
2011年 - 2014 FIFAワールドカップ・アジア予選
2013年 - FIFAコンフェデレーションズカップ2013（グループリーグ敗退）
2014年 - 2014 FIFAワールドカップ（グループリーグ敗退）
2015年 - AFCアジアカップ2015（ベスト8）
2015年 - 2018 FIFAワールドカップ・アジア予選
2016年 - キリンカップサッカー2016（準優勝）
2018年 - 2018 FIFAワールドカップ（ベスト16）
2019年 - AFCアジアカップ2019（準優勝）
2019年 - 2022 FIFAワールドカップ・アジア予選
2022年 - 2022 FIFAワールドカップ (ベスト16)

国際Aマッチ 127試合 12得点（2010年 - 2026年）



",,A|U18|U23|other,
6197,馬場 憂太,Yuta BABA,pre2014_p1,馬場憂太,yes,U18|U19|U20,negation_or_candidate_language_present,"2001年 U-18日本代表候補
2002年 U-19日本代表 - SBSカップ 国際ユースサッカー、AFCユース選手権2002
2003年 U-20日本代表",,U19|U20,
6499,多田 大介,Daisuke TADA,pre2014_p1,多田大介,yes,U16|U18|U23|other,negation_or_candidate_language_present,"U-16日本代表
U-16アジアユース選手権1998
U-18日本代表候補
U-22日本代表
U-23日本代表候補",,U16|other,
6168,松本 昂聡,Takatoshi MATSUMOTO,pre2014_p1,松本昂聡,yes,U18|U19,negation_or_candidate_language_present,"2000年 U-17日本ユース選抜
2001年 U-18日本代表
国際ユースサッカーin新潟
SBSカップ 国際ユースサッカー
2002年 U-19日本代表候補",,U18,
6075,清野 智秋,Tomoaki SEINO,pre2014_p1,清野智秋,yes,U18|U19|U20,negation_or_candidate_language_present,"1999年 U-18日本代表
2000年 U-19日本代表
2001年 U-20日本代表候補",,U18|U19,
3071,籾谷 真弘,Masahiro MOMITANI,pre2014_p1,籾谷真弘,yes,U18|U19,negation_or_candidate_language_present,"U-18、U-19日本代表
U-19日本代表候補メンバー（2000年1月12日）
西村昭宏日本サッカー協会ナショナルコーチングスタッフ
コーチ
小野剛
日本サッカー協会ナショナルコーチングスタッフ
GKコーチ
望月
一頼 日本サッカー協会ナショナルコーチングスタッフ
ポジション
氏名
年齢
所属
ＧＫ
黒河貴矢
18
市立船橋
岩丸 史也
18
前橋育英
藤ヶ谷陽介
18
コンサドーレ札幌
上野 秀章
18
室蘭大谷
DF
池田昇平
18
清水エスパルスユース
駒野 友一
18
サンフレッチェ広島ユース
籾谷 真弘
18
セレッソ大阪ユース
阿部 勇樹
18
ジェフユナイテッド市原ユース
DF
茂庭 照幸
18
ベルマーレ平塚ユース
田中 隼磨
17
横浜Fマリノスユース
青木剛
17
前橋育英
小原章吾
17
横浜Fマリノスユース
MF
松下 裕樹
18
前橋育英
森崎浩司
18
サンフレッチェ広島ユース
森崎和幸
18
サンフレッチェ広島ユース
野沢拓也
18
鹿島アントラーズユース
平本 一樹
18
ヴェルディ川崎ユース
北本 久仁衛
18
奈良育英
永井 俊太
17
市立船橋
千島徹
18
浦和レッドダイヤモンズユース
前田遼一
18
暁星
鈴木 啓太
18
東海大翔洋
熊林 親吾
18
秋田商
山形 恭平
18
東福岡
茂原岳人
18
前橋育英
FW
佐藤寿人
17
ジェフユナイテッド市原ユース
原竜太
18
市立船橋
中山悟志
18
鵬翔
町田忠道
18
習志野
田原
豊
18
鹿児島実業
U-19日本代表候補トレーニングキャンプメンバー
（2000年3月18日）
ポジション
氏名
年齢
所属
GK
藤ヶ谷陽介
18
コンサドーレ札幌
上野 秀章
18
室蘭大谷
岩丸 史也
18
ヴィッセル神戸
DF
池田 昇平
18
清水エスパルス
籾谷真弘
18
セレッソ大阪
阿部 勇樹
18
ジェフユナイテッド市原
羽田 憲司
18
鹿島アントラーズ
八田 康介
17
サンフレッチェ広島
MF
森崎和幸
18
サンフレッチェ広島
千島徹
18
浦和レッドダイヤモンズ
田辺和彦
18
湘南ベルマーレ
太田圭輔
18
清水エスパルス
駒野友一
18
サンフレッチェ広島
山瀬 功治
18
コンサドーレ札幌
茂原 岳人
18
ヴィッセル神戸
前田遼一
18
ジュビロ磐田
青木剛
17
前橋育英
FW
町田忠道
18
柏レイソル
中山悟志
18
ガンバ大阪
佐藤 寿人
18
ジェフユナイテッド市原
田原
豊
17
鹿児島実業

SBSカップ国際ユースサッカーメンバー
（2000年8月1日）
ポジション
氏名
年齢
所属
GK
黒河貴矢
19
清水エスパルス
岩丸 史也
18
ヴィッセル神戸
池田昇平
19
清水エスパルス
DF
籾谷 真弘
19
セレッソ大阪
根本裕一
18
鹿島アントラーズ
羽田憲司
18
鹿島アントラーズ
上本 大海
18
鹿児島実業高
森崎浩司
19
サンフレッチェ広島
石川 直宏
19
横浜F・マリノス
熊林親吾
19
ジュビロ磐田
駒野 友一
18
サンフレッチェ広島
MF
野沢拓也
18
鹿島アントラーズ
中尾康二
18
コンサドーレ札幌
前田 遼一
18
ジュビロ磐田
松下 裕樹
18
サンフレッチェ広島
大久保嘉人
18
国見高
青木剛
17
前橋育英高
FW
清野智秋
18
ジュビロ磐田
中山悟志
18
ガンバ大阪
西野 泰正
17
富山第一高
GK黒河貴矢、DF羽田憲司、MF森崎浩司が不参加。GK藤ヶ谷陽介（コンサドーレ札幌）、浦本賢太郎（大分高）、那須大亮（駒沢大）が追加。",,,
7678,桑原 剛,Takeshi KUWAHARA,pre2014_p1,桑原剛,unclear,U18,negation_or_candidate_language_present,U-18日本代表候補トレーニングキャンプメンバー,no,,
6082,杉本 倫治,Michiharu SUGIMOTO,pre2014_p1,杉本倫治,yes,U20|other,negation_or_candidate_language_present,"U-20日本代表候補（2001年）
U-22日本代表（2003年）",,other,
6827,吉瀬 広志,Hiroshi KICHISE,pre2014_p1,吉瀬広志,unclear,U19,negation_or_candidate_language_present,"2001年 宮城国体福岡県代表
2002年 U-19日本代表候補",no,,
8107,古田 泰士,Taiji FURUTA,pre2014_p1,古田泰士,unclear,U18,negation_or_candidate_language_present,"古田 泰士（ふるた たいじ、1982年8月4日 - ）は、奈良県出身の元サッカー選手。ポジションはGK。


== 経歴 ==
2006年終盤にレンタル移籍したバンディオンセ神戸では、全国地域リーグ決勝大会2試合、天皇杯（vsFC東京）でゴールマウスを守った。2009年2月19日に現役引退を表明。


== 所属クラブ ==
ユース経歴

真美ヶ丘スポーツ少年団
1995年 - 1997年 高田FCジュニアユース
1998年 - 2000年 奈良県立耳成高等学校
2001年 - 2004年 大阪体育大学
プロ・シニア経歴

2005年 - 2008年 徳島ヴォルティス
2006年10月 - 12月 バンディオンセ神戸 （*レンタル移籍）


== 個人成績 ==

Jリーグ初出場 - 2005年7月9日 J2第20節 vsアビスパ福岡@博多球


== 大会出場・代表歴 等 ==
全国高校選手権大会出場（1999年）
奈良県国体選抜（1999年）
U-18日本代表候補（1999年）
インカレ出場（2003年）
総理大臣杯出場（2004年）
デンソーカップ出場（2004年）


== 関連項目 ==
徳島ヴォルティスの選手一覧


== 外部リンク ==
古田泰士 - Soccerway.com (英語)
古田泰士 - FBref.com (英語)
古田泰士 - Transfermarkt.comによる選手データ (英語)
古田泰士 - J.League Data Siteによる選手データ",no,,
6620,田村 祐基,Yuki TAMURA,pre2014_p1,田村祐基,unclear,U18,negation_or_candidate_language_present,"田村 祐基（たむら ゆうき、1985年12月31日 - ）は、広島県広島市東区牛田出身の元サッカー選手。ポジションはFW。広島県立吉田高校卒業。
現在は飲食店店長。


== 来歴 ==
サンフレッチェ広島ジュニアユースからトップへ昇格した生え抜き選手としては初のプロ契約選手。
小学校2年時からサッカーを始める。広島ジュニアユース時代に中村重和や小野剛の指導を受けている。ユース時代の同級生に西山貴永、田坂祐介、前田和之。2003年日本クラブユース選手権初優勝、高円宮杯全日本ユース選手権3位、Jユースカップ優勝、天皇杯で水戸ホーリーホック相手に健闘するなど活躍、その中で田村は経験を積み一気に成長、トップ昇格にこぎつけた。
2004年、広島とプロ契約。同期入団は、青山敏弘、吉弘充志。練習でアピールし、デビュー戦となった対名古屋グランパスエイト戦で初得点を挙げている。試合経験を重ねるも、その後はコンディションを崩し出場機会を得られなくなった。その後、ブラジル･ESバイーアへ武者修行するものの、書類上の不手際で公式戦には出場できなかった。翌2006年髙萩洋次郎および森脇良太とともに愛媛FCにレンタル移籍し、翌2007年広島に復帰した。
2008年からはJ2に新規参入したFC岐阜に移籍するも出場機会が少なく、8月にJFL・ガイナーレ鳥取へレンタル移籍する事となった。移籍先の鳥取ではリーグ戦2得点と結果を残し、2009年もレンタル移籍期限1年延長で鳥取に残留することが決定したが、2009年のリーグ戦では無得点に終わり、シーズン終了後にはレンタル先の鳥取・レンタル元の岐阜、両チームを退団する事が決まった。
2010年、パラグアイへ活躍の場を移し、クラブ・グアラニーと契約するも前期終了後に退団。同年後期リーグからスポルティボ・トリンデンセと契約し主力として活躍する。2011年からスポルティボ・ルケーニョと契約、同年後期から2部に降格しているトリンデンセと再契約した。ただ以降は怪我が長引きプレーできず、これが原因となり現役引退した。
2014年現在、広島市中区大手町にある飲食店「さむらい」の店長として活躍している。


== 所属クラブ ==
ユース経歴
牛田新町SC
1998年 - 2000年 サンフレッチェ広島Jr.ユース（広島市立牛田中学校）
2001年 - 2003年 サンフレッチェ広島ユース（広島県立吉田高等学校）
プロ経歴
2004年 - 2007年  サンフレッチェ広島F.C
2005年  ECバイーア (期限付き移籍)
2006年  愛媛FC (期限付き移籍)
2008年 - 2009年  FC岐阜
2008年 - 2009年  ガイナーレ鳥取 (期限付き移籍)
2010年  クラブ・グアラニー
2010年  トリンデンセ
2011年  スポルティボ・ルケーニョ
2011年  トリンデンセ


== 個人成績 ==


== 出場歴・タイトル ==


=== クラブチーム ===
アンダーカテゴリー
日本クラブユース選手権（2001年ベスト4、2003年優勝）
高円宮杯全日本ユース選手権（2001年ベスト4、2003年3位）
Jユースカップ（2001年ベスト8、2002年準優勝、2003年優勝）
天皇杯全日本選手権（2003年）
国民体育大会広島県代表（2003年）
トップチーム
公式戦初出場・初得点：2004年4月14日J1リーグ1stステージ第5節名古屋グランパスエイト戦
45分、中山元気に代わって出場・1得点（49分）


=== 代表 ===
アンダーカテゴリー
U-18日本代表候補（2004年）


== 脚注 ==


== 参考資料 ==
WORLDFOOTBALL.net


== 関連項目 ==
広島県出身の人物一覧
サンフレッチェ広島F.Cの育成組織
サンフレッチェ広島F.Cの選手一覧
愛媛FCの選手一覧
FC岐阜の選手一覧
ガイナーレ鳥取の選手一覧
日本国外のリーグに所属する日本人サッカー選手一覧


== 外部リンク ==
田村祐基 - Soccerway.com (英語)
田村祐基 - FootballDatabase.eu (英語)
田村祐基 - WorldFootball.net (英語)
田村祐基 - FBref.com (英語)
田村祐基 - Transfermarkt.comによる選手データ (英語)
田村祐基 - J.League Data Siteによる選手データ",no,,
9297,柴村 直弥,Naoya SHIBAMURA,pre2014_p1,柴村直弥,yes,U17,negation_or_candidate_language_present,"柴村 直弥（しばむら なおや、1982年9月11日 - ）は、広島県広島市出身のサッカー選手。ポジションはディフェンダー。


== 来歴 ==
広島皆実高校時代(2年先輩に朝日大輔、1年先輩に瀬戸彬仁・秦賢二、同級生に堀健人ら)は、2年時に全国高校総体で同校初優勝に貢献。千葉県立八千代高等学校との決勝戦では試合を延長戦に持ち込む同点ゴールを決めている。試合は延長戦の末決着が着かず、3−3の引き分けで総体サッカー競技史上初めての両校優勝となり、日本一に輝く。森崎和幸・浩司兄弟・駒野友一らと広島県選抜のメンバーとして1999年熊本国体で全国3位。翌年2000年とやま国体では全国5位。同年全国高等学校サッカー選手権大会に出場するも、2回戦で東北高等学校に敗れる。
中央大学時代は2年時に2年先輩の中村憲剛らと共に関東大学2部リーグ優勝に貢献。リベロのポジションでリーグ最少失点となる堅守を構築し、攻撃でも最終戦の中村のFKを頭で押し込んだ先制点を含む3得点をあげ同リーグベストイレブンを受賞。
大学卒業後、アルビレックス新潟シンガポールに入団し、初年度から両サイドバックで主力として活躍し、2007年アビスパ福岡へ移籍。ピエール・リトバルスキー監督のもと同チームでJリーグデビューを飾る。同じポジションには監督がシドニーFCから連れて来た元オーストラリア代表のチェッコリがいたが、チェッコリ不在時に出場したときには安定したプレーを見せる。その後2008年の徳島ヴォルティスではチーム史上初めて移籍1年目で主将に抜擢され、センターバック、左サイドバックを務める。
2009年ガイナーレ鳥取に移籍。ヴィタヤ・ラオハクル監督の元、開幕2戦目でアシスト、3戦目ではゴールを決めるなど、序盤戦首位を独走するチームに大きく貢献する活躍を見せるが、シーズン中盤にケガのため戦線離脱。それ以降チームも調子を落とし、最終的に5位でシーズンを終え昇格可能な4位以内確保にはならなかった。
2010年シーズン、ヴィタヤ・ラオハクル監督の交通事故により突然監督が交代。出場機会を失う。そして2010年7月、藤枝MYFCへの期限付き移籍が発表される。同クラブでは移籍以降すべての公式戦に先発出場するも同年シーズン終了後に藤枝MYFCを退団。保有権を持つガイナーレ鳥取も退団し、自身のブログでかねてからの夢である欧州に挑戦することを明らかにする。
2011年3月7日、練習参加していたラトビアリーグのFKヴェンツピルスと契約した事を発表した。
2011年ラトビアカップでは決勝戦に出場しチームの優勝に貢献。チームメイトの佐藤穣と共に日本人初のラトビアカップ優勝の快挙を成し遂げる。バルト三国の頂点を決める、三か国の上位チームで行うバルティックリーグでは準々決勝以降チーム内でただ一人5試合すべての試合にフル出場し、準々決勝のエストニアのFCフローラ・タリン戦、準決勝のリトアニアのFCシャウリャイ戦では4試合すべてを完封勝利。スコント・リガとの決勝戦では延長前半に先制されるも、延長後半にCKから3人のDFに競り勝ち、ヘディングで同点ゴールを決める。その後のPK戦でもきっちりゴールを決めるも、9人目までもつれるバルティックリーグ史に残る死闘の末敗退。チームの準優勝に大きく貢献した。
UEFAヨーロッパリーグ2011-2012では2回戦でベラルーシのFCシャフティオール・ソリゴルスクを倒し、3回戦セルビアのレッドスター・ベオグラードに敗戦。ホーム&アウェー4試合すべてにフル出場する。
2011年、コパ・アメリカ2011に海外組のみで出場する案が出たときに日本代表候補になった（最終的に日本は参加を辞退）。
2011年11月、FKヴェンツピルスで日本人初のラトビア・ヴィルスリーガ優勝。ラトビアカップに続き2冠を達成。シーズンを通して主力選手として活躍し、2冠に大きく貢献する。。
2012年2月、ウズベキスタン国内リーグ、カップ共に最多優勝回数を誇り、ACLでは開幕以来すべての大会に出場しているウズベキスタントップリーグの名門クラブFCパフタコール・タシュケントに移籍。同国初の日本人選手となる。キャンプからレギュラーポジションを獲得し、チーム内で唯一2,3月の練習試合やトルコでの大会など全試合にフル出場していたが開幕直前の最後の練習試合で負傷。ACL初戦アル・イテハド戦に強行出場しフル出場するも怪我が悪化、復帰できないまま前半戦を終了する。 同年7月、2004年にはウズベキスタン最優秀監督賞も受賞した名将タチュムラド・アガムラドフ監督からの熱烈オファーにより同リーグのFKブハラへ移籍。FKブハラ加入後は契約の条項の上出場できない古巣パフタコール戦を除くすべての公式戦に出場しホームでは6勝2分と無敗。前半戦で13位と降格圏内にいたチームを見事に救い、最終順位は7位にまで上昇した。また、パフタコールは柴村が在籍した2012シーズン、リーグ最多の9回目のリーグ優勝を果たした。
2013シーズン、ウズベキスタン1部リーグ、PFLにおいてFKブハラ内全選手の中で唯一全試合にスタメン出場、ウズベキスタンカップも含め同シーズンのすべての公式戦にスタメン出場する。そのうち2試合を除いてすべてにフル出場。前年度リーグ優勝クラブである古巣パフタコールとの対戦もフル出場し、1-0で勝利。チームの最終順位も昨シーズンを上回る6位となり、チームの躍進に貢献する。尚、同シーズンの出場時間数もチームでNo.1である。
2014年7月、ポーランド・Iリガのストミール・オルシュティンへ移籍。
2015年12月、Jリーグ合同トライアウトに無所属扱いで出場。
2016年1月、ヴァンフォーレ甲府へ移籍、5年ぶりの日本復帰となった。しかし、契約満了により1年で退団。
2017年、選手兼コーチ兼エグゼクティブマネージャーとして東京都社会人サッカーリーグ1部のCriacao Shinjukuに加入。
2018年、南葛SCへの移籍が発表された。
2020年2月10日、東京都社会人サッカーリーグ2部のTOKYO CITY F.C.（現・SHIBUYA CITY FC）に加入。
2023年、千葉県社会人サッカーリーグ1部の市川SCに移籍。
2026年からFC琉球のフットボール本部スポーツダイレクターに就任。また市川SCの監督に就任。


== 人物・エピソード ==
アビスパ福岡在籍時には、博多の森球技場での選手紹介の際に「苦労人から仕事人へ〜」と紹介されたり、ガイナーレ鳥取では「努力とは何か? その答えはガイナーレの左サイドにある。」とホーム戦での選手紹介で紹介されたりと、たゆまぬ努力で夢を掴んできた苦労人のイメージが強い。
脹脛が異常に太く、福岡では、同じく脹脛の太いチームメイトの布部陽功、金古聖司らとともに「ふくら会」を結成していたことを2008年オフに放送されたスカパーのレポーター座談会でレポーターの高木聖佳がエピソードとして話す。
ガイナーレ鳥取在籍時には、FM鳥取で自身がメインパーソナリティを務める番組「GAINARE TOTTORI WEEKLY INFORMATION」をスタートさせ、毎週金曜日18時から放送される。藤枝MYFCへ移籍後はチームメイトで同じ年齢の美尾敦へと引き継ぐ。
2010年にはフットサルブランドSPAZIOとコラボして自身がデザインを手掛けたオリジナルチャリティーTシャツを制作しアフリカにワクチンを送るなど、社会貢献活動にも積極的である。
2010年12月25日、熊谷スポーツ文化公園陸上競技場で行われた天皇杯準々決勝、アビスパ福岡対FC東京戦に福岡の応援に訪れ、ハーフタイムにはゴール裏のアビスパサポーターの元に現れ、拡声器を使って感謝のメッセージを伝える。
アビスパ福岡から徳島ヴォルティス移籍時にはブログに100件以上の応援コメントが寄せられるなど、常に謙虚な姿勢と一人一人に丁寧な対応をすることからチームを去ってからも応援し続けるファンも多い。
ウズベキスタンでも大変な人気を誇るため、FKブハラの試合では日本人の観客はVIP待遇を受けることもある。パフタコールサポーターからも試合時には柴村コールで迎えられ、FCブニョドコルのサポーターからも対戦時には柴村コールをされるなど、ウズベキスタンでの日本人選手の代名詞になっている。
2012年末に行われたJPFAチャリティーマッチでは長谷部誠、内田篤人、長友佑都らと共に海外組でJAPANスターズの一員としてプレーした。
2014年広島平和記念国際ユース大会で、大会初となる代表チームの招致に尽力。自身がプレーしたポーランド、ウズベキスタンのU-17代表チームを招致し、平和への架け橋を作った。
2015年8月、Yahoo個人史上初めて現役選手でYahoo個人のページを持ち、コラムを執筆するなど、現役選手ながら類稀な文章力を持つ。
2014年クリミア危機を実際に影響を受けたウクライナ人選手の声から伝えた記事は反響を呼んだ。
2019年、ウズベキスタン日本スポーツ・教育・医療交流協会　会長就任。
東日本大震災被災地の子供たちの自立支援プロジェクトSOKを支援し、ポーランドへ招待。
オーガニックコットンを使用したアパレルブランドviri-dari desertaのアンバサダーを務める。
愛用スパイクはumbro。
愛用飲料はVAAM。


== 所属クラブ ==
フジタSS
広島市立鈴が峰小学校
広島市立井口台中学校
1998年 - 2000年 広島県立広島皆実高等学校
2001年 - 2004年 中央大学
2005年 - 2006年  アルビレックス新潟シンガポール
2007年  アビスパ福岡
2008年  徳島ヴォルティス
2009年 - 2010年  ガイナーレ鳥取
2010年7月 - 同年12月  藤枝MYFC (期限付き移籍)
2011年  FKヴェンツピルス
2012年 - 同年7月  FCパフタコール・タシュケント
2012年7月 - 2014年7月  FKブハラ
2014年7月 - 2016年1月  ストミール・オルシュティン
2016年  ヴァンフォーレ甲府
2017年  Criacao
2018年 - 2019年  南葛SC
2020年 - 2022年  TOKYO CITY F.C./SHIBUYA CITY FC
2023年 -  市川SC


== 個人成績 ==

Jリーグ初出場 - 2007年6月13日 J2 第21節 対ベガルタ仙台戦（ユアテックスタジアム仙台）
公式戦初得点 - 2009年3月29日 JFL 前期第3節 対三菱自動車水島FC戦（米子市営東山陸上競技場）


== タイトル ==


=== クラブ ===
FKヴェンツピルス
ラトビアカップ : (2011)
ラトビアヴィルスリーガ : (2011)


== 指導歴・職歴 ==
2017年  Criacao Shinjuku エグゼクティブマネージャー兼トップチームコーチ
2019年  南葛SC ヘッドコーチ
2023年6月 - 同年12月  大宮アルディージャ フットボール本部強化担当
2024年  市川SC ヘッドコーチ
2024年  本宿SC テクニカルアドバイザー
2025年  SHIBUYA CITY FC 顧問
2026年 -  市川SC 監督
2026年 -  FC琉球 海外戦略担当兼ヘッドオブリクルートメント


== 関連情報 ==


=== ラジオ番組 ===
FM鳥取 GAINARE TOTTORI WEEKLY INFORMATION メインパーソナリティ（2009年3月〜2010年7月）


== 脚注 ==

出典


== 関連項目 ==
広島県出身の人物一覧
中央大学の人物一覧
アビスパ福岡の選手一覧
徳島ヴォルティスの選手一覧
ガイナーレ鳥取の選手一覧
藤枝MYFCの選手一覧
ヴァンフォーレ甲府の選手一覧
日本国外のリーグに所属する日本人サッカー選手一覧


== 外部リンク ==
柴村直弥 - Soccerway.com (英語)
柴村直弥 - FootballDatabase.eu (英語)
柴村直弥 - WorldFootball.net (英語)
柴村直弥 - FBref.com (英語)
柴村直弥 - Transfermarkt.comによる選手データ (英語)
柴村直弥 - J.League Data Siteによる選手データ
柴村直弥オフィシャルウェブサイト
柴村直弥ブログ「SHEI日記」
柴村直弥ブログ「SHEI日記」(旧ブログ) - ウェイバックマシン（2005年4月8日アーカイブ分）（2005年1月-2015年1月）
柴村直弥 (@shibamuranaoya) - X（旧Twitter）
柴村直弥 - 個人 - Yahoo!ニュース",no,,
6423,羽畑 公貴,Koki HABATA,pre2014_p1,羽畑公貴,unclear,U16,negation_or_candidate_language_present,U-16日本代表候補,no,,
6952,久場 政朋,Masatomo KUBA,pre2014_p1,久場政朋,yes,U15|U16|U17|U18,negation_or_candidate_language_present,"久場 政朋（くば まさとも、1984年11月21日 - ）は、神奈川県出身の元サッカー選手。ポジションはミッドフィールダー。


== 経歴 ==
2006年オフ、東京ヴェルディ1969から契約満了により退団することが発表された。


== 所属クラブ ==
城郷SC
横浜市立新田中学校
桐光学園高等学校
2002年 東京ヴェルディ1969（強化指定選手）
2003年 - 2006年 東京ヴェルディ1969


== 個人成績 ==

Jリーグ初出場 - 2005年4月13日 J1第5節 サンフレッチェ広島戦
Jリーグ初得点 - 2006年3月25日 J2第5節 モンテディオ山形戦


== 代表・選抜歴 ==
1993年
U-15日本代表候補メンバー
2000年
U-16日本代表 - AFC U-16アジアユース選手権大会
2001年
U-17日本代表・U-18日本代表候補
2002年
日本高校選抜


== タイトル ==
第84回天皇杯優勝
ゼロックス・スーパーカップ優勝


== 関連項目 ==
特別指定選手としてJリーグクラブに登録された選手一覧
東京ヴェルディ1969の選手一覧


== 外部リンク ==
久場政朋 - FootballDatabase.eu (英語)
久場政朋 - WorldFootball.net (英語)
久場政朋 - FBref.com (英語)
久場政朋 - Transfermarkt.comによる選手データ (英語)
久場政朋 - FIFA主催大会成績 (英語)
久場政朋 - J.League Data Siteによる選手データ",,U16|U17,
7522,福本 尚純,Naoyoshi FUKUMOTO,pre2014_p1,福本尚純,unclear,U15,negation_or_candidate_language_present,"福本 尚純（ふくもと なおよし、1987年5月10日 - ）は、岡山県玉野市出身の元サッカー選手。ポジションは、MF、DF。


== 来歴 ==
岡山のクラブチーム・玉野FCから2003年にサンフレッチェ広島ユースに入団。同期生に柏木陽介、木原正和、槙野智章ら。高校3年次にボランチとしてレギュラーを掴み、高円宮杯3位入賞に貢献した。
2006年、立命館大学に入学。大学4年次は主将を務めた。
2010年、地元ファジアーノ岡山FCへ加入。開幕戦である第1節愛媛FC戦で、Jリーグ初出場を果たす。しかし、第5節栃木SC戦で左鎖骨骨折し、全治3ヶ月の負傷。同年は、計7試合の出場となった。2011年4月よりネクスト所属となる。2013年2月5日、現役引退を発表した。


== 所属クラブ ==
玉野FC
玉野市立宇野小学校
玉野市立宇野中学校
2003年 - 2005年 サンフレッチェ広島ユース (広島県立吉田高等学校)
2006年 - 2009年 立命館大学
2010年 - 2012年 ファジアーノ岡山FC
2011年4月 - 同年12月 ファジアーノ岡山ネクスト (登録変更)
2012年4月 - 同年12月 ファジアーノ岡山ネクスト (登録変更)


== 個人成績 ==

Jリーグ初出場： 2010年3月7日 - J2第1節 vs愛媛FC (ニンスタ)


== 代表・選抜歴 ==
U-15日本代表候補
ナショナルトレセンU-16


== 脚注 ==


== 関連項目 ==
サンフレッチェ広島F.Cの育成組織
ファジアーノ岡山FCの選手一覧
岡山県出身の人物一覧
立命館大学の人物一覧


== 外部リンク ==
福本尚純 - Soccerway.com (英語)
福本尚純 - FootballDatabase.eu (英語)
福本尚純 - FBref.com (英語)
福本尚純 - Transfermarkt.comによる選手データ (英語)
福本尚純 - J.League Data Siteによる選手データ
福本尚純ブログ FUKUMOTO NAOYOSHI 「PRIDE」 - ウェイバックマシン（2010年4月3日アーカイブ分）
ファジアーノ岡山FC オフィシャルウェブサイト
PLAYER'Sリレーインタビュー 第23回 立命館大学・福本尚純選手",no,,
6694,蒲原 達也,Tatsuya KAMOHARA,pre2014_p1,蒲原達也,yes,U18|U19,negation_or_candidate_language_present,"U-18日本代表
U-19日本代表候補",,U18,
8611,市原 大嗣,Hiroshi ICHIHARA,pre2014_p1,市原大嗣,unclear,U18,negation_or_candidate_language_present,U-18日本代表候補 2005,no,,
6441,阿部 文一朗,Bunichiro ABE,pre2014_p1,阿部文一朗,yes,U15|U17|U18|U19,negation_or_candidate_language_present,"1999年　U-15日本代表
2001年　U-16日本ユース選抜
2002年　U-17日本代表
2003年　U-18日本代表候補
2004年　U-19日本代表",,U15|U17|U19,
6988,塗師 亮,Ryo NURISHI,pre2014_p1,塗師亮,yes,U15|university,negation_or_candidate_language_present,"2001年 U-15日本代表候補
2006年 全日本大学選抜",,university,
8888,鶴野 太貴,Taiki TSURUNO,pre2014_p1,鶴野太貴,yes,U16|other,negation_or_candidate_language_present,"U-14日本代表
U-16日本代表候補",,other,
9241,ヴィンセント ケイン（高木 ケイン）,Kayne VINCENT,pre2014_p1,ヴィンセント・ケイン,yes,A|U20|other,negation_or_candidate_language_present,"U-13ニュージーランド代表候補
U-20ニュージーランド代表



国際Aマッチ 1試合（2014年）",no,,
9156,石原 卓,Taku ISHIHARA,pre2014_p1,石原卓,yes,U20|university,negation_or_candidate_language_present,"石原 卓（いしはら たく、1988年10月3日 - ）は、愛知県出身の元プロサッカー選手、現在はアマチュアとしてプレー。ポジションはミッドフィールダー（MF）。


== 来歴 ==
名古屋グランパスエイトジュニアユースから愛知県の中京大中京高校に入学。同級生にはプロサッカー選手の伊藤翔、プロフィギュアスケーターの小塚崇彦がいた。
2007年、横浜F・マリノスへ入団。しかし、選手層の厚さから1試合も出場できず、出場機会を求めて2008年7月、徳島ヴォルティスへ期限付き移籍した。
2008年7月19日、鳴門・大塚スポーツパークポカリスエットスタジアムでのモンテディオ山形戦でJリーグデビューを果たす。
要所要所で持ち味を見せるも、2008年限りで横浜FMから戦力外通告を受け、徳島からも期限付き移籍満了となった。
2009年、東海大学リーグ1部の中京大学に入学。同大学サッカー部に所属し、プレーした。
その後、2013年2月にモンテネグロに渡り、プルヴァ・ツルノゴルスカ・フドバルスカ・リーガ（モンテネグロ1部）のFKムラドスト・ポドゴリツァに加入した。
同年8月にはドイツへと移り、2.ブンデスリーガ（ドイツ2部）のFCエルツゲビルゲ・アウエへ3年契約で移籍。
2014年1月、出場機会を求めて3.リーガ（ドイツ3部）の1.FCザールブリュッケンへ期限付き移籍。
同年8月、レギオナルリーガ（ドイツ4部）のTSGノイシュトレーリッツへ期限付き移籍した。
2015年8月、期限付き移籍満了とともに現役引退。その後、帰国し製薬会社に就職したが、サッカーそのものは愛知県のWYVERNで続けていた。
2021年12月15日、現役引退を発表。


== 所属クラブ ==
2001年 - 2003年  名古屋グランパスエイトジュニアユース
2004年 - 2006年 中京大学附属中京高等学校
2007年 - 2008年7月  横浜F・マリノス
2008年7月 - 2008年  徳島ヴォルティス（期限付き移籍）
2009年 - 2012年 中京大学
2013年2月 - 7月  FKムラドスト・ポドゴリツァ
2013年8月 - 2015年  FCエルツゲビルゲ・アウエ
2014年1月 - 6月  1.FCザールブリュッケン（期限付き移籍）
2014年8月 - 2015年  TSGノイシュトレーリッツ（期限付き移籍）
2016年  名古屋サッカークラブ
2017年 - 2021年  WYVERN


== 個人成績 ==

Jリーグ初出場 - 2008年7月19日  J2モンテディオ山形戦 (鳴門・大塚スポーツパークポカリスエットスタジアム)


== 代表・選抜歴 ==
U-20日本代表候補
全日本大学選抜


== 脚注 ==


== 関連項目 ==
横浜F・マリノスの選手一覧
徳島ヴォルティスの選手一覧
日本国外のリーグに所属する日本人サッカー選手一覧
ドイツ・ブンデスリーガに所属する日本人サッカー選手一覧


== 外部リンク ==
石原卓 - Soccerway.com (英語)
石原卓 - FootballDatabase.eu (英語)
石原卓 - WorldFootball.net (英語)
石原卓 - FBref.com (英語)
石原卓 - Transfermarkt.comによる選手データ (英語)
石原卓 - UEFA (英語)
石原卓 - J.League Data Siteによる選手データ",,university,
9638,吉原 正人,Masato YOSHIHARA,pre2014_p1,吉原正人,yes,U15|U17|U18|U19,negation_or_candidate_language_present,"2006年 U-15日本代表
フランコ・ガッリーニ国際大会
2008年 U-17日本代表
2009年 U-18日本代表
2009年 U-19日本代表候補",,U15|U17|U18,
8365,中田 健太郎,Kentaro NAKATA,pre2014_p1,中田健太郎,yes,U15|U16|U17|U18|U19|U20|other,negation_or_candidate_language_present,"U-14日本代表
U-15日本代表
U-16日本代表
U-17日本代表
U-18日本代表
U-19日本代表
U-20日本代表候補",,U15|U16|U17|U18|U19|other,
10316,石黒 智久,Tomohisa ISHIGURO,pre2014_p1,石黒智久,no,,negation_or_candidate_language_present,"石黒 智久（いしぐろ ともひさ、1981年4月27日 - ）は、富山県射水市（旧新湊市）出身 のサッカー選手。ポジションはFW。


== 来歴 ==
富山第一高等学校のFWとして出場した1999年度の高校サッカー選手権で、敗退した準決勝までの4試合で当時の大会最多得点記録となる9ゴールを挙げ、大会得点王となった。
愛知学院大学に進学し1年時からレギュラーとなりユニバーシアード代表候補にも選ばれたがプロからの誘いはなく、2004年に出身地の富山県に本拠地を置くYKK APに入社と同時にYKK APサッカー部（JFL所属）に加入。2008年にアローズ北陸と統合しカターレ富山としてJリーグ参入が決まり入団（YKK AP出身選手は統合後3年間は出向扱いの社員選手で、その後プロか社業に戻るか選択できた。）。地元選手としてしばしば試合告知イベントに呼ばれ、クラブからは契約延長も打診されていたが、2009年6月に退団した。Jリーグでは2009年5月28日の栃木SC戦における途中出場が唯一の出場機会で、出場時間は24分のみだった。
フットサルクラブのToroBravo富山を経て、現在はYKK APの社業に就きながら、アマチュアサッカー選手として富山新庄クラブに入団、2017年シーズンまでプレーを続けた。
2018年、ヴァリエンテ富山に移籍。


== 所属クラブ ==
1997年 - 1999年 富山第一高等学校
2000年 - 2003年 愛知学院大学
2004年 - 2007年  YKK APサッカー部
2008年 - 2009年6月  カターレ富山
2009年  ToroBravo富山（フットサル）
2010年 - 2017年  富山新庄クラブ
2018年 -  ヴァリエンテ富山


== 個人成績 ==

Jリーグ初出場 - 2009年5月28日 J2 第18節 対栃木SC戦（富山）※66分に永冨裕也に代わって途中出場


== 個人タイトル ==
第78回全国高等学校サッカー選手権大会（1999年度）得点王（9得点、現在は歴代2位タイ記録）、大会優秀選手
第21回愛知学生サッカー選手権大会（2003年）ベストイレブン


== 脚注 ==


== 関連項目 ==
カターレ富山の選手一覧
富山県出身の人物一覧
愛知学院大学の人物一覧


== 外部リンク ==
石黒智久 - Soccerway.com (英語)
石黒智久 - FBref.com (英語)
石黒智久 - Transfermarkt.comによる選手データ (英語)
石黒智久 - J.League Data Siteによる選手データ",,,
