source_player_id,name_ja,name_en,tier,wikipedia_title,pathway_category,pathway_matched_categories,pathway_reason,wikipedia_pathway_context,reviewed_pathway_category,reviewer_note
2619,高田 保則,Yasunori TAKADA,pre2014_p2,高田保則,unknown,,no_institution_keyword_found,"湘南ベルマーレ時代は「湘南の貴公子」と呼ばれていた。2006年、湘南（当時は横浜FCにレンタル移籍中）から草津へ移籍した際、「ベルマーレのFWより点を取りたい」と発奮。非公式ではあるが、「ベルマーレの強化部を見返してやりたい」との発言もあり、12得点を記録した。
2007年のJ2第43節のサガン鳥栖戦において、交代枠を使い切った後にGKの本田征治が退場処分を受けたため、控えGK北一真のユニフォームを借り、約10分間GKとしてプレーした。
2009年5月5日に行われたJ2第13節のサガン鳥栖戦で、J2では初となる350試合出場を達成したが、後半36分に一発退場になった。
2010年シーズン終了後、契約の非更新により草津を退団し、2011年11月24日に現役引退を発表。2012年に草津のアンバサダーに就任した。
2010年10月3日の東京ヴェルディ1969戦でJ2通算400試合出場を記録。J2での出場試合数は歴代4位(2012年11月現在)であり、J2での得点数は歴代1位(2012年11月現在)である。
なお、草津時代の35得点は同クラブで歴代得点ランキング1位である。",,
2068,三木 隆司,Takashi MIKI,pre2014_p2,三木隆司,unknown,,no_institution_keyword_found,"大分トリニータでは2006年から2007年にかけての2年間、徳島ヴォルティスでは2010年に主将を務めた。2013年シーズン終了後、契約満了により徳島を退団。そのまま現役を引退し、名古屋グランパスのスクールコーチに就任、2015年から名古屋グランパスU-15の監督を務めた。
2022年より名古屋グランパス・トップチームのコーチに就任。",,
186,寺川 能人,Yoshito TERAKAWA,pre2014_p2,寺川能人,high_school,high_school|j_club_academy|grassroots_club,possible_incidental_schooling_around_club_academy,"寺川 能人（てらかわ よしと、1974年9月6日 - ）は、兵庫県出身の元サッカー選手。ポジションはMF。主戦場は主に右サイドハーフとボランチだが、左サイドハーフなどもこなすユーティリティープレイヤー。


== 来歴・人物 ==
高校時代は、長髪とパスセンスから「滝二のラモス」と呼ばれていた。
1993年シーズンのJリーグ開幕と同時に横浜マリノス（現横浜F・マリノス）に入団。1998年まで在籍し、1999年にジェフユナイテッド市原に、翌2000年にはアルビレックス新潟に移籍。2003年に大分トリニータに移籍したが、2004年に新潟に復帰。2008年まで在籍し、中盤から新潟を支えた。
2009年シーズンより、湘南ベルマーレに完全移籍。湘南では元新潟監督の反町康治監督の下で主に中盤で活躍。共に新潟から移籍した野澤洋輔らとともに献身的なプレーを続け、湘南のJ1昇格に貢献した。新潟時代の応援歌は「寺川能人おーおおーおー」（郷ひろみ『誘われてフラメンコ』の替え歌）であったが、湘南移籍後も引き継がれた。なお、最初のチャントはレイ・パーカー・ジュニアの「ゴーストバスターズ」で右手を上に左手を腰に当てて「てーら×4てらららら　×4からセリフの　最高だ！(最高だ！)素敵だぜ！(素敵だぜ！)惚れちゃいそう！oh!寺川能人！ohoh! いつだって！(いつだって！)麗しい！(麗しい！)俺たちの！oh!寺川能人！ohoh! 」であった。ポーズを取ることやリズムや音程が難しかった為次第に歌われなくなっていった。
2011年より、JFLのFC琉球に完全移籍。2012年限りでの現役引退を表明。
2013年からは現役時代に在籍した新潟に戻り、2年間サッカースクールのコーチを務めた後、2015年に強化部スカウト担当へ異動した。スカウトを担当した期間に獲得した新卒選手には端山豪や原輝綺、戸嶋祥郎や三戸舜介らがいる。2020年11月にゼネラルマネージャー兼強化部長であった玉乃淳の退任に伴い強化部長に就任した。


== 所属クラブ ==
神野SC
神戸FCジュニアユース強化部
滝川第二高校
1993年 - 1998年  横浜マリノス
1999年  ジェフユナイテッド市原
2000年 - 2002年  アルビレックス新潟
2003年  大分トリニータ
2004年 - 2008年  アルビレックス新潟
2009年 - 2010年  湘南ベルマーレ
2011年 - 2012年  FC琉球


== 個人成績 ==


== 指導歴 ==
2013年 - アルビレックス新潟
2013年 - 2014年 スクールコーチ
2015年 - 2020年11月 強化部スカウト担当
2020年11月 - 強化部長


== 脚注 ==

Jリーグ出場記録
2002年、2003年、2004年、2005年、2006年、2007年、2008年、2009年、2010年


== 関連項目 ==
横浜F・マリノスの選手一覧
ジェフユナイテッド市原・千葉の選手一覧
アルビレックス新潟の選手一覧
大分トリニータの選手一覧
湘南ベルマーレの選手一覧
FC琉球OKINAWAの選手一覧


== 外部リンク ==
寺川能人 - Soccerway.com (英語)
寺川能人 - FootballDatabase.eu (英語)
寺川能人 - WorldFootball.net (英語)
寺川能人 - FBref.com (英語)
寺川能人 - Transfermarkt.comによる選手データ (英語)
寺川能人 - J.League Data Siteによる選手データ",,
1209,藤田 健,Ken FUJITA,pre2014_p2,藤田健,j_club_academy,j_club_academy,overseas_relocation_language_no_domestic_institution,"1998年に河村崇大らと共に磐田ユースから昇格（ただしプロではなくアマチュア登録）。わずか数ヶ月で「進路変更のため」退団。その後ブラジルへ留学、元磐田の先輩である鈴木将方の所属する浜松のフットサルクラブでのプレーを経て、2000年オフに甲府のセレクションに合格し、プロサッカー選手となった。
た当初はサイドバックなどでプレーしていたが、次第に倉貫一毅らと共に甲府の上位進出に貢献した。2002年から10番を着用、2010年のシーズンを最後に戦力外通告。
2011年、リーガ・インドネシアのトップ・リーグ、インドネシア・スーパーリーグのスリウィジャヤFCのテストに参加していたが、契約には至らなかった。
2012年、エストニア・メスタリリーガのJKタリナ・カレフに加入。その後同クラブを退団し、11月からコンサドーレ札幌に練習参加するも契約には至らなかった。
その後現役引退を発表、山梨県でサッカースクールの指導者として活動していたが、2020年より岐阜県社会人サッカーリーグ1部のFC大垣K'で現役復帰。
2021年、東海社会人サッカーリーグ2部のFC.Bomboneraに移籍。2022年からは監督を務めた。
2023年、関市を拠点とした新クラブのDELESUN岐阜 の監督に就任した
2025からはDELESUN岐阜がパートナー契約を結んだFC大垣コーガンズとの契約により名前の変更のあったFC OK’DELESUN の監督に就任した。",,
2271,石井 俊也,Toshiya ISHII,pre2014_p2,石井俊也,unknown,,no_institution_keyword_found,"もともとはサイドハーフだったが、1998年に守備的MFとしてレギュラーに定着、オリンピック代表候補として、アジア一次予選の時期などは稲本潤一よりポジションを奪っていた。一方、クラブでは鈴木啓太の台頭でポジションを失い、2003シーズン後仙台へ移籍。
2005年より京都に移籍する。移籍当初は不遇の時を過ごしていたが、2006年後半からレギュラーの座を奪取。2007年は開幕から4試合は出番はなかったが、5試合目からシーズン終了まで全試合に出場し続けた。そして、昇格を賭けた大一番となった2007年11月25日のベガルタ仙台戦でロスタイムにヘディングシュートを決め、1-0で勝利。この試合で、J2の3位以内を確定させた。しかし2008年J1昇格後は、シジクレイ、佐藤勇人らの加入や若手選手の台頭により出場機会を失い、同シーズンにて契約満了となった。
2009年よりJ2に昇格したロアッソ熊本に移籍する。中盤のアンカーのポジションにて43試合に出場するも、5年以内のJ1昇格を見据えた若返りを図るチームの意向および厳しい財政難も重なり、同シーズンにて戦力外通告を受けた。
2010年シーズンは、故郷である静岡県藤枝市からJリーグ参入を目指す藤枝MYFCに入団。2013年退団。",,
1829,布部 陽功,Takanori NUNOBE,pre2014_p2,布部陽功,university,university|high_school|j_club_academy,possible_incidental_schooling_around_club_academy,"1989年北陽高校サッカー部に入部。1年生から3年生までレギュラーとして全国大会に5回出場した。卒業後、1992年近畿大学サッカー部に入部。翌年の1993年大学2年時にプロになることを決意し、単身ブラジルに留学を決める。
1994年ブラジルのヒョーゴFCに所属し、大会で優勝。来日し日本のチームと対戦した際に、ヴェルディのコーチに声をかけられ練習生としてチームに参加。当時ヴェルディ川崎の監督であったネルシーニョに発掘される。1995年全盛期のヴェルディ川崎に逆輸入選手として入団。シンデレラボーイと報道された。同年ゼロックススーパーカップでデビューし、同点ゴールを奪いプロ初ゴールを決める。
1997年シーズン途中でジュビロ磐田にレンタル移籍。主にFW、右SBで出場した。
1998年にヴィッセル神戸に完全移籍。FW、MF、DFとオールラウンドプレーヤーとして出場。
2001年セレッソ大阪に完全移籍。主にボランチとして出場する。キャプテンであった森島寛晃と共に、選手の代表として選手会長を務める。
2006年アビスパ福岡に完全移籍。翌年の2007年からキャプテンとして2年間チームを牽引した。2009年指導者の道を選びアンバサダー兼コーチとして、アビスパ福岡に残りS級ライセンスを取得。同年8月、レイソルカップでアビスパ福岡U-14を引率した際、当時柏レイソルの監督であったネルシーニョと再会。
翌年の2010年1月からネルシーニョのコーチとして柏レイソルに移る。2010年J2リーグ優勝、1年でJ１リーグに復帰。2011年Jリーグ初となるJ1昇格1年目でのJ1初優勝。2012年天皇杯優勝。2013年ナビスコカップ優勝。5年間ネルシーニョのコーチとしてチームに貢献した。
2015年新監督の吉田達磨のヘッドコーチとしてチームに残る。2016年1月柏レイソルU-18監督に就任するがトップチームの成績低迷により、3月からトップチームに復帰、当時指揮していた下平隆宏の下でヘッドコーチを務める。
2017年大学時代の同級生であり京都サンガのスカウトであった小島卓に誘われ、京都サンガの監督に就任。1年目は12位に終わり、2年目もなかなか成績が伸びず、この年の5月に退任した。
2018年6月から柏レイソルU-18コーチを務め、同年11月よりゼネラルマネジャーに就任した。しかしこの年はチームは低迷し、J2に降格してしまう。
そして2019年シーズン、師と仰ぐネルシーニョを再度監督に招いてJ2優勝。1年でJ1復帰を達成する。",,
1155,大岩 剛,Go OIWA,pre2014_p2,大岩剛,unknown,,no_institution_keyword_found,"Jリーグ初出場 - 1995年3月18日 J 1st第1節 対ガンバ大阪戦（万博記念競技場）
Jリーグ初得点 - 1996年11月2日 J第28節 対ジェフユナイテッド市原戦（瑞穂陸上競技場）
国際Aマッチ初出場 - 2000年2月5日 カールスバーグ・カップ 対メキシコ戦（香港スタジアム）",,
6496,シュナイダー 潤之介,Junnosuke SCHNEIDER,pre2014_p2,シュナイダー潤之介,unknown,,no_institution_keyword_found,"父親がドイツ系スイス人、母親が日本人。
明星高2年時にDFからGKに転向。明星大を経て、2000年に群馬FCフォルトナ（現・アルテ高崎）に入団。翌2001年にサガン鳥栖へ移籍（セレクションで合格して入団）。2002年にレギュラーを獲得し、2005年には主将も務めた。

2006年11月末、サガン鳥栖は、年俸など契約条件を提示し交渉を進めていたが、シュナイダーがJ1チームへの移籍を希望していたため、契約更新に至らなかった。「レベルの高いところからオファーがあれば、それは本人のために、本人の意志に任せる」というのがクラブの方針の鳥栖は、翌2007年1月に他クラブとの交渉が自由にできる移籍リストに登録し、J1チームからのオファーを待った。鹿島アントラーズなど具体的なチーム名がいくつか挙がっていたが、同時にJ2・ベガルタ仙台からもオファーがあった。J1チームへの移籍を希望していたため、仙台への移籍はないだろうと思われていたが、最終的にシュナイダーは仙台を移籍先として選択（2006年のJ2での順位は鳥栖が4位で仙台は5位であった）。
仙台移籍1年目の2007年は小針清允からレギュラーを奪取。正GKとして試合に出場し続けたが、6月6日の練習中に右手を骨折。全治3ヶ月と診断され、戦線離脱を余儀なくされた。チームはその後、コンサドーレ札幌から林卓人を期限付き移籍で獲得し、彼を正GKとして起用するようになる。負傷完治後も林から正GKの座を奪い返すことはできず、翌2008年もチームは移籍期間を延長した林を正GKとして起用。シュナイダーはレギュラーはおろか前述の入団当初は第3GK扱いで未だ公式戦出場がなかった萩原達郎に控えの座をも奪われ、試合ではベンチ入りすらできない状況にまで陥った。結局、天皇杯や入れ替え戦を含め、1試合も公式戦に出場することはなく、同年を以って戦力外となりチームを去った。

2009年1月9日、JFLのガイナーレ鳥取への完全移籍が発表された。鳥取はJリーグ準加盟クラブとして承認されたため、JFLで4位以内に入れば翌年のJリーグ参入が可能であった。移籍後は井上敦史からポジションを奪いリーグ戦全34試合にフル出場したものの、この年の鳥取は惜しくも5位に終わりJリーグ参入が見送られた。シーズン終了後、「家族のそばでプレーしたい」という本人の意向もあり、同年限りで鳥取を退団した。

2010年1月6日、鳥栖時代の恩師である岸野靖之が監督に就任した横浜FCへの加入を発表。岩丸史也・大久保択生・ベガルタ時代のチームメイトでもある関憲太郎と正GKを争い、リーグ戦17試合に出場した。2011年は関が全38試合フル出場したため控えに降格。
2012年も当初は関の控えだったが、チームは低迷し岸野が解任されて新監督にクラブOBの山口素弘が就任。4月22日の京都サンガF.C.戦で2年ぶりの出場を果たし、8試合ぶりに初勝利を挙げた。それ以降は正GKの座を奪取しチームをプレーオフ圏内の4位に導いたが1回戦で5位のジェフ千葉に敗れ昇格を逃した。2013年はキャプテンを務めたが、序盤は柴崎貴広の控えだった。しかし、ホームで昇格組のV・ファーレン長崎に敗れるなどしたためポジションを奪い返すとその後は徐々に成績も上向いていったが、昇格争いには絡めず終盤戦は渋谷飛翔の控えに回った。
11月21日契約満了に伴い退団が決まった。

2014年、関西サッカーリーグ1部の奈良クラブへ移籍。育成組織GKコーチも兼任する。

2015年限りで現役を引退し、2016年からザスパクサツ群馬のGKコーチに就任した。
2019年12月、栃木シティのGKコーチに就任、2020年より選手兼GKコーチとして現役復帰した。
2022年、松本山雅FCのGKコーチに就任した。
2023年、AC長野パルセイロのGKコーチに就任した。2024年11月19日、前立腺がん（ステージ4）罹患によるチーム離脱を発表。1年間の治療期間を経て、2025年をもって退任。
2026年、ザスパ群馬のU-15監督兼GKコーチに就任した。",,
3420,早川 知伸,Tomonobu HAYAKAWA,pre2014_p2,早川知伸,unknown,,no_institution_keyword_found,"元々のポジションはミッドフィールダーだが、横浜FCに移籍してからコンバートされ当初は右サイドバック、その後は主にセンターバックで出場した。2008年シーズン途中、J1残留争いを繰り広げていたジェフユナイテッド千葉の緊急補強として期限付き移籍したが、2009年から横浜FCに復帰。2010年シーズン終了をもって現役を引退した。
引退後は横浜FCのユースコーチに就任。2014年にはジュニアユースの監督、2015年からはトップチームのコーチに就任した。2017年には中田仁司監督の解任に伴い、暫定的に監督解任以降トレーニングの指揮を執っていたが、その後奥寺康彦が暫定監督に決まったため実際にリーグ戦の指揮を執ることはなくコーチのままとなった。
2021年4月8日、横浜FCの監督に就任した。2021年12月10日に横浜FCの監督を退任して、コーチに就任した。
2023年より、松本山雅FCのトップチームコーチに就任。
2025年より、松本山雅FCの監督に就任した。同年11月28日、1試合を残して今シーズン限りの退任が発表された。
2026年より、レノファ山口FCのトップチームコーチに就任。",,
4013,鷲田 雅一,Masakazu WASHIDA,pre2014_p2,鷲田雅一,unknown,,no_institution_keyword_found,"2008年、栃木SCを指揮した柱谷幸一監督からは「チームの背骨となる選手」の一人として名をあげられた。
2010年をもって現役引退。
2012年3月11日、元栃木SCの選手で栃木SCドリームアンバサダーを務める佐藤悠介が主催した「3.11悠介ドリームズメモリアルゲーム」に参加し、「悠介ドリームズ」の一員として久々に栃木県グリーンスタジアムのピッチに立った。",,
4312,小野 智吉,Tomoyoshi ONO,pre2014_p2,小野智吉,unknown,,no_institution_keyword_found,1998年にベルマーレ平塚に入団、2000年まで3年間在籍。2002年に横浜FCに入団。横浜FCには9年間在籍し、クラブ内で最古参であった。2010年12月11日、現役引退を発表。,,
381,上村 健一,Kenichi UEMURA,pre2014_p2,上村健一,unknown,,no_institution_keyword_found,"

初出場　1993年7月14日 対ヴェルディ川崎戦（等々力陸上競技場）
初得点　1993年7月24日 対浦和レッドダイヤモンズ戦（広島スタジアム）

初出場　2001年4月25日  スペイン代表戦（コルドバ）",,
1872,菅原 智,Tomo SUGAWARA,pre2014_p2,菅原智,unknown,,no_institution_keyword_found,"小学時代に所属していた「川崎YMCA」は地元の強豪チームで、同期には薮田光教、高田保則の兄、歌手の森山直太朗らがいた。生前の松田直樹とは同年代の仲良しで、自身のブログに度々登場していた。
2011年限りで現役を引退し、育成部門のコーチに就任。2012年4月30日の山形戦の試合終了後に引退セレモニーを行った。
2021年、ヴィッセル神戸のアシスタントコーチに就任した。
2026年、監督に就任する吉田孝行と共に清水エスパルスのコーチに就任。",,
144,西澤 淳二,Junji NISHIZAWA,pre2014_p2,西澤淳二,unknown,,no_institution_keyword_found,"川崎フロンターレ在籍時の2000年、Jリーグオールスターサッカーにチームから唯一出場し、前半5分にJ-EASTの先制ゴールを決める活躍を見せた。
コンサドーレ札幌在籍中の2005年9月、モンテディオ山形戦で左膝前十字靭帯損傷の重傷を負うも、翌年怪我から復帰。元々はセンターバックだが、2007年は主に右サイドバックとして起用され、38試合に出場。クラブのJ1昇格へ大きく貢献した。
2008年は右足の手術を受け、シーズン途中よりセンターバックとして出場したが、シーズン終了後に戦力外通告を受ける。日本フットボールリーグのクラブからオファーが来たが、契約には至らず現役を引退。2009年に古巣である東京ヴェルディのスカウトに就任。2010年には川崎フロンターレスカウトに就任した。
2022年、横浜F・マリノスのトップチームダイレクターに就任。
2025年1月現在、公式に発表されていないが、横浜F・マリノスのトップチームダイレクターから名前を消した。",,
2330,平山 智規,Tomonori HIRAYAMA,pre2014_p2,平山智規,j_club_academy,j_club_academy,overseas_relocation_language_no_domestic_institution,"東海大一中から静岡北高を経て、1996年に柏レイソルへ練習生として入団。ブラジルのジュベントスへ留学を経験した後、3年目の1999年途中からチームでポジションを掴み始め、同時にシドニー五輪予選を戦うU-22代表にも招集された。2000年末には、トルシエ監督の日本代表合宿にも招集された。2003年8月のナイジェリア戦を前に、負傷により辞退した奥大介（横浜F・マリノス）に代わって代表に招集されたが、試合出場の機会はなかった。
2007年シーズンをもって契約満了となり退団となり、そのまま引退を発表。
2008年より柏レイソルで育成・普及部の普及コーチに就任すると発表したが、2008年6月30日付での退社が発表された。
2009年6月に柏レイソルアカデミー スクールコーチとして復帰。
柏レイソル復帰直後の2009年6月29日、オフィシャルブログを開設した。
2012年にU-15コーチとなり、2014年5月現在は柏レイソルU-12 コーチを務めている。
シューシャという愛称の名付け親はカレカ。",,
93,高橋 範夫,Norio TAKAHASHI,pre2014_p2,高橋範夫,unknown,,no_institution_keyword_found,"1992年に浦和レッズに加入するも、1995年まで出場機会はなく、1996年にブランメル仙台に移籍。激しい正ゴールキーパー争いの中、手足が長く、守備範囲が広い高橋が開幕スタメンを奪う。その後も主力として活躍、23試合に出場した。
しかし、1997年に松永成立、石川研らが移籍すると出番が激減。以降も出場機会に恵まれなかったが、チーム名がベガルタ仙台に変わって2年目の2000年途中から、再びレギュラーの座をつかむ。2001年にはキャリアハイの44試合に出場、J1昇格の立役者となった。
2004年にはチリのCDウニオン・サン・フェリペ に移籍。チリ初の日本人選手となったが、出場機会はなかった（日本人としての初出場は2013年の内田大貴）。
2007年からはアルビレックス新潟シンガポールにGKコーチ兼任でプレー。2008年限りで現役を引退した。
現役引退後は、指導者の道を歩んでいる。",,
55,木澤 正徳,Masanori KIZAWA,pre2014_p2,木澤正徳,unknown,,no_institution_keyword_found,スピードを武器とする右サイドバックで、古河や市原で活躍。セレッソではレギュラーだったが、クロスの精度が課題だった。,,
1332,岡本 隆吾,Ryugo OKAMOTO,pre2014_p2,岡本隆吾,unknown,,no_institution_keyword_found,1996年にジャパンフットボールリーグのNTT関東（後の大宮アルディージャ）に入団。1999年にJ2リーグに昇格。2003年に現役引退。現役時代はキャプテンを務め、ジャパンフットボールリーグ時代から不動の左サイドバックとして連続試合出場を続けていた。ファンからも「ミスター大宮」、「ミスターアルディージャ」、大宮の「鉄人」として愛される存在だった。,,
2915,滝澤 邦彦,Kunihiko TAKIZAWA,pre2014_p2,滝澤邦彦,unknown,,no_institution_keyword_found,"左サイドを得意とするMF。そのドリブルについて名古屋在籍時2003年のズデンコ・ベルデニック監督は「レアル・マドリードでも通用する」と評した。
2006年は所属クラブが決まらなかったが、シーズン途中の6月に横浜FCに加入が決まり、試合のリズムを変えるときなどにスーパーサブとして重用され、横浜のJ1昇格に大きく貢献し、2007年シーズンは初のJ1を戦うチームの中で左MFとしてプレーし、チームのアシスト王になっている。2008年シーズン終了後に、横浜FCより戦力外通告を受け、東京ヴェルディに完全移籍。序盤は主力として起用されたものの次第に出場機会は減り、再び戦力外通告を受けた。
タイに渡り、2010年から2011年までタイ・プレミアリーグのバンコク・グラスFC（現：BGパトゥム・ユナイテッドFC）でプレー。
2012年にリージョナルリーグ・ディヴィジョン2のランシットFCに期限付き移籍。
2013年、タイ・ディヴィジョン1リーグのアユタヤFCに移籍。
2014年、かつて在籍していたランシット・ユニバーシティFCと契約。
2016年、現役引退。引退後は古巣である名古屋グランパスエイトのスクールコーチに就任した。",,
1594,西山 哲平,Teppei NISHIYAMA,pre2014_p2,西山哲平,unknown,,no_institution_keyword_found,"1994年サントリーシリーズ最終戦（ヴェルディ川崎戦）にてデビュー。当時平塚の監督であった古前田充は、「2ndステージ（NICOSシリーズ）のために試しておきたかった」とコメントしている。当時絶対的存在であったFW野口幸司のサブとして考えていたようである。デビュー戦では19歳の若者らしい勢いのある突破を見せた。
2003年11月12日の練習中、右足脛腓骨骨折で全治6ヶ月の大怪我を負ったが、2004年9月18日東京ヴェルディ1969戦（味の素スタジアム）に後半29分から出場。
2007年9月15日の川崎フロンターレ戦にてJ通算300試合出場を達成。またその試合ではロスタイムに勝ち越しとなるゴールを決めるもその後川崎に追いつかれたため試合は引き分けに終わっている。
ブラジル留学の経験を持ち、ポルトガル語が堪能なことから、当時大分の監督であったペリクレス・シャムスカの指示を通訳なしで理解していた。シャムスカからは経験とユーティリティ性を買われスーパーサブとして主に起用された。
2009年12月4日、同シーズン限りでの契約満了が発表され、翌2010年1月18日に現役引退を発表した。その後2014年まで大分の強化部スカウト担当を務め、2015年に大分のトップチームのアシスタントコーチに就任。しかし、同年6月にチームの成績不振の影響を受ける形で再び強化担当に配置転換された。その後、当時の強化育成部長の柳田伸明が大分の監督に就任しそれに専念することとなったため、強化育成部長代理をシーズン終了まで務めた。2016年より正式に強化育成部長に就任。2020年からはゼネラルマネージャーとなり、2024年まで計5年間務めた。
2025年、AC長野パルセイロのスポーツダイレクター兼トップチーム強化部長に就任。",,
34,栗田 泰次郎,Taijiro KURITA,pre2014_p2,栗田泰次郎,unknown,,no_institution_keyword_found,"1993年に静岡学園高から鹿島アントラーズに入団。その後、京都パープルサンガ、コンサドーレ札幌、清水エスパルス、横浜FCを経て2002年に水戸ホーリーホックに加入。
水戸では主にボランチの選手として活躍したが、2005年に戦力外通告を受けた。一度は引退を表明するものの、現役続行を希望し、2006年からFC琉球でプレーすることとなった。3シーズンプレーしたの後、2008年をもって引退した。",,
1365,塩川 岳人,Taketo SHIOKAWA,pre2014_p2,塩川岳人,unknown,,no_institution_keyword_found,"両サイドのMFをこなす選手であるが、元々はFWの選手であり、大分トリニータ時代はFWとして出場していた。さらに、チームによってはDFとしての起用もあるが、スピードを生かしたサイド攻撃を期待されるプレースタイルは変わりがない。横浜では試合出場数は少なかったが、シーズン中の徳島移籍までの2シーズンで選手会長を務めた。
また、山形で初めてプロ選手として指導を受けた石崎信弘とは同時に大分に移籍した。その後、塩川は石崎を離れて川崎に移籍したが、2001年途中には石崎が川崎監督に就任し、合計で7シーズンにわたって石崎の下でプレーしている。",,
6464,森田 浩史,Hiroshi MORITA,pre2014_p2,森田浩史,unknown,,no_institution_keyword_found,"2001年当時J2サガン鳥栖に入団。2002年、14ゴールを挙げて2003年にアルビレックス新潟に移籍を果たす。2004年7月、期限付き移籍で大宮アルディージャに加わり、10ゴールを挙げてJ1昇格に貢献。翌年も期限付き移籍期間を延長して在籍し、2006年に完全移籍。得点数はあまり多くないが打点の高いヘディングによるポストプレーや献身的な守備でチームに貢献する。2009年はヴァンフォーレ甲府への移籍しセカンドトップとして7得点を挙げたが、この年限りで退団。
2010年4月、タイ・プレミアリーグのタイ・ポートFCへ移籍。同年7月、JFL・V・ファーレン長崎に移籍。同年シーズン終了後に長崎を退団。
2011年、大宮アルディージャU-12コーチに就任。",,
416,竹村 栄哉,Yoshiya TAKEMURA,pre2014_p2,竹村栄哉,high_school,high_school|j_club_academy,possible_incidental_schooling_around_club_academy,"広島県山陽高校卒業後、1992年にフジタ（ベルマーレ平塚）に加入。1994年8月17日のニコスシリーズ第3節でJリーグ初出場、1995年9月2日のニコスシリーズ第6節でJリーグ初ゴールを記録。
その後、1998年から水戸ホーリーホック、1999年途中から大分トリニータ、2002年から大宮アルディージャ、2004年からサガン鳥栖でプレー。2006年シーズン限りで鳥栖との契約が満了になり、クラブ側からはコーチ就任を打診されたが、大分時代の同僚である原田武男に誘われて九州リーグのV・ファーレン長崎に移籍。2009年にはポジションをサイドアタッカーからボランチへと移す。2009年に左ひざ前十字靭帯を部分断裂したが、その翌年に復帰を果たす。2010年限りで長崎との契約を満了、2011年から同クラブのフロントスタッフとなった。
2011年から2014年まで、V・ファーレン長崎にスタッフとして籍を置きつつ、2014年長崎国体に向けた強化チームに選ばれた九州リーグの三菱重工長崎サッカー部で選手兼コーチを務めた。国体には2012年大会と2014年大会に長崎県代表の選手兼監督として参加。
長崎のフロントスタッフとして当初は営業部、のち強化部に在籍。2012年に設立されたU-18チームではコーチに就任。2018年より強化部長。
2019年より、ベガルタ仙台の強化担当に就任。2020年からは強化部長に就任していたが、2021年12月30日に降格の責任を取る形で辞任した。",,
2104,久保山 由清,Yoshikiyo KUBOYAMA,pre2014_p2,久保山由清,unknown,,no_institution_keyword_found,"

横浜フリューゲルス入団当初はトップ下として活躍。ジーニョが出場停止時に背番号10を背負うなど、クラブから期待された選手であった。
後にFWとして起用され、頭角を現し始めた1998年にクラブが消滅するという決定が下される。横浜Fの最後の試合となった天皇杯決勝清水エスパルス戦で持ち前の反転の速さを生かし芸術的なターンで戸田和幸を翻弄しゴールを決めている。
クラブ消滅に伴い、1999年に清水エスパルスに移籍。チーム最多の年間12得点を挙げ2ndステージ優勝に大きく貢献。同年のJリーグアウォーズ優秀選手賞を受賞した。
2000年のアジアカップウイナーズカップ優勝、2001年の天皇杯優勝にも大きく貢献し、2000年にはフィリップ・トルシエの目にとまり、代表合宿にも呼ばれている。
しかし、晩年はひざの怪我に悩まされ、2007年シーズンの試合出場は0。11月23日、同シーズン限りでの引退を表明。

2008年から2015年まで、清水エスパルスジュニアユースの監督を務めた。
2016年より、清水エスパルスのコーチに就任。
2024年より、FC今治のヘッドコーチに就任。",,
9712,嶋田 正吾,Shogo SHIMADA,pre2014_p2,嶋田正吾,unknown,,no_institution_keyword_found,2002年にアイン食品に入団。その後、日本フットボールリーグの佐川急便大阪SC/佐川急便SCを経て、2008年にJ2リーグのFC岐阜に移籍。2009年シーズンはリーグ戦の51試合、天皇杯4試合と公式戦全55試合に出場した。2013年から2017年までアイン食品サッカー部の監督を務めていた。,,
169,浦上 壮史,Takeshi URAKAMI,pre2014_p2,浦上壮史,unknown,,no_institution_keyword_found,"横浜マリノス、清水エスパルスではそれぞれ松永成立・真田雅則という絶対的守護神が存在したため活躍の場がほとんどなかったが、1997年に川崎フロンターレに移籍してからはレギュラーを掴む。1998年のJ1参入決定戦では博多の森の悲劇を経験。1999年にはJ2で優勝しJ1昇格に貢献した。
2000年はチーム事情から、2001年は怪我から出場機会が減ったが、2002年には42試合（全44試合）に出場し、レギュラーとして活躍した。しかし翌2003年からは吉原慎也の成長と下川誠吾の加入もあって出場機会に恵まれなくなった。2004年シーズン終了後に現役引退。
2005年はテレビ神奈川（tvk）の応援番組『ファイト!川崎フロンターレ』でコーナーを持ち、ファン感謝祭でも司会を務めるなど川崎関連の仕事に携わった。2006年から2010年は清水エスパルスのコーチを務めた。",,
1612,桜井 直人,Naoto SAKURAI,pre2014_p2,桜井直人,unknown,,no_institution_keyword_found,浦和レッズ時代はサテライト暮らしの不遇な日々を送っていたが、1999年途中にヴェルディ川崎（現・東京ヴェルディ）へレンタル移籍後に本領を発揮してレギュラーの座を獲得。翌2000年からはV川崎へ完全移籍となった。2005年に地元の大宮アルディージャに移籍。同年にはレッズでチームメイトだった永井雄一郎共に、ジーコ・ジャパンのトレーニングキャンプに選出されるも、メンバーとしては残れなかったため、公式試合には出場していない。2007年以降出場機会が激減。2008年シーズン終了後、戦力外通告を受けた。同年限りで現役を引退し、大宮のU-12コーチに就任したが、2010年からは古巣、浦和のハートフルクラブのコーチに就任することとなった。2014年からはドリブルに特化したサッカースクール『ソルプレッサ・サッカースクール』で指導している。,,
141,村田 達哉,Tatsuya MURATA,pre2014_p2,村田達哉,j_club_academy,j_club_academy,overseas_relocation_language_no_domestic_institution,"読売ユース、ジュニオールを経て、ヴェルディ川崎に加入後、旧JFLの東芝（今のコンサドーレ札幌）へ移籍。札幌では左サイドバックや、3バック時は左のウイングバックでプレーした。
2000年からはベガルタ仙台へ加入するも、怪我に泣かされることが多く、2003年シーズン途中からは大宮アルディージャにレンタル移籍し、2004年限りで現役を引退。ベガルタ仙台のフロントを経て、2005年5月よりキエーボ・ヴェローナ（イタリア・セリエA）にてコーチ留学。
2008年2月25日、コンサドーレ札幌の強化部スカウト担当、翌2009年にはトップチームコーチ、2013年にはU-15コーチに就任する。
2014年より、なでしこリーグの日テレ・ベレーザコーチに就任。同年9月、東京ヴェルディのコーチに就任したが、2016年シーズンをもってコーチを退任。
2017年、日テレ・ベレーザのコーチに就任。
2018年よりJFLに昇格したコバルトーレ女川の監督に就任。しかしチームは最下位で東北リーグ1部に降格となり、責任をとって退任。
2019年、ブリオベッカ浦安のコーチに就任。
2024年より、川崎フロンターレのコーチに就任。",,
4317,松尾 直人,Naoto MATSUO,pre2014_p2,松尾直人,unknown,,no_institution_keyword_found,"1998年にヴィッセル神戸に入団。アルゼンチン留学、2002年2月から7月までセレッソ大阪、2004年7月からシーズン末までアルビレックス新潟 への期限付き移籍を経て、2006年よりFC東京に完全移籍。しかし開幕前キャンプ中に股関節故障の症状が悪化し、ほぼ1年を治療のため棒に振った。同年は試合はおろか練習に合流する機会も少ないほどの重傷であり、シーズン終了後、怪我の治療に専念するため本人の意向により退団する事が発表された。
練習生としての練習参加を経て2007年4月に正式にアルビレックス新潟と契約。2010年からは湘南ベルマーレへ移籍。しかしながらキャンプ中に怪我で加入早々に戦線を離脱。シーズン中断までの前半戦をすべて欠場した。
2012年よりコンサドーレ札幌へ移籍したが、1月25日、家庭の事情を理由に退団を申し出て、契約解除となった。翌月、FC大阪へ移籍。
2014年1月、契約満了によりFC大阪を退団。その後、現役引退。2014年に子供向けのサッカースクール「CANTERANO」を開校した。2017年7月1日から、FCジュンレーロのテクニカルアドバイザーにも就任した。",,
434,吉村 寿洋,Toshihiro YOSHIMURA,pre2014_p2,吉村寿洋,unknown,,no_institution_keyword_found,現役時代は後ろで一つに結わえた長髪がトレードマークだった。2011年現在はスカパー!のJリーグ中継でアビスパ福岡ホームゲームの解説を担当している。,,
7235,石田 祐樹,Yuki ISHIDA,pre2014_p2,石田祐樹,unknown,,no_institution_keyword_found,"出身の札幌市立清田中学校陸上部は、在学当時北海道内でも有数の名門校であったが、足の速さでは遜色ない非凡な運動能力を発揮していた。小さい頃の夢は大工。
2012年限りで現役引退。
2013年より藤枝MYFCコーチに就任。
2017年9月5日、おこしやす京都AC（旧称：アミティエSC京都）の監督に就任したが、2020年3月6日に監督を退任して、同クラブの副社長兼GMに就任した。",,
1676,野口 裕司,Hiroshi NOGUCHI,pre2014_p2,野口裕司,unknown,,no_institution_keyword_found,"1994年に当時ジャパンフットボールリーグ所属の京都パープルサンガ（現：京都サンガF.C.）に入団。1996年のJリーグ昇格を経て、2002年オフに解雇されるまでの9シーズン、FWからDFまで様々なポジションをこなすオールラウンダーとしてプレイ。入れ替わりの激しいチームにあって数少ない生え抜き選手ということで、サポーターからは「ミスター・サンガ」と呼ばれた。2003年、大宮アルディージャに移籍し、同年引退。
2004年から京都の普及育成部スタッフを務め、2008年に京都の強化部スカウトに就任。2015年には京都の強化部長へ就任。2017年11月、強化部長を退任した。
2018年からセレッソ大阪に入団。スカウトやU-23チームの運営に従事する。2025年4月からチーム統括部長に就任。",,
4314,時崎 悠,Yu TOKISAKI,pre2014_p2,時崎悠,unknown,,no_institution_keyword_found,"2007年、FCペラーダ福島（現・福島ユナイテッドFC）で選手兼任監督を務めていた。2008年は選手専任となったが、シーズン途中に監督の齋藤誠が解任されたため、選手兼監督代行として再びチームの指揮を執る事となった。2011年シーズンのリーグ戦途中からは本来のゴールキーパーが故障により離脱したため控えGKとして登録され、第47回全国社会人サッカー選手権大会、第35回全国地域サッカーリーグ決勝大会では実際にGKとして試合に出場した。同年限りで現役を引退し、監督に専念。2013年シーズンをもって退任し、湘南ベルマーレのユースコーチに就任。
2020年より福島のトップチームコーチに就任すると発表された。
2021年より福島のトップチーム監督に就任。2021年12月7日、福島の監督を退任した。
2022シーズンからは栃木SCトップチーム監督に就任。2023年シーズンをもって栃木の監督を退任する事が発表された。
2024年からFC東京のトップチームコーチに就任が発表された。",,
157,井原 正巳,Masami IHARA,pre2014_p2,井原正巳,university,university|high_school|j_club_academy|grassroots_club,possible_incidental_schooling_around_club_academy,"井原 正巳（いはら まさみ、1967年9月18日 - ）は、滋賀県甲賀郡水口町（現：甲賀市）出身の元プロサッカー選手、サッカー指導者。現役時代のポジションはディフェンダー（DF）。元日本代表。
1990年代のJリーグを代表するディフェンダー（センターバック）で「アジアの壁」と呼ばれ、キャプテンとして1998 FIFAワールドカップに出場した。サッカー日本代表のA代表キャップ数122は遠藤保仁に抜かれるまで歴代1位であった。


== プロ入り前 ==
小学3年生の頃兄がプレーしていた、貴生川サッカー少年団でサッカーを始めた。水口中学を経て、滋賀県立守山高等学校へと進学、1年時からレギュラーを獲得、2学年先輩に美濃部直彦がいた。1984年に全国高校サッカー選手権に出場した。高校卒業後は筑波大学へ進学して蹴球部に所属した。大学入り前に行われた、ワールドユースに向けたセレクションのメンバーに選抜されたが、ディフェンダーのポジションには空きがあったことから「やってみないか?」と勧められたことがきっかけとなり、フォワードからディフェンダーに転向した。筑波では1986年、1987年に関東リーグと総理大臣杯で連覇を果たした。筑波大学2年時に日本代表に選出された。
筑波大学時代、当時ディフェンダーだった中山雅史とセンターバックでコンビを組んでいた。二人はユース代表でもセンターバックを務め、アルバイトも同じ所でするなど公私共に仲が良かった。大学では教員免許も取得した。


== クラブ経歴 ==


=== 日産、横浜マリノス時代 ===
読売クラブ、全日空、古河電工、ヤマハなどからも誘いを受けていたが、大学卒業後は日産自動車サッカー部（現:横浜F・マリノス）に入部、入団初年度はオスカー監督から守備的中盤として起用され、リーグ戦全試合に出場、三浦知良を抑えて日本リーグ新人王を受賞した。1991-92年の天皇杯、1992-93年シーズンの天皇杯とアジアカップウィナーズカップの連覇に貢献した。オスカー監督退団時にはブラジルでプレーしないかとも誘われた。
1993年Jリーグ開幕節 (5月15日) のヴェルディ川崎戦に出場して勝利し、同年5月29日のジェフユナイテッド市原戦ではJリーグのオウンゴール第1号を記録した。同年のJリーグオールスターサッカーには三浦知良やジーコらを抑え、ファン投票で最多得票を得て出場した。1994年5月4日のヴェルディ川崎戦でJリーグ初ゴールを挙げた。この年のJリーグオールスターサッカーは、2年連続の最多得票で選出された。1995年はJリーグ1stステージで優勝を果たすと、Jリーグチャンピオンシップでは、ヴェルディ川崎戦の2ndレグでダイビングヘッドによる決勝ゴールを決め、マリノス初のJリーグ年間優勝に大きく寄与した。


=== ジュビロ、レッズ時代 ===
前身の日産時代から10シーズンをマリノスでプレーし「ミスターマリノス」とまで言われ、当時のJリーグ日本人選手の中では最高額の年俸を貰っていたが、マリノスからは契約延長を提示されず、コーチ就任要請を蹴って、2000年にジュビロ磐田へ移籍、当初はレギュラーとして出場していたが、鈴木政一が新たに監督に就任すると出場機会を大幅に減らした。
2001年からは、以前日本代表で共に戦った福田正博が在籍していた浦和レッドダイヤモンズに移籍した。5月19日のガンバ大阪戦での移籍後初ゴールは、現役最後のゴールとなった。同年行われた2002年W杯1次リーグの組み合わせ抽選会ではアジア代表としてドロワーを務めた。
2002年、2ndステージ、チームは開幕から引き分けを含め、9試合負けなしで一時は首位に立ったが、10節で鹿島に敗れると、6連敗でシーズンを終えた。またこの年のJリーグカップでは決勝に進出したが、鹿島に敗れた。Jリーグ最終節、古巣横浜F・マリノス戦で先発フル出場をしたのを最後に、チームメイトの福田正博と共に現役を引退した。Jリーグ通算297試合、5得点。2004年1月4日、国立競技場で引退試合が開催され、この時ゴールを決めた。


== 代表経歴 ==
大学2年時に日本代表に選出され、1988年1月27日のアラブ首長国連邦との親善試合でAマッチ初出場を果たした。
1990 FIFAワールドカップ・アジア予選では朝鮮民主主義人民共和国に競り負け1次予選敗退。1992年のAFCアジアカップ1992ではグループリーグ最終戦のイラン戦で、グループリーグ敗退濃厚な中、試合終盤に起死回生となる三浦知良の決勝ゴールをアシストして決勝トーナメント進出に貢献、決勝ではサウジアラビアを破って初のアジア制覇に貢献した。
1994 FIFAワールドカップ・アジア予選では、1993年5月5日開催の一次予選、スリランカ戦で代表初ゴールを挙げるなど、一次予選、二次予選の全試合に先発フル出場したが、あと一歩のところでW杯出場権を逃す「ドーハの悲劇」を経験した。1994年のアジア大会ではベスト8で敗退したが、その準々決勝の韓国戦で終盤に一時は同点となる目の覚めるようなスーパーロングシュートを決めた。1995年以降、柱谷哲二が代表を退いて以降は、加茂周代表監督によってキャプテンに指名され、以降代表を外れるまでキャプテンを務めた。
1998 FIFAワールドカップ・アジア予選最終予選では、第2戦のUAE戦でFKを頭で合わせると、このボールはゴールに向かい、間違いなくゴールラインを割って得点となるところであったが(決勝ゴールになる可能性が高かった。)、オフサイドのポジションに居た小村徳男がゴール欲しさからかボールを触って押し込んだたため、ノーゴールの判定、この決果0-0の引き分けに終わる。この様なこともあり、苦戦を強いられながらも、アウェイでのウズベキスタン戦では、ロングフィードで試合終了間際に呂比須ワグナーの同点ゴールをアシスト。最終節のカザフスタン戦で代表で最後となるゴールを決め第3代表決定戦進出に貢献すると、イラン代表と決戦を制し、日本のW杯初出場へ導いた。3戦全敗となった1998 FIFAワールドカップでは、大会直前に負傷し、出場も危ぶまれたが、キャプテンとして 全試合に先発フル出場した。
1999年、コパアメリカではグループリーグの2試合に出場したが、ボリビア戦で後半83分に、この試合で2度目の警告を受けて退場処分になった。次の代表戦となったイラン戦は出場停止であったが、『フィリップ・トルシエ監督は「出場停止であるという理由のみで招集しなかった訳ではない。」とコメント、以降再び招集されることはなかった。


== 指導者歴 ==
引退後はNHKサッカー解説、TBSラジオ番組『スポーツBOMBER!』パーソナリティー（2003年度から下半期・木曜日担当）、日本サッカー協会認定のJFAアンバサダー、びわこ成蹊スポーツ大学客員教授、公共広告機構（現：ACジャパン）・骨髄バンクCMなど各方面で活躍。日本各地の少年サッカー教室に参加するなどサッカーの普及にも力を注いでいる。2005年には洪明甫と共に日韓親善大使に選ばれた。
2006年4月にJFA 公認S級コーチのライセンスを取得。これにより、日本代表及びJリーグ監督に就任出来る事になった。
2009年2月、柏レイソルのヘッドコーチに就任。同年7月、監督の高橋真一郎が解任され、後任監督が決定するまでの代行監督を務めた。2013年にはシーズン中に監督の辞意を表明したネルシーニョに代わって天皇杯の1試合指揮をとった（その後ネルシーニョは辞意を撤回）。2014年限りで柏との契約を満了し退任。
2015年よりアビスパ福岡の監督に就任。
最終的には2位磐田と並ぶ勝ち点82の成績を収めたが、得失点差により順位は3位となりJ1自動昇格は叶わず、J1昇格プレーオフに回ることとなった。
そのプレーオフの決勝戦において、4位のセレッソ大阪と1-1で引き分けたが、年間順位で上回った為チームを5年ぶりのJ1の舞台に導いた。
2016年シーズンは5年ぶりとなるJ1の舞台で指揮を執ったが、J11stステージで2勝5分10敗、2ndステージで2勝2分13敗と苦しみ、1年でJ2降格となった。
2017年シーズンは21勝11分10敗で4位となり、J1昇格プレーオフに進出。決勝戦で名古屋グランパスと1年でのJ1復帰を賭けて対戦。試合は0-0の引き分けで終了し、レギュレーションによりJ2残留となった。
2018年11月17日、J2第42節・FC岐阜戦終了後の会見で、J1昇格を逃したことに対する責任を取り、辞任を表明。
11月19日、アビスパ福岡の公式サイト上で2018シーズンをもって退任することが発表された。
2018年12月13日、ネルシーニョの柏レイソル監督復帰に合わせて井原も柏レイソルのヘッドコーチに復帰した。2022年4月、左アキレス腱を断裂して手術を受けたネルシーニョが復帰した29日までの間、代行監督を務めた。柏での監督代行はこれで3度目となった。
2023年5月17日、チームの成績不振(リーグ戦2勝5分6敗の16位)で退任する事になったネルシーニョ監督の後任として、柏レイソルの監督に就任した。8月以降の公式戦の成績は、7勝8分け2敗で、最終順位は17位と、何とかJ1残留を決めた。一方の天皇杯では、決勝に進出したが、川崎フロンターレにPK戦の末に惜敗した。天皇杯決勝進出と、8月以降成績が持ち直し、J1に残留した手腕を評価され、2024年も監督を続投することとなった。2024年シーズン、何とかチームをJ1に残留させることには成功したが、この年で監督を退任することとなった。
2025年からNHKのサッカー解説に復帰し、『Jリーグタイム』にも出演することとなった。また、同年6月にホンコン・チャイナで開催された国際大会「International Youth Invitational Football Cup at KTSP June2025」 において、U-20Jリーグ選抜チームの監督を務めた。
2025年6月28日、自身のウェブサイト上で韓国Kリーグ2の水原三星ブルーウィングスに7月からコーチとして加わることを発表した。水原三星は同年Kリーグ2位となり、昇格・降格プレーオフに進出したが済州SK FCに敗れ昇格を果たせず。同年12月23日、コーチを退任した。


== プレースタイルと評価 ==
その鉄壁の守備から「アジアの壁」といわれ、冷静な判断と鋭い読み、向かってくる相手選手からボールを奪う上手さ、体をぶつけられても倒れない強さなど、ディフェンダーとしての要素を全て備えていた。警告を受けることは余り無かったが、激しい当たりなど、肉弾戦も繰り広げた。永島昭浩は、総合的に判断すると歴代最高のDFであったと評価した。ペレイラも同様に、当時のJリーグの選手の中では最高のDFとして名前を挙げた。また洪明甫か井原か、どちらがアジア最高のリベロか、という比較が日本、韓国メディアで盛んに行われていた。
2020年にサッカーダイジェストが企画した、これまでのJリーグ歴代ベストイレブンを選ぶ企画では、様々な人物からJリーグ歴代のベストイレブンに選出された。また阿部勇樹は幼少期の頃に好きだった選手として名前を挙げた。


== 所属クラブ ==
1983年 - 1985年 滋賀県立守山高等学校
1986年 - 1989年 筑波大学
1990年 - 1999年  日産自動車 / 横浜マリノス/横浜F・マリノス
2000年  ジュビロ磐田
2001年 - 2002年  浦和レッドダイヤモンズ


== 個人成績 ==

その他の公式戦

1990年
コニカカップ 6試合0得点
1991年
コニカカップ 7試合0得点
1992年
ゼロックス・チャンピオンズ・カップ 1試合0得点
1995年
Jリーグチャンピオンシップ 2試合1得点
1996年
サンワバンクカップ 1試合0得点
XEROX SUPER CUP 1試合0得点
2000年
XEROX SUPER CUP 1試合0得点
その他

Jリーグオールスターサッカー選出 : 8回 (1993, 1994, 1995, 1996, 1997, 1998, 2000, 2002)


== 背番号 ==
4 - 横浜マリノス / 横浜F・マリノス, ジュビロ磐田, 日本代表・1998 FIFAワールドカップ時
7 - 日本代表・1994 FIFAワールドカップ・アジア予選最終予選時
3 - 浦和レッズ


== タイトル ==


=== クラブ ===
日産自動車/横浜マリノス
天皇杯 JFA 全日本サッカー選手権大会：2回（1991年、1992年）
J1リーグ：1回（1995年）


=== 個人 ===
1990/1991年 - 日本サッカーリーグ新人賞
1993年 - Jリーグベストイレブン
1994年 - Jリーグベストイレブン
1995年 - Jリーグベストイレブン、アジア年間最優秀選手賞
1996年 - Jリーグベストイレブン
1997年 - Jリーグベストイレブン
2003年 - Jリーグ功労選手賞
2013年 - Jクロニクルベスト ベストイレブン
2023年 - J30ベストアウォーズ ベストイレブン


== 代表歴 ==


=== 出場大会など ===
1998 FIFAワールドカップ（キャプテン）
サッカーの聖地ウェンブリー・スタジアムでの日本代表選手 唯一の得点者（1995）
　　　イングランド代表戦（アンブロカップ）


=== 試合数 ===
国際Aマッチ 122試合（全試合先発出場） 5得点(1988年 - 1999年)


=== 出場 ===


=== 得点数 ===


== 指導歴 ==
2006年8月 - 2008年8月  U-23日本代表 アシスタントコーチ
2009年 - 2014年12月  柏レイソル ヘッドコーチ
2009年7月・2013年9月 監督代行
2015年 - 2018年  アビスパ福岡 監督
2019年 -  柏レイソル
2019年 - 2023年5月 ヘッドコーチ
2022年4月 監督代行
2023年5月 - 2024年 監督
2025年7月 - 12月  水原三星ブルーウィングス コーチ


== 監督成績 ==

2009年は代行。
2023年は第14節より指揮。


== 出演 ==


=== CM ===
Kodak (1993-1994)
アサヒ飲料・三ツ矢サイダー (1994-1995)
日清製粉　マ・マ―スパゲッティ (1994)
中外製薬・新グロモント
公共広告機構（現：ACジャパン）・骨髄バンクドナー登録キャンペーン (2005)。自らも骨髄バンクに登録している。


=== テレビ番組 ===
第48回NHK紅白歌合戦（1997年12月、NHK総合・ラジオ第1） - 審査員
いのちの響（2001年5月、TBS）
Jリーグタイム（2025年2月 - 、NHK BS） - 不定期出演


== 脚注 ==


== 出典 ==


== 関連項目 ==
滋賀県出身の人物一覧
筑波大学の人物一覧
横浜F・マリノスの選手一覧
ジュビロ磐田の選手一覧
浦和レッドダイヤモンズの選手一覧
ドーハの悲劇
ジョホールバルの歓喜
1998 FIFAワールドカップ日本代表
Jリーグ監督経験者


== 外部リンク ==
井原正巳 - National-Football-Teams.com (英語)
井原正巳 - Soccerway.com (英語)
井原正巳 - FootballDatabase.eu (英語)
井原正巳 - WorldFootball.net (英語)
井原正巳 - FBref.com (英語)
井原正巳 - Transfermarkt.comによる選手データ (英語)
井原正巳 - Transfermarkt.comによる指導者データ (英語)
井原正巳 - FIFA主催大会成績 (英語)
井原正巳 - J.League Data Siteによる選手データ
井原正巳 - J.League Data Siteによる監督データ
公式ウェブサイト
アビスパ福岡｜監督 井原 正巳
柏レイソルによる公式プロフィール",,
2283,海本 幸治郎,Kojiro KAIMOTO,pre2014_p2,海本幸治郎,unknown,,no_institution_keyword_found,"1996年にガンバ大阪に入団。年代別日本代表にも招集される期待の若手選手だったが、1997年末以降は骨折を繰り返し、2000年にクラブから戦力外通告を受けた。
2001年にKリーグの城南一和に移籍して日本人初のKリーガーとなる。1997年末から数えて計8回の骨折とリハビリの末に2001年10月にKリーグでのデビュー戦に出場した。この試合は自身3年ぶりの公式戦であると同時に、城南がリーグ優勝を決めた試合でもあった。
翌2002年は出場機会も増え、Kリーグ連覇に貢献した。
2003年、兄・慶治も在籍する名古屋グランパスエイトに移籍。当初、ズデンコ・ベルデニック監督は海本をセンターバックの駒として考えており出番に恵まれなかったが、人数不足から右アウトサイドとして出場したサテライトの試合でのプレーが高く評価され、シーズン途中から右アウトサイドのレギュラーに定着した。2005年より兄・慶治と揃ってアルビレックス新潟に移籍した。
出場機会を求めて2006年5月31日に東京ヴェルディ1969に移籍した。
2008年にはグロインペイン症候群を発症。4月28日に都内の病院で手術。その間に福田健介の台頭もあって公式戦の出場はなく、11月末に契約の非更新が発表された。
2009年7月4日、ニューサウスウェールズ・プレミアリーグのボニーリグ・ホワイト・イーグルスへ移籍。
2009年8月5日、オーストラリアのノースクイーンズランド・フューリーFCへの移籍が決まった。
2009年10月22日、自身のオフィシャルブログで引退を表明した。",,
32,室井 市衛,Ichiei MUROI,pre2014_p2,室井市衛,unknown,,no_institution_keyword_found,"鹿島アントラーズなど強豪チームの「強い時代」を所属時に経験し、確固たるレギュラーポジションを勝ち獲るには今一歩至らなかったが貴重なバックアッパーとして活躍した。
1996年にレギュラーだった秋田豊が怪我をし、代役として活躍。競り合いに強く、冷静でスマートな守備を得意とした。
2000年には鹿島で同僚で同じ中学校出身でもある阿部敏之と共にJ2に降格した浦和レッズに加入。一年でのJ1昇格に貢献した。
2001年にはJ1残留争いに突入したセレッソ大阪にレンタル移籍。ここで残留を果たせずJ2降格も経験した。
浦和復帰後の2002年ナビスコカップ決勝戦では、FWとして途中出場した。
2007年12月26日、現役引退を発表。
2008年より浦和レッズハートフルクラブのコーチを務めている。",,
1086,小山 健二,Kenji KOYAMA,pre2014_p2,小山健二,unknown,,no_institution_keyword_found,"1995年、大分トリニティに入団。即戦力として入団直後から正GKの座を掴んだ。しかし、2000年になると元日本代表の前川和也が加入し控えに降格。前川引退後の2002年には同じく代表経験者である岡中勇人が加入し、出場機会は限られてた。結局、2003年に退団。
2004年に横浜FCへ移籍するも、既に菅野孝憲がレギュラーとして君臨しており、2005年にリーグ7試合に出場した以外は出場機会を得られなかったが、チームが初のJ1昇格から1年でJ2に降格し、菅野が柏レイソルへ移籍した2008年は大分時代以来となる正GKとしてプレー。38試合に出場した。しかし、2009年になると若手の大久保択生が台頭しポジションを奪われ、更に控えも主に岩丸史也が務めたため出場はリーグ戦1試合に終わり、同年限りで現役を退いた。",,
1463,根引 謙介,Kensuke NEBIKI,pre2014_p2,根引謙介,unknown,,no_institution_keyword_found,1996年に柏レイソルに入団。2004年途中からベガルタ仙台に期限付き移籍していたが、2006年に柏レイソルへ復帰。しかし、2006年シーズン終了後に戦力外通告を受け、現役引退。柏レイソルの育成・普及部の普及コーチに就任した。,,
2280,船越 優蔵,Yuzo FUNAKOSHI,pre2014_p2,船越優蔵,jfa_academy,jfa_academy|j_club_academy,overseas_relocation_language_no_domestic_institution,"1993年、U-17世界選手権で初のベスト8に入ったU-17日本代表の中心選手。中田英寿・宮本恒靖・松田直樹・戸田和幸などメンバーが揃うチームのエースストライカーであった。1995年サンフレッチェ広島の今西和男総監督は、高木琢也の後継者として船越に目をつけスカウトしようとしていた。その際、船越は海外留学を強く希望していたが、今西には「コミュニケーション能力が備わってない状況で海外留学させる気はない」ポリシーがあったため手を引いた。

1996年、ガンバ大阪に加入。同年途中よりオランダ・エールステ・ディヴィジ（2部）のFCテルスターにサッカー留学。給与をG大阪側が負担していたためテルスターが賃金を支払っていないことが規約面で問題となり、シーズン終盤は出場停止になった。G大阪に復帰後、1997年7月5日のJリーグ1stステージ第13節浦和レッズ戦で途中出場によりJリーグ初出場。1998年まで在籍したG大阪ではリーグ戦3試合のみの出場にとどまった。
1999年、ベルマーレ平塚（翌年より湘南ベルマーレ）に移籍。開幕戦から先発起用され、1999年3月27日のJ1リーグ1stステージ第4節ジュビロ磐田戦でJリーグ初ゴールを記録。同年2ndステージは試合出場がなく、同シーズン限りで一旦戦力外となる。2000シーズンより湘南の新監督に就任した加藤久の声掛けで練習生として復帰し、2000年3月に再契約した。
2001年、大分トリニータに移籍。J2リーグ戦27試合に出場してキャリアハイとなる9ゴールをあげる。2002年、アルビレックス新潟に移籍。新潟でもコンスタントに出場機会を得ていたが、10月23日の大分戦でアキレス腱を断裂する。2005年5月28日のナビスコカップ大宮アルディージャ戦で再びアキレス腱を断裂し、さらにリハビリ中に再断裂して復帰が遅れた。2006年に復帰したが、同年限りで新潟との契約が満了となる。
2007年、東京ヴェルディに移籍。先発起用されたJ2開幕戦にて開始45秒でゴールを記録したのをはじめ、開幕からの5試合で3ゴールを決める。シーズン途中からはチームの戦術変更により出場機会を失ったが、出場停止のフッキの代役として13試合ぶりの出場となった第51節愛媛FC戦では全2ゴールをあげた。この試合に2-1で勝利したことにより東京VはJ1復帰を決定的なものとした。同シーズン限りでの契約満了に伴う退団が発表されたが、新監督の高木琢也の強い希望により2009年1月17日に再契約が発表された。2009シーズン終了後、契約満了に伴い退団。
2010年より、SC相模原へ完全移籍したが、同年をもって現役を引退。

2011年より、アルビレックス新潟・U-13監督に就任。
2013年よりザスパクサツ群馬のコーチに就任。
2015年、JFAアカデミー福島男子U-14監督に就任。
2023年7月、U-18日本代表監督に就任。
2025年12月7日、アルビレックス新潟の監督に就任することが発表された。",,
368,森保 一,Hajime MORIYASU,pre2014_p2,森保一,university,university|high_school|grassroots_club,possible_incidental_schooling_around_club_academy,"

静岡県掛川市で生まれたが、父親が造船関係者だったため、幼少期から名古屋市、横須賀市、佐賀県唐津市と各地を転居し、唐津市立鏡山小学校に入学するもすぐに転居。小学1年生から長崎市に定住する。森保は自身について「長崎生まれ広島育ちだと認識している」とインタビューの中で答えている。
サッカーを本格的に始めたのは小学6年生の時で、それまでは少年野球をしており、当時はプロ野球選手になることが夢だった。小学6年のサッカークラブチーム「土井首SSS（土井首サッカースポーツ少年団）」時代に第4回全日本少年サッカー大会にGKとして出場している。長崎市立深堀中学校では当初サッカー部が無かったため、近隣でサッカー部のある長崎市立土井首中学校の練習に参加していたが、土井首中の生徒たちからスパイクを隠されるなどのいじめを受けたため、深堀中にサッカー部を新設しプレーを続けた。
高校進学に際してサッカー強豪校である長崎県立国見高等学校への進学を考えていたが、学業が苦手でサッカーのことしか考えていない森保の受験姿勢を見た父親に反対されたため、長崎日本大学高等学校へ進学した。これについては、他に「選手層の厚い国見に進学しても、レギュラーでやっていける自信がなかったため遠慮した」という話や、国見では寮費などで月10万円ほどの負担が必要なのに対し、深堀中学校サッカー部でコーチをしていた三菱重工の選手が森保を長崎日本大学高等学校へ推薦してくれたたため、特待生扱いで一部学費が免除されるという理由から同校への進学を選んだという話も森保に関するインタビューの中で言及されている。
高校時代は攻撃的なMFとして山梨国体選抜に選ばれるが、当時長崎県のサッカーは国見と長崎県立島原商業高等学校が全盛期だったことから、インターハイや選手権などの全国大会には出場できなかった。高校時代までは比較的無名な選手だった。

高校の下田規貴監督と日本サッカーリーグ（JSL）のマツダ（現サンフレッチェ広島）の今西和男総監督が知り合いで、下田から森保を推薦する年賀状を受け取った今西が、ハンス・オフトコーチを伴い長崎に視察に訪れ、オフトは全く興味を示さなかったとされるが、今西が森保の視野の広さと3手先まで読んでパスが出せること、危機察知能力を評価し、採用を決め、1987年同クラブ入団。同期は河村孝らがいたが森保は入団当初はその中で最下位の評価だった。当時マツダ本社は高卒採用枠5人までであったため森保は本社に入社することが出来ず、子会社のマツダ運輸（現マツダロジスティクス）に勤務した。当初はサテライトチームであるマツダSC東洋でプレーしていたが、この年からマツダ監督に就任したハンス・オフトに見出された。その後チームは2部に降格しオフトは退団したが、ビル・フォルケスコーチに育てられ、3年目の1989年にJSL2部デビュー、風間八宏のアシストで先制点および2点目を挙げる。1991年にマツダとプロ契約を結び、同年JSL1部昇格に貢献した。
1992年4月、オフトが日本代表監督に就任すると日本代表に初招集される。代表メンバーの何人かは存在自体知らなかった無名選手の大抜擢で、同郷の長崎県出身の高木琢也と前川和也以外、誰一人「モリヤス」と読めなかった。同年5月オフトジャパン初戦のアルゼンチン戦で先発メンバーに抜擢され初出場を果たし、この際アルフィオ・バシーレ監督とクラウディオ・カニーヒアが“日本にはいいボランチがいる”と高く評価したことから、「森保」と「ボランチ」の名前が脚光を浴びることになる。以降レギュラーとして活躍、ラモス瑠偉をカバーすることに重点を置いた。1993年、W杯アメリカ大会アジア予選に出場し、ドーハの悲劇を経験した。
一方クラブでは、サンフレッチェ広島の選手として、1993年にJリーグが開幕すると、6月2日の名古屋グランパスエイト戦でJリーグ初ゴールを決めた。スチュワート・バクスターの下、風間とともに中盤を支え、1994年サントリーシリーズでは広島のステージ優勝に貢献した。広島時代が""森保イズム""の原点と話し、2022年ワールドカップの監督時代にはコーチを5人の広島OBで固め「チーム広島」を形成した。
1995年に就任したビム・ヤンセン監督時代は3-4-3システムのボランチやトップ下・リベロとさまざまなポジションでプレーするものの、同年7月に右足首関節脱臼骨折してしまい満足に活躍できなかった。リベロとして出場した1996年11月6日のアビスパ福岡戦では2得点を決めた。日本代表ではファルカン時代および加茂周時代も選出されたが、山口素弘がボランチに定着したため1996年2月を最後に代表から遠ざかった。

1997年末、広島は経営悪化がピークに達し、主力放出を余儀なくされていた。1998年にオフトに誘われ、大型補強を行っていた京都パープルサンガにレンタル移籍した。当初は完全移籍の方向で話を進めていたが、広島サポーターが怒り、移籍反対署名を集め、その結果レンタル移籍に変わった経緯がある。移籍後、京都は低迷し監督は清水秀彦に代わったが、引き続き主力としてチームを支えた。
翌1999年広島に復帰、同シーズンに広島の選手としては初のJリーグ通算200試合出場達成。ただ、元々エディ・トムソン監督からの評価は低く、また森崎和幸の台頭で先発メンバー入りできなくなった。2001年ヴァレリー・ニポムニシに監督が代わるも、ケガのため満足な出場は叶わなかった。
2002年広島からスタッフ転進のオファーを受けるも、現役にこだわり清水秀彦に誘われベガルタ仙台に移籍した。主力として活躍したが、2003年のJリーグシーズン末に仙台はJ2に降格、自身も戦力外通告を受け、2004年1月に正式に現役引退を表明した。",,
2932,林 晃平,Kohei HAYASHI,pre2014_p2,林晃平,unknown,,no_institution_keyword_found,"当時J2所属だった川崎フロンターレ・モンテディオ山形でスーパーサブとして起用されたが、足首の怪我もあり2007年をもって現役を引退した。川崎時代には同じ年の伊藤宏樹と仲が良かったという。
引退後は山口に帰郷し社会人としてサッカー界からは離れていたが、2016年に山口放送にてスカパー!向けJリーグ中継のサッカー解説を担当することになった。",,
609,前田 浩二,Koji MAEDA,pre2014_p2,前田浩二,unknown,,no_institution_keyword_found,"現役時代はディフェンダーとして、横浜フリューゲルスやアビスパ福岡など10クラブでプレー。「男・前田」と呼ばれた。現役最晩年の2003年にヴォルカ鹿児島の選手兼任監督となり、引退後はヴィッセル神戸の強化ディレクター、コーチを務めた。
2012年、1年契約でアビスパ福岡の監督に就任するが、成績不振によりシーズン途中の同年10月29日大分トリニータ戦終了後に解任された。
その後、2013年にガイナーレ鳥取の強化部長に就任。同年8月には小村徳男監督を解任し、強化部長職に留まったまま自ら監督を兼務したが、監督就任後のリーグ14戦で1勝も出来ないまま最下位に沈み、J2・JFL入れ替え戦もカマタマーレ讃岐に敗れて鳥取はJ3へ降格。公式戦全17試合未勝利、公式戦全試合で失点という結果だった。シーズン終了後に監督と強化部長を共に辞任した。
その後は女子チームの指導者となり、2014年シーズンより、なでしこリーグ3連覇中のINAC神戸レオネッサの監督に就任したが、チームは4年ぶりの2連敗を喫するなど低迷。成績不振により、10月15日付けで辞任した。
2015年、2016年には中国女子サッカー・全国リーグ2部所属の杭州女子クラブで指揮をとった。女子チーム監督退任以後も中国でアカデミーコーチとして若年層の指導にあたった。
2023年、上海申花のアシスタントコーチに就任。
実子の前田翔吾も元サッカー選手で、テゲバジャーロ宮崎や高知ユナイテッドSCでプレーしていたが、2020年限りで現役引退した。",,
164,山田 隆裕,Takahiro YAMADA,pre2014_p2,山田隆裕,high_school,high_school|j_club_academy,possible_incidental_schooling_around_club_academy,"大阪府高槻市で生まれる。小学校3年生の時、静岡県清水市（現在の静岡市清水区）に転居。転入した市立高部東小でサッカーに出会う。6年生の時に清水FCの一員として全日本少年サッカー大会に出場しベスト8進出。中学3年生の時には東海選抜に選出され、全日本選抜中学生サッカー大会で優勝を経験した。
1988年に清水市立商業高校（後の静岡市立清水商業高等学校）へ進学すると1年次からレギュラーに定着し、同年の全国高等学校サッカー選手権大会決勝の市立船橋高校戦では決勝点をあげる活躍で優勝に貢献した。スピードとテクニックを活かした快速フォワード（ウインガー）として1989年と1990年に2年連続高校総体、全日本ユース選手権制覇などに貢献するなど注目を集めた。また高校2年次から日本ユース代表に選出されるなど、将来も嘱望されていた。
高校卒業後の1991年、日本サッカーリーグ1部のトヨタ自動車に入団する可能性もあったが、同1部の日産自動車サッカー部（現横浜F・マリノス）に入部。日産でもスピードとドリブルを武器にサイドからのチャンスメイクで、早々にほぼレギュラーポジションを掴む活躍を見せ、木村和司がスタメンに居ない時は10番を与えられた。同年の天皇杯決勝・読売クラブ戦では、途中出場からプロ入り後の公式戦初ゴールとなったチームの4点目のゴールを決めて優勝に貢献した。
1992年にはハンス・オフト監督の指揮する日本代表に選出。1993年Jリーグ開幕節は怪我で欠場した。6月9日の清水戦ではJリーグ初ゴール を含む2ゴールを決めた。1995年には1stステージ優勝したが、1stステージ途中に早野宏史が新監督に就任すると、と起用法への不満を漏らして謹慎させられたが、年間では43試合7得点、Jリーグチャンピオンシップ第1戦では右サイドから入れたクロスでビスコンティの決勝ゴールをアシストした。第2戦でも勝利し、ヴェルディを破って優勝を果たした。Jリーグ黎明期から活躍し、甘いマスクで女性人気を獲得するなど若手スターであった。その後、1997年の2ndステージから出場機会を減らし、1998年に京都パープルサンガに移籍後、1999年は期限付き移籍によりヴェルディ川崎でプレーし、移籍期間終了後は京都を退団。その後一度は引退したが、2000年、横浜M時代に指揮を受けた清水秀彦監督に誘われベガルタ仙台に加入、ここではチャンスメーカーとしてのプレーでJ1昇格に貢献した。仙台時代の応援歌の原曲はBOØWYの「Dreamin'」。2003年シーズン途中で現役引退した。Ｊ１では通算224試合20得点、J2では通算47試合出場3得点。
日本代表では出場機会に恵まれず、日本が初優勝したアジアカップやＷ杯アジア1次予選にメンバーとして参加するも未出場。1993年、日本代表の控え選手たちで構成された日本選抜のメンバーとして香港遠征において、1月23日のスイス戦(非国際Aマッチ扱い)では先発フル出場、またアジア最終予選直前のスペイン遠征ではヘレス戦でもプレーした。10月にカタールのドーハで開催された94年米国Ｗ杯最終予選メンバーに選出されたが、「使ってもらえないし給料は減るから代表に行きたくない」と参加を辞退。1994年のファルカン監督時代には、アジア大会のメンバーとして再び日本代表に参加したが、大会を通して出場機会は一度も訪れることはなかった。アジア大会の壮行試合として開催された、1994年9月27日のオーストラリア戦が、唯一の国際Aマッチ出場となった。
引退後はメロンパンの移動販売などを経て、全国でサッカースクールや講演活動などを精力的に行う傍ら日本サッカー協会こころのプロジェクトで夢先生としても数多く登壇している。",,
507,古賀 琢磨,Takuma KOGA,pre2014_p2,古賀琢磨,unknown,,no_institution_keyword_found,ヤマハからジュビロ磐田へとプロ化したチームの創生期を支えたひとり。オフト監督時代のJリーグ昇格直後の磐田でディフェンスのレギュラー格としてシーズンを通して活躍した。,,
1941,安藤 智安,Tomoyasu ANDO,pre2014_p2,安藤智安,unknown,,no_institution_keyword_found,1997年に浦和レッドダイヤモンズに入団。9月にアビスパ福岡にレンタル移籍、Jリーグデビューする。1998年に浦和に戻り、2002年7月に大宮アルディージャに移籍。2006年シーズン後現役引退を発表。以降は浦和レッズの各カテゴリーのコーチを歴任する。,,
353,平岡 直起,Naoki HIRAOKA,pre2014_p2,平岡直起,unknown,,no_institution_keyword_found,"1992年、ガンバ大阪にてプロデビュー。入団当初は攻撃的なポジションであったが、後に左サイドバックへコンバートされて主力となる。以降、名古屋グランパスエイト、清水エスパルス、FC岐阜でプレーした。2007年シーズン終了後に現役引退。
2008年シーズンからJFLに昇格したMIOびわこ草津の監督に就任。",,
496,呂比須 ワグナー（ロペス）,Wagner LOPES,pre2014_p2,呂比須ワグナー,university,university|j_club_academy,possible_incidental_schooling_around_club_academy,"呂比須 ワグナー（ロペス ワグナー、Wagner Lopes, 1969年1月29日 - ）は、ブラジル出身の元プロサッカー選手。サッカー指導者。現役時代のポジションはフォワード。ブラジル名はワギネル・アウグスト・ロペス (Wagner Augusto Lopes) 。1997年に日本へ帰化し、日本とブラジルの二重国籍者となった。元日本代表。


== クラブ経歴 ==
サンパウロ州フランカで8人兄弟の末っ子として生まれる。11歳の頃から学業の傍ら兄が経営する靴工場で働き、週末には地元のサッカークラブ、インテルナシオナルFCで練習する。
1984年、15歳で親元を離れ（フランカとサンパウロは同州内であるが約400km離れている）サンパウロFCの下部組織に加入。主にMFとして起用され同年のU-15サンパウロ州選手権で決勝点を挙げ優勝に貢献。1986年、17歳でサンパウロFCとプロ契約を結ぶ も、当時のサンパウロにはブラジル代表クラスの選手が揃っており、呂比須に出番がまわってくるのは彼らが代表の試合で不在のときくらいだった。1987年、日本の日産自動車サッカー部（横浜F・マリノスの前身）への移籍が決まっていた元ブラジル代表のオスカーに誘われ、ともに日産に加入。加茂周監督の指示によりFWに転向した。日産では2年目は左足首靭帯、3年目は肋骨と頭部を痛め満足にプレー出来なかったが、第69回天皇杯全日本サッカー選手権大会決勝のヤマハ発動機サッカー部戦では、0-2から反撃の口火を切るゴールを決め、最終的に3-2で勝利したが、契約満了での退団となった。
1990年、当時JSL2部だった日立（のちに柏レイソルに改称）に移籍する。1年目に22試合で33得点をあげJSL2部得点王を獲得する。1990年結婚。1992年にジャパンフットボールリーグ（旧JFL）の得点王となり、ベストイレブンに選ばれる。同年長男が誕生。当時ロペスは日本もブラジル同様に出生地主義を採用していると誤解しており、この頃から「家族全員で日本人になりたい」と日本への帰化を考えるようになった。翌1993年もベストイレブンと得点ランク2位となる。1993年に世界的スーパースターのカレカと、同じく元ブラジル代表のネルシーニョが加入。ロペスはカレカとの強力2トップで得点を量産しカレカに次ぐ17ゴールを決め、柏のJリーグ入りに貢献したが、1995年から元ブラジル代表FWミューレルの加入が決まると、外国籍選手枠から押し出される形で柏から放出された。レイソルという保証人を失ったため帰化申請もやり直しとなってしまい、レイソルが自分のJリーグ入りを嫌ったと述懐している。
1995年、JFLの本田技研工業に拾われる。1995年、1996年と2年連続でJFL得点王に輝き、1996年にはクラブは初の旧JFL優勝を果たした。
本田技研での活躍と帰化の噂が広まり、1997年にJリーグのベルマーレ平塚へ移籍。同年9月に日本国籍を取得すると、名前をそれまでの登録名であったワグネル・ロペスから呂比須ワグナーに改め、直後に日本代表に選出される。1997年4月19日の京都パープルサンガ戦でJリーグ初ゴールを決めた。1998年4月11日のセレッソ大阪戦ではハットトリックを決めるなど、平塚では在籍時の2年間とも、チーム得点王になる。
1999年に名古屋グランパスエイトに移籍し、同年は5月29日の浦和レッズ戦でJリーグで2度目のハットトリックを決めるなど、同年と2000年の2年連続でチーム得点王。2000年元日の第79回天皇杯全日本サッカー選手権大会決勝では決勝ゴールを奪った。しかしフロント不信から退団を余儀なくされた。
2001年、FC東京に移籍。開幕戦の東京ダービーではVゴールを含む2得点を挙げる好デビュー、またJリーグカップ1回戦のヴァンフォーレ甲府戦ではハットトリックを決めたが、呂比須加入に伴って行われた戦術転換が奏功せず、さらに布陣がFWアマラオの1トップへと変更されたことでポジションを失い、シーズン途中でアビスパ福岡へ移籍。しかしチームは振るわず、J2降格を喫する。2002年はJ2でプレーし、同年限りで現役引退。2002年10月19日、博多の森球技場でのヴァンフォーレ甲府戦のゴールで、日本リーグ・JFL・Jリーグの合計得点が釜本邦茂の202ゴールを超えて203ゴールとなった。後日、福岡のローカルTV番組から203ゴール目を決めた記念ボールを贈られた。12月8日に博多の森球技場で行われた天皇杯2回戦（栃木SC戦）が最後の公式戦出場となった。


== 日本代表経歴 ==
1997年9月12日に帰化すると、その16日後の、ワールドカップフランス大会予選の対韓国戦で日本代表デビューを果たす。なお、日本の法務省は、元の国が国籍離脱を認めていない場合は、二重国籍者を容認する。ブラジルは国籍離脱を認めていない為、日本帰化以降、呂比須は日本とブラジルの二重国籍者となった。
代表3試合目となった同年10月11日のウズベキスタン戦、後半44分井原正巳の後方からのロングパスを三浦知良へのアシストを狙って 頭で落としたが、三浦の動きに気を取られた相手GKはボールを見失いそのままゴールイン、代表初得点を記録した。続く同月26日の国立競技場でのUAE戦では前半開始早々に三浦から受けたボールをリフティングで相手をかわし、そのままロングシュートを決める。続く11月1日のアウェーでの韓国戦でも得点し、3試合連続得点を記録。イランとの第3代表プレーオフ決定戦の直前に母が病死し、岡田武史監督から帰国を促されたが、代表選手としての務めを果たすために 代表帯同を続け、イラン戦にも途中出場。この試合でも呂比須のボール奪取から本大会出場を決定させる岡野のゴールデンゴールに繋がるなど、日本のワールドカップ初出場への大きな原動力となった。
1998年に行われたワールドカップ本大会では途中出場ながらグループリーグ3試合に出場。対ジャマイカ戦では中山雅史のワールドカップにおける日本人初ゴールをアシストした。
フィリップ・トルシエ監督による新体制移行後も代表招集され、1999年に行われたコパ・アメリカ1999ではペルー戦・ボリビア戦でそれぞれ1得点を挙げた。しかし日本代表はこの大会で良いところなく敗退し、トルシエは「呂比須以外の選手はこの大会の価値を理解していない」と発言した。余談であるが呂比須が代表で挙げた5得点のうち3得点がW杯予選、2得点がコパ・アメリカであり、すべて最重要な大会のビッグマッチである。(1998年3月4日のダイナスティカップで1得点したが、対戦相手が香港リーグ選抜であったため国際Aマッチ扱いではない。)
その後、トルシエが兼務するU-20代表やU-22代表が快進撃する反面A代表は不振が続き、「若い世代のほうが才能のある選手が多い」と発言すると、これに対し呂比須はテレビのインタビューで「だったらその若い選手達を起用すれば良い」と発言。この発言が影響したかどうかは定かではないが、その後代表では実際に若い世代との大幅な入れ替えが行なわれ、呂比須も招集される事はなくなった。


== 指導者時代 ==
現役引退後、アビスパ福岡からコーチを就任の要請を受けたが、一度ブラジルで生活してみたいという子供たちの希望もあり2003年にブラジルに戻る。サンパウロ市内の大学でスポーツビジネスの講座を履修後、サンパウロ州サッカー協会発行の指導者ライセンスを取得。2005年、パウリスタFC監督のヴァグネル・マンシーニからの要請によりヘッドコーチに就任した。この時期、日本からやって来た笠井健太（登録名はKENTA）の指導に携わった。同年、パウリスタFCは小クラブながらセリエA所属の強豪クラブを次々破ってコパ・ド・ブラジルに初優勝、翌2006年のリベルタドーレス杯出場権を獲得する。当時のマンシーニと呂比須は共に30代の若い指導者コンビとして注目を集める。UAEのアル・ナスルSC監督就任が決まったマンシーニと共に呂比須もコーチとして誘われるも「外国に住むなら日本に帰りたい。ブラジルに戻ってドバイに行ったら意味がない」と申し出を断り、パウリスタFCに残った。呂比須は2007年までパウリスタFCでコーチを務めた後、病気（胆石）の手術の為に一旦コーチ業を休む。
2009年に古巣のパウリスタFCからオファーがあり、ヘッドコーチに就任。ブラジル時代の縁で古巣のアビスパ福岡にグラウシオやリンコンなどのブラジル人選手のJリーグ移籍の手助けをしたこともある。2010年2月にブラカリ前監督が更迭されると、監督に昇格。就任から5連敗を喫したが、その後は持ち直し最終成績は4勝6敗。なかにはアウェーでコリンチャンスを破るという金星もあった。その後、サンパウロ州2部のポン・ジ・アスーカルECでも監督を務めた。
2011年、再びパウリスタFCのコーチに復帰し、第6節終了後、前監督の解任にともない監督に昇格した。指揮を執った13試合の成績は5勝2分6敗。同年後半のコパ・パウリスタでは優勝（連覇）を果たし、これが監督としての初タイトルとなった。クラブ側は契約延長を希望したが、シーズン終了後に退団した。クラブ幹部は「海外クラブからオファーがあり引き止められなかった」と話していた。
Jリーグ・ガンバ大阪から2012年シーズンの監督就任のオファーを受け仮契約を結んだが、日本サッカー協会からは、呂比須はJリーグの監督を務めるのに必要なS級ライセンスを保有しておらず、また既有するブラジルでの監督資格及び指導実績もS級ライセンスには相当しないとして、承認を得られなかった。監督就任は幻となったが、呂比須自らサンパウロ在籍時のコーチであるジョゼ・カルロス・セホーンをG大阪新監督に推薦しこれが認められると、自身は同クラブヘッドコーチに就任。しかし、開幕から公式戦5連敗と深刻な成績不振に陥り、同年3月26日、セホーン及びコーチのウェリントンと共に解任された。のちにセホーンがインタビューで語ったところによれば、彼が監督で呂比須がヘッドコーチというのは表向きのもので実際の役割は逆であり、選手の補強についても呂比須が主導したという。
その後、ブラジル国内の複数クラブで監督を務める。2014年にはセリエB（全国選手権2部）の下位に沈んでいたアトレチコ・ゴイアニエンセをセリエA昇格目前にまで引き上げた。2015年はゴイアスECで好成績を挙げるも、起用法に介入しようとするクラブ上層部と対立し、州選手権閉幕を待たずして解任された。
2016年5月24日、サンパイオ・コヘイアFCの監督に就任。
2017年からは、パラナ・クルーベの監督に就任 したが、5月に退任し、5月11日、Jリーグ・アルビレックス新潟の監督就任が内定した。なお前回承認されなかったライセンスは、今回はG大阪以後の監督経歴が考慮され、監督就任内定前の5月9日に日本サッカー協会からS級ライセンスに相当する資格があるとして承認された。初陣となった5月20日のコンサドーレ札幌戦では1-0で勝利を収めたが、この次のベガルタ仙台戦から10月14日のガンバ大阪戦に勝利するまで16試合勝ちを挙げられずに苦しんだ。11月18日のヴァンフォーレ甲府戦は勝利を収めたものの他会場の結果によって新潟のJ2降格が決まり、この試合後の会見で自ら責任を取る形で同年限りで監督を退任する意思を表明した。11月19日に契約満了により2017年シーズン末をもって退団すると発表された。しかし、新潟はG大阪戦から最終節まで1度も負けを記録せず、J2降格が決まった後の残りの試合を全勝してシーズンを終えた。
2017年12月11日、パラナ・クルーベの監督に復帰すると発表されたが、2018年2月16日、就任からわずか7試合、45日で解任された。成績は1勝3分3敗だった。
その後、2018年と2019年は、アトレチコ・ゴイアニエンセに監督として復帰した。
2019年11月30日、ボタフォゴ・SPの監督に就任することが発表された。
2021年8月12日、セリエBのECヴィトーリア監督に就任。
2022年時点で監督として14度の解任を経験している。


== 人物・エピソード ==
1990年に日本で出会ったブラジル人と結婚。
長渕剛のファン。訪日間もない頃、日産の寮で金田喜稔が歌っているのを聴いて好きになった。
呂比須同様ブラジルから日本に帰化し、日本代表として戦った吉村大志郎によれば、1998年ワールドカップの開催中に、呂比須から「（吉村ら先人も頑張ってきたのに）自分だけがワールドカップに出て、すまない」と謝られたという。吉村は呂比須に「お前は僕らの代表」とエールを送っている。
現役引退後、家族の希望で母国ブラジルへ帰ったが、いつか日本からの監督のオファーがあると信じてブラジルで指導者として成功したいと述べている。
2004年、TVの解説の仕事で東北ユースサッカー大会を観戦した際、当時15歳の香川真司（宮城県選抜）のプレーを見て「香川は将来すごい選手になる。今すぐにでもブラジルに連れて帰りたいぐらい」と早くから将来性の高さを見抜いていた。
指導法のひとつとして、近年ブラジル人指導者にも浸透している対戦相手のプレー集をビデオに自ら編集して選手に見せるようにしている。監督としての哲学や指導法は師匠のマンシーニ監督と似ている、とも語っている。


== 所属クラブ ==
1985年 - 1987年  サンパウロFC
1987年 - 1990年  日産自動車サッカー部
1990年 - 1994年  日立製作所本社サッカー部 / 柏レイソル
1995年 - 1996年  本田技研工業サッカー部
1997年 - 1998年  ベルマーレ平塚
1999年 - 2000年  名古屋グランパスエイト
2001年  FC東京
2001年 - 2002年  アビスパ福岡


== 個人成績 ==

その他の公式戦
1991年
コニカカップ 1試合0得点
2000年
スーパーカップ 1試合0得点
国際試合
2000-01 アジアカップウィナーズカップ 2試合2得点


== 代表歴 ==
国際Aマッチ初出場 - 1997年9月28日 1998 FIFAワールドカップ・アジア最終予選 vs韓国代表（国立霞ヶ丘競技場陸上競技場）
国際Aマッチ初得点 - 1997年10月11日 1998 FIFAワールドカップ・アジア最終予選 vsウズベキスタン代表（パフタコール・マルカジイ・スタジアム）
日本代表

1997年 - 1998 FIFAワールドカップ・アジア最終予選
1997年 - 1998 FIFAワールドカップ・アジア地区第3代表決定戦
1998年 - キリンカップサッカー1998
1998年 - 1998 FIFAワールドカップ
1999年 - キリンカップサッカー1999
1999年 - コパ・アメリカ1999


=== 試合数 ===
国際Aマッチ 20試合 5得点 (1997年 - 1999年)


=== 出場 ===


=== ゴール ===


== 指導歴 ==
2005年 - 2007年  パウリスタFC : コーチ
2009年  パウリスタFC : コーチ
2010年  パウリスタFC
2010年  ポン・ジ・アスーカル・エスポルテ・クルーベ
2011年  パウリスタFC
2012年  ガンバ大阪：ヘッドコーチ
2012年 - 2013年  コメルシアウFC
2013年4月 - 10月  サンベルナルドFC
2014年1月 - 4月  ボタフォゴ-SP
2014年4月 - 8月 クリシューマEC
2014年9月 - 12月  アトレチコ・ゴイアニエンセ
2015年  ゴイアスEC
2015年7月- 12月  CAブラガンチーノ
2016年1月 - 4月  アトレチコ・ゴイアニエンセ
2016年5月 - 11月  サンパイオ・コヘイアFC
2017年1月 - 5月  パラナ・クルーベ
2017年5月 - 12月  アルビレックス新潟
2018年1月 - 2月  パラナ・クルーベ
2018年8月 -10月  ジョインヴィレEC
2018年10月 - 2019年10月  アトレチコ・ゴイアニエンセ
2020年1月 - 2月  ボタフォゴ-SP
2021年5月 - 6月  ヴィラ・ノヴァFC
2021年8月 - 12月  ECヴィトーリア
※ 特筆なき限り、役職は監督


== 監督成績 ==


== タイトル ==


=== クラブ ===
サンパウロFC
カンピオナート・パウリスタ : 2回 (1985, 1987)
カンピオナート・ブラジレイロ・セリエA : 1回 (1986)
本田技研工業サッカー部
ジャパンフットボールリーグ : 1回 (1996)
名古屋グランパスエイト
天皇杯全日本サッカー選手権大会 : 1回 (1999)


=== 個人 ===
JSL2部得点王 : 1回 (1990-91)
JFL得点王 : 3回 (1992, 1995, 1996)
JSL2部ベストイレブン : 1回 (1990-91)
JFLベストイレブン : 4回 (1992, 1993, 1995, 1996)
Jリーグ優秀選手賞 :1回 (1997)


=== 指導者時代 ===
パウリスタFC
コパ・パウリスタ : 1回 (2011)


== 著書 ==
『呂比須』 小学館、1998年。


== 脚注 ==


== 参考文献 ==
沢田啓明「人、サッカーを語る 第19回 呂比須ワグナー」『サッカー批評 Issue19』双葉社、2003年、96-101頁。ISBN 4-575-47548-3。
沢田啓明「呂比須ワグナーのサッカー哲学と指導者像」『サッカー批評 Issue54』双葉社、2012年、43-46頁。ISBN 9784575452655。
沢田啓明「呂比須が見た夢 日の丸を背負ったジョガドールの半生と日本への想い」『フットボールサミット第7回 サッカーと帰化とアイデンティティ』カンゼン、2012年。ISBN 978-4862551412。http://www.kanzen.jp/book/b102706.html。
大野美夏「呂比須ワグナー「帰化ブラジル人としての大和魂」」『フットボールライフ・ゼロ 第2号』アルマンド、2009年、3-10頁。ISBN 978-4904488010。
『呂比須』小学館、1998年。ISBN 9784093794824。


== 関連項目 ==
Jリーグの外国籍選手一覧
柏レイソルの選手一覧
湘南ベルマーレの選手一覧
名古屋グランパスエイトの選手一覧
FC東京の選手一覧
アビスパ福岡の選手一覧
ガンバ大阪の選手一覧
1998 FIFAワールドカップ日本代表


== 外部リンク ==
呂比須ワグナー - National-Football-Teams.com (英語)
呂比須ワグナー - Soccerway.com (英語)
呂比須ワグナー - FootballDatabase.eu (英語)
呂比須ワグナー - WorldFootball.net (英語)
呂比須ワグナー - FBref.com (英語)
呂比須ワグナー - Transfermarkt.comによる選手データ (英語)
呂比須ワグナー - Transfermarkt.comによる指導者データ (英語)
呂比須ワグナー - FIFA主催大会成績 (英語)
呂比須ワグナー - J.League Data Siteによる選手データ
呂比須ワグナー - J.League Data Siteによる監督データ
プロフィール - ウェイバックマシン（2013年4月7日アーカイブ分） - パスインターナショナル
プロフィール (2001年) - ウェイバックマシン（2001年4月30日アーカイブ分） - FC東京
プロフィール (2002年) - ウェイバックマシン（2002年12月17日アーカイブ分） - アビスパ福岡
プロフィール (2014年) - ウェイバックマシン（2014年12月20日アーカイブ分） - アトレチコ・ゴイアニエンセ（ポルトガル語）
プロフィール - パラナ・クルーベ（ポルトガル語）",,
6097,北川 佳男,Yoshio KITAGAWA,pre2014_p2,北川佳男,unknown,,no_institution_keyword_found,"佐川急便大阪SCから2000年に水戸ホーリーホックに加入。シーズン後半よりレギュラーを獲得。
同チームに在籍していた小野隆儀と共にツートップを組む事も多かった事から小野と共に、""水戸の顔""と呼ばれていた。
2003年シーズン終了後に解雇。2004年よりアローズ北陸へ移籍。2007年よりロッソ熊本へ移籍。
2008年シーズン限りで引退した。
2009年から2011年にかけてはロアッソ熊本でアカデミーコーチを務めた。2012年より古巣水戸でスタッフを務める。",,
167,永山 邦夫,Kunio NAGAYAMA,pre2014_p2,永山邦夫,high_school,high_school|j_club_academy,youth_dual_enrollment_school,"永山 邦夫（ながやま くにお、1970年9月16日 - ）は、神奈川県出身の元プロサッカー選手。サッカー指導者。横浜マリノス/横浜F・マリノスで主に右サイドバック、右ウイングバックとしてプレーした。


== 人物・来歴 ==
マリノス前身の日産時代から15年間（ユースを含め18年間）を1クラブのみ在籍した「ワン・クラブ・マン」である。愛称の「オニク」はサッカーを始めた神大寺幼稚園以来のもの。
小・中学校の時期に所属したかながわクラブでは1年先輩に天才と言われ、後に16歳でプロデビューする菊原志郎（読売/ヴェルディ川崎→浦和レッズ）がおり、憧れであるとともに目標にしていたという。
日産ユースではユース日本代表に選出され、第26回アジアユース（1988年）に出場した。トップチーム昇格後にはバルセロナ五輪予選（1991～1992年）日本代表メンバーとなり、各試合に右ウイングバックとして先発出場した。
しかし、その後は菊原同様、度重なる怪我に悩まされる。特に1995年と1998年はフルシーズンを棒に振るなど、所属クラブでのリーグ戦出場は充実せず、フル代表に呼ばれることはなかった。1999年のシーズン後半にようやく怪我を克服し、先発出場が目立つようになる。2000年9月のインタビュー記事で永山は、「けがをして長期に試合に出れないこともあったが、ふてないでやり続けること、集中力を切らさないことが大事だ。」と述べている。2003年のマリノスハンドブックでは、～小柄ながらも鍛錬された肉体、自己管理、自己反省や動揺をコントロールするメンタル等、若手選手が見習うべきポイントは多い～、と評された。
プレーの面では守備の職人と言われ、様々な守備的ポジションや戦術に対し安定したパフォーマンスを示した。2002年シーズンはアクション型のサッカーを目指すセバスティアン・ラザロニの下、当初から控えに回った。しかし、チームは2ndステージに入ってから中村俊輔のイタリア移籍をきっかけに崩れ、ラザロニはシーズン途中で監督を解任されてしまう。引き継いだ下條佳明による4バックの組織的な布陣への変更によって、永山は右のMFとして残りの2ndステージ各戦に先発、ダイヤモンド型の中盤を機能させ、カルロス・ゴーンの日産CEO就任により命題とされた、年間3位以内達成（2位）に貢献した。
代表選手や移籍選手の多いマリノスでは比較的地味な存在だったが、日産ユースに入団した1986年以来の生え抜きということもあって、「最後の日産」としてサポーターからは非常に愛された（永山は日産時代から所属し続ける最後の選手だった）。現役生活の中で何度か指導者への転身をクラブから打診された際には「給料はいらないから、クラブに残して欲しい」と訴え、日産～F・マリノス一筋の現役生活を通した。2004年の開幕戦となった浦和レッズ戦の前座試合はF・マリノスOBとF・ユースの対戦で永山の引退試合として行われ、終盤に得たPKを決めてラストゴールを飾った。試合後には「自分は引退試合を催してもらうほどの選手ではありませんが」と挨拶するなど最後まで謙虚な選手生活を貫いた。
引退後は横浜F・マリノスの下部組織コーチに就いている。横浜F・マリノスふれあいサッカープロジェクトコーチ、横浜F・マリノスジュニアユース新子安コーチ、日本工学院F・マリノスコーチを経て2011年より横浜F・マリノスプライマリーコーチを務める。


== 所属クラブ ==
ユース経歴
神大寺幼稚園
横浜市立南神大寺小学校
かながわクラブ（横浜市立南神大寺小学校）
1983年-1985年 かながわクラブジュニアユース（横浜市立松本中学校）
1986年-1988年 日産ユース（神奈川県立港北高等学校）
プロ経歴
1989年-2003年 日産自動車/横浜マリノス/横浜F・マリノス


== 個人成績 ==

その他の公式戦

2000年
Jリーグチャンピオンシップ 2試合0得点


== 代表歴 ==
ユース日本代表 - 第26回アジアユース（1988年）
五輪日本代表 - バルセロナオリンピック予選（1991-1992年）


== 指導歴 ==
2004年 横浜F・マリノス ふれあいサッカープロジェクトコーチ
2005年- 横浜F・マリノスジュニアユース新子安 コーチ
2009-2010年 日本工学院F・マリノスコーチ
2011年- 横浜F・マリノスプライマリーコーチ


== 脚注 ==


== 出典 ==


== 関連項目 ==
バルセロナオリンピック予選（1992年）出場メンバー
横浜F・マリノスの選手一覧
リスト・オブ・ワン・クラブ・マン


== 外部リンク ==
永山邦夫 - WorldFootball.net (英語)
永山邦夫 - FBref.com (英語)
永山邦夫 - Transfermarkt.comによる選手データ (英語)
永山邦夫 - J.League Data Siteによる選手データ",,
89,福田 正博,Masahiro FUKUDA,pre2014_p2,福田正博,university,university|high_school|j_club_academy,university_entry_after_pro_entry,"

神奈川県横浜市緑区で生まれる。子供の頃は野球少年だったが小学5年の時に横浜市から茅ケ崎市に転居し、転校先の小学校でサッカーと出会う。小学校の担任の義兄が読売サッカークラブのコーチを務めていた橋本章也という人物で、福田は橋本からサッカー技術を学んでいった。
中学進学の際には橋本から読売クラブのJrユースチームへの勧誘を受けたが、これを固辞し地元の大庭中学校へ進学。2年次の1981年には関東予選を突破して全国中学校サッカー大会に出場した。神奈川県下では名の知れた選手となっていた福田は、高校進学の際には当初は地元の神奈川県立藤沢西高等学校を志望していたが、確実に全国大会へ出場できる高校を志望し、相模工業大学附属高校へ進学することになった。
相工大付属高校では1年次の春からレギュラーへ抜擢され、2年次には関東大会でベスト4進出を果たし優秀選手にも選ばれた。しかしながら県予選を突破して全国大会へ出場することは叶わず、2年次の全国高等学校サッカー選手権大会決勝では神奈川県立鎌倉高等学校に、3年次の決勝では藤沢西高等学校に敗れ去った。
高校生活で最も脚光を浴びたのが、3年次の国民体育大会であった。神奈川県選抜のセンターフォワードとして6得点を挙げる活躍で決勝進出に導き、決勝では静岡県選抜を下し初優勝に貢献した。
1985年に中央大学経済学部へ進学しサッカー部へ入部。1年次からレギュラーとなり秋の関東大学サッカーリーグ戦ではリーグ戦4位に新人王を獲得する活躍を見せた。この活躍により、それまで各年代の代表チームへ招集される機会のなかった福田は翌1986年に日本B代表に選ばれ、南米遠征に参加した。1987年にはユニバーシアード代表候補に選ばれるも最終選考で落選、1988年には日本B代表としてアジアカップの代表メンバーに選出されたが、試合での出場機会は与えられなかった。
また、所属する中央大学では3年次のリーグ戦でアシスト王を受賞、4年次には主将を務めたものの、当時のサッカー部や選手を取り巻く環境は劣悪で、サッカーだけに専念できる状況で無く不本意なものだったという。福田は当時を振り返って「1人の人間としては有意義だったが、サッカー選手としてはマイナスの時期だった」と語っている。
卒業後の進路については日本サッカーリーグに所属する6チームから勧誘を受け、古河電気工業サッカー部と三菱重工業サッカー部に絞った。1980年代後半の日本サッカー界ではプロ契約を結べるようになっており、大学サッカー界の有力選手はプロ志向の強いチームへ入団する傾向にあったが、福田は大学時代の成績から「サッカーで生活する」ことは考えられず終身雇用を希望し、アマチュア志向の強い三菱重工へ入社することになった。また、三菱は前年まで連続で3位になっており、1部残留を確実と考えた事と、ドイツへの1ヶ月の留学をさせてくれる条件があった事が決め手となった。

1989年、日本サッカーリーグ2部の三菱重工業サッカー部（後に三菱自動車工業へ移管）に加入。ところが1部残留を前提に三菱重工を選択したにも関わらず、三菱はこのシーズンから2部へ降格しており、予定されていたブンデスリーガのクラブへの留学も取りやめとなっていた。エースの原博実が肝炎により戦線を離脱すると斉藤和夫監督により開幕からレギュラーに抜擢。ルーキーながら36得点という圧倒的な力を見せ得点王に輝き、三菱重工を1年で1部に復帰させる原動力となった。
1990年、日本代表に初選出。同年7月27日のダイナスティカップの韓国戦で代表デビューを飾るとレギュラーへ定着し（後述）、同年9月のアジア競技大会にも出場した。しかし、代表では右ウイングバックという本来とは違うポジションを与えられ得点よりも守備に忙殺されていた。このため福田自身はウイングバックへの起用に不満を抱き代表辞退も考えていた。
1991年、関係者の慰留もあって代表辞退を撤回。同年5月のキリンカップでは最終戦のトッテナム・ホットスパー戦にて、北澤豪の決勝点をアシストする活躍などで初優勝に貢献した。また同年には所属する三菱のプロリーグ参加が決定したこともあってプロ契約を結んでいる。
1992年、ハンス・オフトが監督に就任。5月のキリンカップでは代表に選出されたが、2試合連続で控え選手にも選ばれず不満が募り、オフトに猛抗議をおこなった。この一件で代表から外されることも覚悟していた福田だったが、6月のオランダ遠征でも引き続き招集を受け攻撃的MFのポジションを獲得。この遠征でオフトの信頼を受けると8月のダイナスティカップや11月のAFCアジアカップ優勝に貢献し、オフト率いる代表チームにおいて欠くことのできない選手の一人となっていった。
同年には所属する三菱がプロリーグ設立に伴い浦和レッドダイヤモンズと改称。森孝慈監督の下で攻撃的サッカーへの転換を図ったチームの中でもエースとして牽引。エスクデロ、柱谷幸一、福田で構成される3トップでナビスコカップ5位、天皇杯ベスト4進出に貢献した。
1993年、Jリーグ開幕。サッカー専門誌では前年の好成績もあって浦和の評価は高かったが、成績は低迷しサントリーシリーズ、NICOSシリーズ共に最下位に終わった。福田自身も代表チームへの招集やプロとしての重圧に苦しみ精彩を欠くことが多かった。代表では1994 FIFAワールドカップ1次予選ではレギュラーとして活躍したものの、最終予選では調子を落とし第2戦のイラン戦後はスタメンから外れ、最終戦のイラク戦（いわゆるドーハの悲劇）は途中交代での出場であった。
1994年、浦和では前年同様に成績が低迷。福田はサントリーシリーズ（1stステージ）のベルマーレ平塚戦で1試合4得点の活躍があったものの、スポーツヘルニアに苦しみ長期離脱。ミヒャエル・ルンメニゲの紹介で菊原志郎と共にドイツに渡って治療を受けた。代表ではオフトに代わってブラジルのパウロ・ロベルト・ファルカンが監督に就任したが怪我の影響もあって招集されることはなかった。シーズンオフには福田の去就が報じられ、自身も移籍を直訴したが最終的に残留を決断した。
1995年、ホルガー・オジェックが監督に就任すると福田はそれまでの鬱憤を晴らすかのように実力を発揮。MFのウーベ・バインとのコンビネーションで得点を重ねるなど、日本人選手初のJリーグ得点王となり、チームもサントリーシリーズでは優勝争いに絡むなど3位と成績を向上させる原動力となった。シーズン終了後にはJリーグベストイレブンにも選ばれた。日本代表へも復帰を果たし、2月のダイナスティカップや6月にイングランドで開催されたアンブロ・カップに出場。8月に行われたブラジルとの親善試合では前年のワールドカップ優勝国を相手に得点を記録している。また、同年12月8日にはアジアサッカー連盟の月間最優秀選手に選出されている。
1996年、この時期から福田のサッカー人生は怪我との戦いとなった。1996年シーズン開幕直前に負傷すると8月には練習中に左足首を骨折しリーグ戦4試合の出場に終わった。1997年は左足首手術の際に埋め込まれたプレートの影響による痛みに終始苦しめられたものの、29試合で21得点を記録した。1996年にはオジェック監督とバイン、1997年10月にはギド・ブッフバルトといった功労者がチームを去っていったが、エースとしてチームを牽引した。1998年には痛みの原因となっていた左足首のプレートを除去したが、左足付け根の肉離れが再発しリハビリと復帰を繰り返した。
1999年、シーズン途中に原博実監督が成績不振により解任されると、後任のア・デモス監督との確執もあって、メンバー外や、控えに回ることが多くなった。チーム内の最多得点者であったが、残留をかけて90分以内での勝利が絶対に必要であった、リーグ最終節のサンフレッチェ広島戦でもベンチスタートとなるなど(この試合で後半36分から出場し、延長戦に入ってVゴールを決めた)、チームも2部へと降格した。2000年に入っても福田のコンディションは上がらず、ポーランドからアンジェイ・クビツァが加入した事もあって12試合の出場に留まった。2001年、チームも外国人選手、スタッフも従来のヨーロッパ路線からブラジル路線へと転換を図っていたが福田は出場機会を与えられることは少なく14試合出場に留まった。
2002年、日本代表時代に指導を受けたハンス・オフトが監督に就任。「最後のシーズンのつもりで戦う」決意で挑んだシーズンはオフトの下で様々なポジションで適性を試され、拘り続けたストライカーではなく中盤に下がり右サイドハーフを務めるようになり、2ndステージに入ると守備的MFへとポジションを移した。2ndステージでは開幕から9試合負けなし（8勝1分）を成し遂げ首位に立つなど優勝争いに加わり、同年のナビスコカップでは準優勝に貢献した。
2002年シーズンを最後に、クラブから戦力外通告を受け、レッズ以外でプレーするのは想像できないとして、日本代表時代の同僚であった井原正巳と共に現役を引退した。翌2003年6月15日には埼玉スタジアム2002で、Jリーグ史上最多となる5万人以上の観衆を集めて引退試合が行われた。2020年現在もこの記録は破られていない。福田引退関連グッズだけで、1億円以上の売上を記録したといわれる。",,
391,路木 龍次,Ryuji MICHIKI,pre2014_p2,路木龍次,unknown,,no_institution_keyword_found,"国見高から1992年にサンフレッチェ広島に入団。同期には吉川公二がいる。当初は左サイドバックとして片野坂知宏の控えであったが、徐々に成長し出場機会を得出す。ビム・ヤンセンが監督に就任したプロ3年目の1995年からレギュラーを獲得した。3-4-3の左ウイング・左サイドハーフ、あるいは3-5-2の左ウイングバックとして活躍、ピーター・ハウストラとのコンビでチャンスを量産した。1996年にはアトランタ五輪代表レギュラーを務め、アトランタオリンピックの対ブラジル戦では、GKとDFの間にクロスを上げ、伊東輝悦の得点をアシスト、マイアミの奇跡を演出した。その年末には初めてフル代表に選ばれた。
その後、広島が財政難に陥り、移籍金を得るため1998年に横浜マリノスに放出される。怪我の連続で満足に試合に出られず、1999年6月には浦和レッドダイヤモンズへ期限付き移籍し、翌年2000年に完全移籍。2003年1月にヴィッセル神戸に移籍するが、家庭の事情により一ヶ月で退団。同年、練習生を経て大分トリニータに入団するも、契約満了により6月に退団。
引退後長らく消息が不明とされてきたが、近年は画家として活動している。",,
749,森保 洋,Hiroshi MORIYASU,pre2014_p2,森保洋,unknown,,no_institution_keyword_found,"サガン鳥栖アカデミーダイレクターを経て、現在はV・ファーレン長崎アカデミーダイレクター兼U-18監督。
静岡県掛川市で生まれ、佐賀県や長崎県など九州で育つ。元日本代表で現監督の森保一は兄にあたる。",,
2598,冨田 晋矢,Shinya TOMITA,pre2014_p2,冨田晋矢,j_club_academy,j_club_academy,overseas_relocation_language_no_domestic_institution,"冨田 晋矢（とみた しんや、1980年5月8日 - ）は、京都府京都市出身の元サッカー選手。ポジションはミッドフィールダー。


== 所属クラブ ==
 京都紫光クラブ
 京都パープルサンガユース
1999年-2005年  京都パープルサンガ
2000年1月 - 2000年3月  AAポンチ・プレッタ（短期留学）
2006年  アルテ高崎
2007年  ボルシア・フライアルデンホーフェン
2007年7月 - 2008年  MIOびわこ草津


== 個人成績 ==

Jリーグ初出場 - 1999年8月14日 J1 2nd第2節 名古屋グランパスエイト戦（名古屋市瑞穂陸上競技場）
Jリーグ初得点 - 2002年7月27日 J1 1st第11節 浦和レッドダイヤモンズ戦（さいたま市駒場スタジアム）


== タイトル ==
クラブ

Jリーグ ディビジョン2（2001年）
天皇杯全日本サッカー選手権大会（2002年）


== 関連項目 ==
京都府出身の人物一覧
京都サンガF.C.の選手一覧
日本国外のリーグに所属する日本人サッカー選手一覧


== 外部リンク ==
冨田晋矢 - FootballDatabase.eu (英語)
冨田晋矢 - WorldFootball.net (英語)
冨田晋矢 - FBref.com (英語)
冨田晋矢 - Transfermarkt.comによる選手データ (英語)
冨田晋矢 - J.League Data Siteによる選手データ
「今日と明日とあさってと」 冨田晋矢 オフィシャルブログ",,
660,竹元 義幸,Yoshiyuki TAKEMOTO,pre2014_p2,竹元義幸,unknown,,no_institution_keyword_found,2021年12月24日、FC今治のトップチームゼネラルマネージャーに就任した。,,
6495,宮川 悟,Satoshi MIYAGAWA,pre2014_p2,宮川悟,unknown,,no_institution_keyword_found,"父の仕事のため香港で誕生し、スイスで幼少期を過ごす。中学1年生の終わりごろにサッカーを始め、プロサッカー選手を目指して高校1年生よりブラジルにサッカー留学し7年間プレー。帰国後、アルバイトをしながら石川県のアマチュアチーム、クルゼイロジャパンで1年半プレー。2001年よりセレクションを経サガン鳥栖に加入。4シーズン在籍し、J2リーグ55試合出場4得点。
2005年にヴィッセル神戸の運営会社クリムゾンフットボールクラブに入社。ブラジル人選手・監督のポルトガル語通訳を務めたあと、スカウト、営業を歴任し、2011年〜2016年チーム統括本部強化部 副部長 兼 通訳グループマネージャーを務めた。
2017年よりSARCLEに所属しプロサッカー選手のマネジメント業務を開始。",,
5146,森 惠佑,Keisuke MORI,pre2014_p2,森惠佑,unknown,,no_institution_keyword_found,1999年〜2004年の6シーズン、サガン鳥栖でプレー。ルーキーイヤーの1999年4月14日、セレッソ大阪戦でJリーグ初出場。2001年8月3日、湘南ベルマーレ戦でJリーグ初ゴール。2004年9月、サガン鳥栖からアローズ北陸へ期限付き移籍。2005年8月から水戸ホーリーホックに練習生として参加し、2006年に正式加入した。同年はリーグ戦12試合に出場。,,
1856,筒井 紀章,Noriaki TSUTSUI,pre2014_p2,筒井紀章,unknown,,no_institution_keyword_found,横浜F・マリノスへ入団するも出番に恵まれず、今の2部にあたるJFLやJ2のチームへ移籍したのち、引退。引退後はマリノスのジュニアユースコーチを務めた。,,
150,蓮見 知弘,Tomohiro HASUMI,pre2014_p2,蓮見知弘,unknown,,no_institution_keyword_found,Jリーグのヴェルディ川崎やベガルタ仙台でプレーした後、2001年限りで現役を引退。,,
1496,田沢 浩之,Hiroyuki TAZAWA,pre2014_p2,田沢浩之,j_club_academy,j_club_academy,overseas_relocation_language_no_domestic_institution,"小学生1年生のときに日産サッカースクールでサッカーをはじめ、横浜マリノス（のちの横浜F・マリノス）のジュニアユース、ユースを経て1997年にトップチームに昇格。
1998年、スポニチ・Jリーグサッカー留学制度によりアルゼンチンのリーベル・プレートに1年間留学し3軍でプレーする。
1999年に横浜F・マリノスに復帰するが、試合出場の機会は訪れず、2000年にベガルタ仙台に移籍。右サイドバックとしてコンスタントに起用され、2000年のJ2リーグで40試合中28試合に出場、2000年5月14日の湘南ベルマーレ戦ではプロ生活で唯一となるゴールをあげた。2001年シーズンは公式戦出場ゼロに終わり、同年限りで契約満了にともない退団。引退後は不動産業に携わる。",,
3315,高田 栄二,Eiji TAKADA,pre2014_p2,高田栄二,unknown,,no_institution_keyword_found,"1997年、ジャパンフットボールリーグ（旧JFL）・富士通川崎サッカー部のプロ化に伴い川崎フロンターレの選手となるが、久野智昭、伊藤彰らとともにプロ契約をせず富士通に所属する「社員選手」として活躍した。
Jリーグが2部制に移行した1999年には川崎（当時J2）のJ1昇格に貢献し社員選手ながら主にスーパーサブとして活躍した。
同年、シーズン途中から指揮を執った監督の松本育夫は、昇格後のインタビュー記事の中で7得点を挙げた高田の昇格への貢献を高く評価していた。
2001年シーズン後に戦力外通告を受けた。",,
2838,谷川 烈,Tsuyoshi TANIKAWA,pre2014_p2,谷川烈,university,university|high_school|j_club_academy,possible_incidental_schooling_around_club_academy,"谷川 烈（たにかわ つよし、1980年4月25日 - ）は、静岡県静岡市出身のサッカー選手。ポジションはMF、DF。ヤスダグループCMO（取締役常務執行役員）。


== 略歴 ==
1980年に静岡市で生まれ、幼少期からサッカーを始め、清水エスパルスのアカデミーを経て、高校卒業後、1999年に清水エスパルストップチームに昇格したが、リーグ戦は2試合の出場にとどまり、2001年に当時J2のヴァンフォーレ甲府にレンタル移籍し、20試合にフル出場。2002年に清水に復帰したものの、戦力外通告を受け、2003年にアメリカ独立リーグのニューハンプシャー・ファントムへ移り、アメリカメジャーリーグサッカー（MLS）入りを目指したが叶わず、帰国して2004年に水戸ホーリーホックに入るも再び戦力外通告を受け、24歳で引退。
法政大学キャリアデザイン学部に社会人入試で合格し、マクロミル創業者の杉本哲哉のゼミ生となったのをきっかけにグローバルビジネスに興味を持ち、2009年にブリヂストン入社、ロシアやウズベキスタン、アゼルバイジャンなどCIS諸国（独立国家共同体）を担当するロシア事業部に配属。
前述の杉本に誘われ、2015年にスマートフォンアプリなどを手掛けるグライダーアソシエイツに転職し、7年目に執行役員に就任したが、2023年に、イベント会社のヤスダグループ（代表・安田慶祐）創業に執行役員として参加、同社はレアル・ソシエダ、スタッド・ランスとスポンサー提携し、2024年にはレアル・ソシエダ ジャパンアカデミーを創設した。しかし同社には、いくつかの問題も指摘されている。たとえば、フランスのプロサッカークラブであるスタッド・ランスと、2024-25シーズンから3シーズンにわたるパートナーシップ契約を締結し、ユニフォーム前面のメインスポンサーとして社名を掲出していた。ところが、現地時間2026年1月3日の「スタッド・ランス vs FCアヌシー」戦では、（未払いを理由に）クラブ側が胸スポンサーからYASUDAのロゴを外したまま試合を行ったとされる。加えて、FCバルセロナ来日に関連するトラブルなども挙げられる。


== 所属クラブ ==
清水エスパルスジュニアユース
清水エスパルスユース
1999年 - 2002年  清水エスパルス
2001年8月 - 12月  ヴァンフォーレ甲府 (期限付き移籍)
2003年5月 - 8月  ニューハンプシャー・ファントムズ
2004年  水戸ホーリーホック
2005年 - 2007年  FC町田ゼルビア
2010年 - 2016年  エリースFC東京


== 個人成績 ==


== 代表歴 ==
1995年 U-15日本代表
1996年 U-16日本代表


== 個人タイトル ==
2006年 関東サッカーリーグ2部 ベストイレブン


== 出典 ==


== 関連項目 ==
清水エスパルスの選手一覧
ヴァンフォーレ甲府の選手一覧
水戸ホーリーホックの選手一覧
FC町田ゼルビアの選手一覧


== 外部リンク ==
谷川烈 - WorldFootball.net (英語)
谷川烈 - Transfermarkt.comによる選手データ (英語)
谷川烈 - J.League Data Siteによる選手データ
谷川烈後援会 烈CLUBオフィシャルサイト - ウェイバックマシン（2001年4月18日アーカイブ分）
OB選手たちの現在――谷川烈（元清水エスパルス）サッカーキングウェブサイト
スポーツキャリアサポートコンソーシアム 谷川 烈『Ｊリーガーとして２度の戦力外通告。大学進学を経て就職。転職先で執行役員に就任』",,
5475,河口 真一,Shinichi KAWAGUCHI,pre2014_p2,河口真一,unknown,,no_institution_keyword_found,即戦力として期待され、入団1年目にしてレギュラーの座を得るなど、当初こそ期待に沿った活躍をしたが、その後は怪我が多くなった事もあり、2002年限りで現役を引退。,,
5467,野嶋 良,Ryo NOJIMA,pre2014_p2,野嶋良,unknown,,no_institution_keyword_found,2010年をもってカターレ富山を退団し、プロ生活を終了した。2011年よりアマチュアクラブの富山新庄クラブでプレーしている。,,
357,河野 和正,Kazumasa KAWANO,pre2014_p2,河野和正,unknown,,no_institution_keyword_found,"1989年にマツダSCに入団、サテライトチームであるマツダSC東洋で経験をつみ、トップチームであるマツダSCへと昇格した。マツダSC時代を含めサンフレッチェ広島とプロ契約後は主に控えGKであったが、正GKの前川和也が怪我しがちな選手だったため、たびたび出場機会があった。1994年のサントリーシリーズにはステージ優勝を決めたジュビロ磐田戦や同年のJリーグチャンピオンシップ2試合にも出場している。
1997年に出場機会を求めて名古屋グランパスエイトへ移籍、その年に横浜マリノスに期限付き移籍。名古屋には伊藤裕二、横浜には川口能活というそれぞれに絶対的守護神がいたが、定期的に出場機会を得た。特に横浜では、フランスワールドカップアジア最終予選で日本代表に招集された川口の穴を埋める活躍を見せた。
その後、1999年にはセレッソ大阪へ移籍。当初は下川誠吾の控えという位置づけであったが、2001年以降はスタメン出場の機会が増えた。しかし、定位置確保までは至らず、2002年に現役を引退。",,
113,菊池 新吉,Shinkichi KIKUCHI,pre2014_p2,菊池新吉,unknown,,no_institution_keyword_found,"後述のように育った環境はお世辞にもいいとは言い難いものだったが、読売サッカークラブ入団後は藤川孝幸を抑えてレギュラーを獲得。Jリーグではヴェルディ川崎で三浦知良、武田修宏、ラモス瑠偉、北澤豪、ルイス・カルロス・ペレイラ、柱谷哲二、都並敏史等と共にスタメンの座を不動のものにする。Jリーグ開幕後は、地元・遠野で「菊池新せんべい」なるものが発売されたほどであった。
1993年にはシーズン15完封のJ1記録（2014年に浦和レッズの西川周作が抜かれるまでトップだった）、1stステージ2位と2ndステージ制覇と初代王座、1994年にはJリーグベストイレブン・日本代表にも選出され2年連続チャンピオンに貢献している。翌1995年もベストイレブンに選出された。1997年1月1日には第76回天皇杯全日本サッカー選手権大会を制覇している。
日本代表には、1994年に初招集され、同年のアジア大会にも全4試合に出場した。しかし怪我も多かったことから、1994年以前は松永成立、1995年は前川和也、1996年は下川健一の控えになることがほとんどであり、1996年後半以降はアトランタ五輪で活躍した川口能活が台頭してきたことから代表にも招集されなくなり、結局A代表キャップ数は7試合にとどまった。
1997年以降はガンバ大阪からレンタル移籍で加入した本並健治とポジション争いを繰り広げる。当初はレギュラーだったが、1999年は完全に本並にレギュラーを奪われて2000年に川崎フロンターレに期限付き移籍した。しかし、浦上壮史からポジションは奪えず2001年に東京V復帰。晩年は持病の腰痛に泣かされ、その年に本並と読売クラブ時代からチーム支えた武田修宏と共に引退。
引退後は指導者の道に進み、東京Vや栃木SC等のコーチを経て、2012年から2021年まで川崎フロンターレのコーチを務めた。
2022年よりサンフレッチェ広島のGKコーチに就任。2026年6月、退任を発表。",,
8705,齋藤 将基,Masaki SAITO,pre2014_p2,齋藤将基,unknown,,no_institution_keyword_found,"ブラジルや中国でのプレイ経験もあり、東海社会人リーグからJ2のクラブへ加入するなど異色の経歴の持ち主。
2006年シーズン前のトライアウトで首脳陣の目に止まり、東京ヴェルディ1969へ加入、7得点を挙げた。2007年はフッキや船越優蔵など新加入選手に出場機会を奪われ、シーズン終了後に戦力外通告を受けた。一時引退を考えたが、名波浩に「もったいない」と言われ合同トライアウトに参加し、沖縄かりゆしFCへ移籍した。シーズン終盤にポジションを掴むが、1年で退団した。
そのまま引退する予定だったが、望月重良に誘われSC相模原へ移籍。2012年より、ツエーゲン金沢へ移籍。2013年限りで現役を引退し、ツエーゲン金沢のアシスタントコーチに就任。
2015年、金沢のU-18コーチに就任。
2019年2月、ヘッドコーチの関浩二が一身上の都合によりチームを離れたことに伴い、トップチームのコーチに就任した。
2021年12月27日、ツエーゲン金沢U-18の監督就任が発表された。",,
1883,横山 貴之,Takayuki YOKOYAMA,pre2014_p2,横山貴之,unknown,,no_institution_keyword_found,"豊富な運動量と一瞬の動きで相手ディフェンダーを振り切る切れ味鋭いドリブル突破を武器とした。セレッソ時代にはスーパーサブとして途中出場から決定機を作り出す攻撃の切り札として起用され、森島寛晃や西澤明訓等が代表等で不在時にはスタメンとして活躍した。特に同じく代役として起用される事が多かった深川友貴とのコンビネーションは抜群だった。
2002ゼロックススーパーカップは、第81回天皇杯に初優勝した清水エスパルスと2002年Jリーグ年間チャンピオンの鹿島アントラーズとで行われた。後半38分澤登正朗と交代出場し、同点ゴール（後半44分）を決めた、PK戦を制し（5-4）清水エスパルスが優勝を飾った。",,
2522,矢野 マイケル,Michael YANO,pre2014_p2,矢野マイケル,j_club_academy,j_club_academy,overseas_relocation_language_no_domestic_institution,"矢野 マイケル（やの マイケル、1979年1月22日 - ）は、ガーナ出身で日本国籍の元サッカー選手、元キックボクサー、ソングライター。俳優・モデルの矢野デイビットは実弟。


== 人物・来歴 ==
ガーナにて、日本人の父とガーナ人の母の間に生まれる。10歳で日本に移住し、16歳からドイツのヴェルダー・ブレーメンユースに在籍。帰国後、清水エスパルスユースを経て、ヴィッセル神戸に入団。100メートルを10秒8で走る俊足が話題を集めた。その後、海外クラブのテスト受験などを経て、水戸ホーリーホック、サガン鳥栖でプレイ。鳥栖を退団後はイタリアのACペルージャのテストも受け、合格したが、結局引退。
引退後は仲間とともにユニット「Double Dogz Crew」として音楽活動を行っていたが、2004年にキックボクサーへと転身。アマチュアで6勝2敗の戦績を残し、2004年7月10日のIKUSAで菊池浩一とのプロデビュー戦が発表されていたが、体調不良となり欠場となった。
そして再び音楽活動に専念し、「BLENDZ」というグループで活動を始める。ちなみにデビュー曲「161K」はプロ野球・読売ジャイアンツのクルーン投手の登場曲に使われている。そのほかにもアジアリーグアイスホッケーの日本製紙クレインズのテーマソングも担当している。
近年はソングライターとしても活動しており、玉木宏や後藤真希、2PM+2AMに提供している。
2013年4月から実の兄弟で結成されたヴォーカルユニットYANO BROTHERSとしても活動している。
国際的評価の高い辻岡正人監督の映画「Dirty Heart」に出演したり、「BLENDZ」のメンバーIGOR（元Retro G-Style）とともに東京都社会人サッカーリーグでサッカーを続けていた。
2024年からユニット「Double Dogz Crew」を再始動し、本格的に音楽活動を再開。デビュー曲、Time Is Money (モウネエ)を各種配信サービスよりリリースしている。


== 所属クラブ ==
ヴェルダー・ブレーメンユース
1996年 清水エスパルスユース
1997年-1998年 ヴィッセル神戸
2000年 水戸ホーリーホック
2001年 サガン鳥栖
2007年 東京ベイフットボールクラブ


== 個人成績 ==


== 出演 ==


=== 映画 ===
Dirty Heart（2009年11月28日公開）


== 脚注 ==


== 関連項目 ==
清水エスパルスの選手一覧#アカデミー出身者
ヴィッセル神戸の選手一覧
水戸ホーリーホックの選手一覧
サガン鳥栖の選手一覧


== 外部リンク ==
矢野マイケル - WorldFootball.net (英語)
矢野マイケル - Transfermarkt.comによる選手データ (英語)
矢野マイケル - J.League Data Siteによる選手データ
矢野ブラザーズ | YANO BROTHERS オフィシャルサイト
サガントス絆プロジェクトシリアルNo. 00775（2007年9月26日時点のアーカイブ）
All About - 元Jリーガー矢野マイケル・どん底からの挑戦（キックボクサー時代の記事）
日本製紙クレインズテーマソング",,
369,森山 佳郎,Yoshiro MORIYAMA,pre2014_p2,森山佳郎,university,university|high_school|j_club_academy,possible_incidental_schooling_around_club_academy,"森山 佳郎（もりやま よしろう、1967年11月9日 - ）は、日本の元サッカー選手（DF）、指導者。熊本県熊本市東区出身。元サッカー日本代表、JFA公認S級コーチ。2024年より、日本プロサッカーリーグ（Jリーグ）に所属するベガルタ仙台の監督を務める。


== 選手経歴 ==


=== プロ入り前 ===
熊本市立東町小学校時代の小学3年にサッカーを始めた。野球部が小学4年からしか入部できず、それまでの一年間体を鍛える目的でサッカー部に入部したが、思った以上に楽しく小学校卒業までサッカーを続けた。熊本市立錦ヶ丘中学校入学を機にバスケットボール部へ入部したが、中学2年の時にサッカー部へ編入した。
熊本県立第二高等学校から鹿児島の大学に進学し、将来は高校の体育教師になろうと考えていたが、入学願書の提出期日を間違えてしまい、結局一浪してしまう。
その後、大学サッカーの名門・筑波大学に一般入試で進学した。一期上に井原正巳、中山雅史、影山雅永（3名とも同い年）、同期に長澤徹。大学時代のほとんどをCチーム（3軍）で過ごし、4年生になってようやくトップチームで試合に出場できるようになった。


=== マツダ/サンフレッチェ ===
大学卒業後は教員になるつもりだったが教員採用試験に落ちてしまい、練習参加していた富士通サッカー部からも声がかからなかった。筑波大学の先輩・今西和男のスカウトもあり、1991年にマツダに入社、マツダサッカークラブ（現：サンフレッチェ広島）に入団した。同期は森秀昭、柳本啓成、笛真人、路木健、松山大輔、小倉一浩。
入団1年目からJリーグヤマザキナビスコカップに出場するなど、順風満帆なスタートを切ったが、右SBの柳本啓成がレギュラーとなってからは途中出場が続いた。
1993年8月に柳本が負傷欠場。翌1994年にCBの負傷者が続出し、柳本がCBにコンバートしたことに伴い、右SBのレギュラーを獲得した。広島の1stステージ優勝に貢献するなどの活躍が認められ、この年日本代表に初選出された。 翌1995年、ビム・ヤンセン新監督の評価を得ることができず、出場機会が減少し、この年限りで広島を退団した。
その後は横浜フリューゲルス、ジュビロ磐田、ベルマーレ平塚でプレー。1999年には平塚でキャプテンを務めたが、古傷の左足変形性膝関節症が悪化し、この年限りで現役を引退した。


== 指導者経歴 ==


=== 広島ユースからU-17サッカー日本代表監督へ ===

現役引退後はイングランドへのコーチ留学を考えていたが、今西に誘われサンフレッチェ広島ユースのコーチに就任した。2002年8月、中村重和ユース監督（当時）のアビスパ福岡監督就任 に伴い、同ユースの監督に昇格した。技術のある選手たちをいかに闘えるようにするかの方針で指導した。
2013年、日本サッカー協会（JFA）原博実技術委員長（当時）の要請に応じて 広島ユース監督を退任し、同クラブ強化部の育成コーチ兼ナショナルトレセン中国地区担当コーチに就任。JFA 公認S級コーチライセンス取得を目指す。また、同職と兼任する形で、2015 FIFA U-17ワールドカップ（チリ）出場を目指すU-15日本代表のアシスタントコーチに就任した。
2015年、JFAに籍を移し、U-15日本代表監督に就任した。
2016年、AFC U-16選手権2016（インド）に出場するU-16日本代表監督としてチームの指揮を執り、ベスト4に進出。2017 FIFA U-17ワールドカップ（インド）への出場権を獲得した。
2023年のAFC U17アジアカップ2023（タイ）でも指揮を執った。初戦・ウズベキスタン戦は前半8分に先制しながらも試合終盤に追いつかれ1-1の引き分けに終わる。2戦目・ベトナムには4-0で勝利。3戦目・インド戦では8-4の乱打戦を制して、グループリーグを1位で通過した。勝利で2023 FIFA U-17ワールドカップ（インドネシア）出場が決まる準々決勝・オーストラリア戦を3-1で制し、3大会連続のFIFA U-17ワールドカップ出場権を獲得した。準決勝のイランに3-0で勝利、決勝の韓国戦も3-0で勝利し、同年代の日本代表を史上初のアジア連覇に導いた。
2023 FIFA U-17ワールドカップ（インドネシア）では、初戦のポーランドに1-0で勝利するも、続くアルゼンチン戦は1-3で敗戦。3戦目のセネガル戦では2-0で勝利し、グループD 3位でベスト16に進出した。ラウンド16ではグループB 1位のスペインと対戦。前半8分に先制点を献上し、同点に追いつくも74分に勝ち越しを許して1-2で敗戦。3大会連続のベスト16敗退に終わった。大会終了後、U-17日本代表監督を退任することが発表された。


=== ベガルタ仙台監督 ===

2024年、ベガルタ仙台のトップチーム監督に就任。就任会見では、「宮城・仙台の皆さんに必要とされ、愛されて、そして応援されるクラブに」「ホームグロウンを50％に近づける」「本来いるべき場所（J1）に戻る」など、監督就任への決意として3つの柱を挙げた。代表監督を退任し新たなチームを探すにあたり、仙台を含むJリーグクラブ2、3チームに手紙を送り、自らを売り込んでいたことを明かした。仙台に魅かれた理由として、「首都圏から離れた場所でビッグクラブに噛みつくスタンスが自らに合っているんじゃないか」と述べた。
2024年、トップチームの指揮は初ながら、同年5月を4勝1敗で終え、J2リーグの月間最優秀監督に選出された。リーグ戦を6位で終え、J1昇格プレーオフに進出。準決勝の長崎戦で同シーズン初の4得点・3点差を記録して4-1で勝利したが、決勝の岡山戦で敗れJ1昇格を逃した。
指揮2季目の2025年もシーズン序盤から上位につけた。4月は3勝2分無敗・リーグ最少失点、6月・9月は共に2勝1分無敗の成績を収め、J2月間最優秀監督を3度受賞した。山形とのみちのくダービーでは2戦とも勝利し、14季ぶりのシーズンダブルを達成した。しかし、最終節のいわき戦で敗戦し、プレーオフ出場圏外の7位に後退してJ1昇格を逃した。
2026年前半の特別シーズン「J2・J3百年構想リーグ」では主力の選手が何人も怪我した状況でスタメンを固定せず32人中29人を起用して、開幕から13連勝してPK戦でも6戦全勝で仙台に17年ぶりのタイトルをもたらした。
2026/27シーズンも続投し、引き続きチームの指揮を執る。


== 人物 ==
現役時代は豊富な運動量とガッツ溢れるプレーで右サイドバックで活躍した。親近感が持たれる性格でチームのムードメーカーでもあった。
言葉で人を動かす力があり、勝つ為にやるべき事を徹底的に植え付ける人物で、熱心で情熱的な指導に定評がある。高円宮杯優勝3回など広島ユースを強豪に育て上げ、高校年代の指導者として高い評価を得ている。広島ユース監督時代は槙野智章、柏木陽介、森重真人など、のちにリーグやACLで活躍し日本代表に選出される選手を数多く指導した。
長女は元お笑い芸人でYouTuberの森山あすか。父の監督就任を機に仙台に移住し、試合の観戦動画などを投稿している。
Sports Graphic Numberの『読者が選ぶ「あなたが思う最高の名将は？」』アンケートで15位に選出。仙台の人件費が少なくJリーグの監督経験者が445人いる条件で、他の上位30名はJリーグの歴代タイトル獲得経験者やビッグネームが並ぶ中で現役のJ2の監督としては唯一の選出となった。仙台2年目はプレーオフ圏外でフィニッシュしたものの、同年のJ2リーグアウォーズでは、選手、監督による投票で3位となった。
百年構想リーグの決勝ではPK戦の末にチームタイトルを17年ぶりに獲得した事に関してサポーターに祝辞を述べた上で、チームの更なる成長を願いつつも「寿命が縮まるじゃないか (笑)!!!」と締めて選手たちを讃えた。


== 所属クラブ ==
熊本市立東町小学校
1980年 - 1982年 熊本市立錦ヶ丘中学校
1983年 - 1985年 熊本県立第二高等学校
1987年 - 1990年 筑波大学
1991年 - 1992年  マツダSC
1992年 - 1995年  サンフレッチェ広島
1996年 - 1997年  横浜フリューゲルス
1998年  ジュビロ磐田
1999年  ベルマーレ平塚


== 個人成績 ==


=== その他の公式戦 ===
1991年 - コニカカップ 1試合0得点
1994年 - Jリーグチャンピオンシップ 1試合0得点
Jリーグ初出場 - 1993年5月29日 1st第5節・対横浜フリューゲルス戦（鹿児島県立鴨池陸上競技場）
Jリーグ初得点 - 1993年6月5日 1st第7節・対浦和レッドダイヤモンズ戦（広島スタジアム）


== 代表歴 ==


=== 試合数 ===
国際Aマッチ 7試合 0得点(1994年)


=== 出場 ===


== 指導歴 ==
2000年 - 2012年  サンフレッチェ広島
2000年 - 2002年8月 ユース コーチ
2002年8月 - 2012年 ユース 監督
2013年 - 2023年  日本サッカー協会
2013年 U-15日本代表/JFAナショナルトレセンコーチ中国
2014年 U-16日本代表/JFAナショナルトレセンコーチ中国
2015年 U-15日本代表 監督
2016年 U-16日本代表 監督
2017年 U-17日本代表 監督
2018年 U-16日本代表 監督
2019年 U-15/U-17日本代表 監督
2020年 U-16日本代表 監督
2021年 U-16/U-17日本代表 監督
2022年 U-16日本代表 監督
2023年 U-17日本代表 監督
2024年 -  ベガルタ仙台 監督


== 監督成績 ==

Jリーグ百年構想リーグ


== タイトル ==


=== 選手 ===


==== チーム ====
 サンフレッチェ広島
J1リーグ 1stステージ：1回（1994）


=== 指導者 ===


==== チーム ====
 U-17日本代表
AFC U17アジアカップ：2回（2018、2023）
 ベガルタ仙台
J2・J3百年構想リーグ（2026年）


==== 個人 ====
 ベガルタ仙台
J2リーグ月間優秀監督賞：4回（2024年5月、2025年4月・6月・9月）
J2・J3百年構想リーグ優勝監督賞


== 脚注 ==


=== 注釈 ===


=== 出典 ===


== 参考資料 ==
部活とクラブの融合に成功した男 広島ユース監督・森山佳郎の退任 - footballchannel
教え子たちに闘争心とタフさを植えつけた10年
“森山佳郎さん”.   Jリーグキャリアサポートセンター (2001年). 2009年5月28日時点のオリジナルよりアーカイブ。2011年12月25日閲覧。
“インタビュー” (PDF).   広島市医師会. 2011年12月25日閲覧。
代表タイムライン - 日本サッカー協会史
[ 完全保存版 ] History Book 1994-2024 ベガルタ仙台 30年史 - サッカーマガジン


== 関連項目 ==
熊本県出身の人物一覧
筑波大学の人物一覧
サンフレッチェ広島F.Cの選手一覧
横浜フリューゲルスの選手一覧
ジュビロ磐田の選手一覧
湘南ベルマーレの選手一覧
サンフレッチェ広島F.Cの育成組織
ベガルタ仙台の選手一覧
Jリーグ監督経験者


== 外部リンク ==
森山佳郎 - National-Football-Teams.com (英語)
森山佳郎 - Soccerway.com (英語)
森山佳郎 - FootballDatabase.eu (英語)
森山佳郎 - WorldFootball.net (英語)
森山佳郎 - Transfermarkt.comによる選手データ (英語)
森山佳郎 - Transfermarkt.comによる指導者データ (英語)
森山佳郎 - J.League Data Siteによる選手データ
森山佳郎 - J.League Data Siteによる監督データ
森山佳郎 (yoshiro.moriyama.9) - Facebook
サムライ吉田の蹴球戦国史～ゴリ日記～",,
5868,西本 竜洋,Tatsuhiro NISHIMOTO,pre2014_p2,西本竜洋,university,university|high_school,university_entry_after_pro_entry,"西本 竜洋（にしもと たつひろ、1980年4月29日 - ）は山口県出身の一級建築士、元プロサッカー選手。現役時代は湘南ベルマーレに所属していた。愛称はノッチ。（お笑い芸人、デンジャラスのノッチに似ていた事に由来しており、スーパーサッカーのクラブCMコンテストでもネタにされた）。


== 来歴・人物 ==
山口県立岩国高等学校卒業後、1999年にベルマーレ平塚に入団。同年のJリーグ・ディビジョン1 2ndステージ・名古屋グランパスエイト戦にてデビュー、その試合で2ゴールを挙げる。
その後、湘南ベルマーレに引き続き在籍するが、怪我などに見舞われ出場機会は減少。2002年末に戦力外通告を受け、そのまま現役を引退。
現役引退後の2003年に広島工業大学専門学校に入学し、一級建築士の資格を取得。2011年に地元の岩国市で建築事務所を設立し、現在は代表を務めている。2018年に熊毛郡田布施町で手がけた一戸建て住宅「下田布施の家」が2019年度のグッドデザイン賞（戸建て住宅部門）を受賞した。


== 個人成績 ==


== 脚注 ==


== 出典 ==


== 関連項目 ==
湘南ベルマーレの選手一覧


== 外部リンク ==
西本竜洋 - WorldFootball.net (英語)
西本竜洋 - Transfermarkt.comによる選手データ (英語)
西本竜洋 - J.League Data Siteによる選手データ
西本竜洋建築事務所",,
2921,三本菅 崇,Takashi SAMBONSUGE,pre2014_p2,三本菅崇,unknown,,no_institution_keyword_found,"かつてはセンターバックを務めていたが、後にクラブ事情などによりボランチを務めることもあった。
レッズ以後はカテゴリを問わず様々なクラブを渡り歩いたが、2012年度限りで引退を表明。しかし、翌年アルテリーヴォ和歌山にて現役復帰することとなった。
2017年、引退しコーチになることが発表された。",,
2274,花山 英二,Eiji HANAYAMA,pre2014_p2,花山英二,unknown,,no_institution_keyword_found,浦和に大型MFとして加入するも、出番はなく、ガンバに移籍。ベガルタ仙台後はDFとしてプレイした。,,
2367,加藤 慎也,Shinya KATO,pre2014_p2,加藤慎也,unknown,,no_institution_keyword_found,"栃木県宇都宮市で生まれ茨城県鹿嶋市で育つ。小学4年生のときにサッカーを始め、中学2年生からゴールキーパーとしてプレーするようになる。
小学6年生から鹿島アントラーズで育ち、1999年にトップチームに昇格。同じポジションには曽ヶ端準、高桑大二朗がおり、出場機会は回ってこなかった。2002年7月よりジェフユナイテッド市原、10月より横浜F・マリノスに期限付き移籍。鹿島に復帰した2003年はヘルニアで腰を痛め、同年限りで戦力外となった。
無所属期間を経て、2005年に柏レイソルと契約。2005年11月23日のJ1第32節・サンフレッチェ広島戦でJリーグデビュー。2008年に菅野孝憲が加入して序列が下がるまでは南雄太に次ぐGKの2番手という位置付けだった。
2009年6月、川北裕介の負傷に伴い愛媛FCに期限付き移籍すると出場機会を得た。しかしバルバリッチ新監督の下では一転して山本浩正の控えとなった。2010年は鶴田達也と入れ替わる形でヴァンフォーレ甲府に移籍したが荻晃太の前に出番なしに終わった。同年退団。2011年よりJFLのAC長野パルセイロに加入。正GKとして19試合に出場するも1年で退団し、そのまま現役引退することになった。
2025年現在、エイベックス・ライヴ・クリエイティヴに勤務する。",,
1411,栗原 克志,Katsushi KURIHARA,pre2014_p2,栗原克志,high_school,high_school|j_club_academy,youth_dual_enrollment_school,"栗原 克志（くりはら かつし、1977年7月29日 - ）は、千葉県出身の元サッカー選手で現在は指導者。


== 選手時代 ==
ジェフユナイテッド市原のユースチームを経て1996年にトップチームに昇格。同期入団に式田高義、廣山望がいる。同年度第2節の京都パープルサンガ戦でJリーグデビューし、以後2000年1月に現役を引退するまでの4シーズンで38試合に出場した。
在籍中、1998年度Jリーグナビスコカップ決勝戦でベンチ入りを経験した他、1998年11月開催のJ1参入決定戦第1戦（対戦相手: アビスパ福岡）に先発出場した経験を持つ。


=== 指導者時代 ===
引退後は引き続きジェフ市原に残り、1年間U-12チームの監督を務めたが、翌2001年にFC東京普及部に移籍して2年間コーチとして勤務した。2003年からはイギリスに移り、翌2004年まで当時イングランドフットボールリーグ所属のプリマス・アーガイルFCのU-19チームでアシスタントコーチを務めた。在籍中にFAインターナショナルコーチングライセンス (UEFA B) を取得している。
2005年から2007年までの3年間はシンガポールSリーグ所属のアルビレックス新潟シンガポールコーチを務めた。在職中の2006年に、『サッカークリニック』8月号に、シンガポールにおける選手育成について執筆している。2008年1月より日本へ渡り、アルビレックス新潟アシスタントコーチに就任。2012年J1最終節では、前節で退席処分となった監督の柳下正明の代行として指揮を執り、4-1で勝利し、チームをJ1残留へと導いた。2015年シーズンを最後にコーチを退任し、2016年より育成普及部コーチに就任した。
また、日本サッカー協会ナショナルトレセンコーチに就任。新潟県ユースダイレクターも兼任し、北信越の育成に尽力。
Jリーグ選抜のU-14日本代表の監督を務め、国際大会ゴシアカップにて世界3位の成績をおさめた。
2018年よりアルビレックス新潟のトップチームコーチに復帰、2019年よりヘッドコーチに就任した。
2019年シーズン終了後の12月より2020年東京五輪に出場するU-22日本代表のコーチに就任。


== 所属クラブ ==
1993年 - 1995年 ジェフユナイテッド市原ユース（千葉県立幕張東高等学校）
1996年 - 1999年 ジェフユナイテッド市原


== 個人成績 ==

その他の公式戦

1998年
J1参入決定戦 1試合0得点


== 指導歴 ==
2000年 ジェフユナイテッド市原 U-12監督
2001年 - 2002年 FC東京 普及部
2003年 - 2004年  プリマス・アーガイルFC U-19アシアシスタントコーチ
2005年 - 2007年  アルビレックス新潟シンガポール コーチ
2008年 - 2019年 アルビレックス新潟
2008年 - 2009年 アシスタントコーチ
2010年 - 2015年 コーチ
2016年 - 2017年 育成普及部コーチ
2018年 コーチ
2019年 ヘッドコーチ
2016年 - 2017年 日本サッカー協会ナショナルトレセンコーチ北信越担当
2016年 - 2017年 新潟県ユースダイレクター
2019年12月 - 日本サッカー協会ナショナルコーチングスタッフ
2019年12月 - U-22日本代表 コーチ


== 資格 ==
2000年 日本サッカー協会公認C級指導者ライセンス
2004年 FAインターナショナルライセンス（UEFA Bライセンス）
2011年 日本サッカー協会公認B級指導者ライセンス
2015年 日本サッカー協会公認A級指導者ライセンス


== 脚注 ==


=== 注釈 ===


=== 出典 ===


== 関連項目 ==
ジェフユナイテッド市原・千葉の選手一覧


== 外部リンク ==
栗原克志 - WorldFootball.net (英語)
栗原克志 - Transfermarkt.comによる選手データ (英語)
栗原克志 - Transfermarkt.comによる指導者データ (英語)
栗原克志 - J.League Data Siteによる選手データ
ナショナルコーチングスタッフ｜日本代表｜JFA ｜日本サッカー協会",,
5791,原田 慎太郎,Shintaro HARADA,pre2014_p2,原田慎太郎,unknown,,no_institution_keyword_found,"原田 慎太郎（はらだ しんたろう）

原田慎太郎 (サッカー選手) （1980年11月8日 - ）、日本のサッカー選手。
原田慎太郎 (政治家) （1941年2月19日 - 2006年4月4日）、宗像市長。",,
9708,佐藤 聡,Satoshi SATO,pre2014_p2,佐藤聡,unknown,,no_institution_keyword_found,"TDKでは主将。2006年にFC岐阜に入団。2007年にはJFL開幕戦にあたるアウェーのHonda FC戦で決勝ゴールを決めた。苦戦が予想されていたこの試合を1-0で勝利したことでチームは開幕ダッシュに成功、Jリーグ昇格に向けた好発進の立役者となった。
2008年5月25日、セレッソ大阪戦にてJリーグ初出場を果たした。2008年シーズン終了後に退団。",,
1861,牧野 真二,Shinji MAKINO,pre2014_p2,牧野真二,j_club_academy,j_club_academy,overseas_relocation_language_no_domestic_institution,"1995年横浜マリノスに入団。海外留学を経て1998年にサガン鳥栖に加入し翌年までプレーした。その後はフットサルに転進。さらに遊びのつもりではじめたビーチサッカー大会で2004年に優勝したのが日本サッカー協会の目に留まり、翌2005年に開催された第1回FIFAビーチサッカーワールドカップで日本代表に選出され、その後も2007年の第3回大会以外は全て代表に選出されている。2015年大会で通算7度のW杯出場はソーマプライア所属の照喜名辰吾と並び日本人最多。代表通算成績は87試合出場15得点。
現役選手と並行して指導者としても活動しており、自身が所属するLEON福岡のジュニアユースチーム（U-15)の総監督を勤めている。2018年、ビーチサッカー日本代表のコーチに就任",,
4374,石田 博行,Hiroyuki ISHIDA,pre2014_p2,石田博行,unknown,,no_institution_keyword_found,"横浜市立中和田中学校卒業後、ブラジルへ渡り、複数チームを渡り歩く。1998年に帰国し、清水エスパルスに入団するも、出場機会は少ないものだった。清水退団後、東京ヴェルディ1969に練習生として加入するも、本契約には至らなかった。
再度、海外へ移籍し、シンガポール、オーストラリア、マレーシアのチームでコンスタントに試合に出場し、活躍した。
2006年に再度帰国し、ヴァンフォーレ甲府、サガン鳥栖に所属するも、出場機会は少なかった。
2009年7月、Jリーグ参入を目指す藤枝MYFC（当時静岡県社会人リーグ1部）に加入。2013年限りで現役を引退。",,
5280,西川 吉英,Yoshihide NISHIKAWA,pre2014_p2,西川吉英,unknown,,no_institution_keyword_found,"2001年に大分トリニータに入団。翌年、湘南ベルマーレに移籍。2004年以降は日本フットボールリーグの佐川印刷SC、栃木SCでプレー。2007年に引退。
引退後は湘南のスポンサー(当時)であったリズメディア社長の谷川寛人から誘いを受け、同社に再就職している。[1]
現在はコンサート・イベントの制作を行う株式会社Norioと、スポーツ選手のマネジメント・スポーツに関係するボランティア活動・社会貢献活動を行う株式会社C.DREAMSの代表取締役を務める。",,
2074,赤尾 佳宣,Yoshinobu AKAO,pre2014_p2,赤尾佳宣,unknown,,no_institution_keyword_found,1998年にジャパンフットボールリーグのヴァンフォーレ甲府に加入。1999年からはJ2リーグでプレーし20試合に出場した。,,
3389,豊田 泰広,Yasuhiro TOYODA,pre2014_p2,豊田泰広,unknown,,no_institution_keyword_found,1999年に大宮アルディージャに在籍し、J2リーグで3試合に出場した。,,
2292,西 政治,Masaharu NISHI,pre2014_p2,西政治,university,university|high_school|j_club_academy,university_entry_after_pro_entry,"東福岡高校では1年よりレギュラーとなり、全国高等学校サッカー選手権大会にも出場した。第72回大会ベスト4。第74回大会ベスト4。1996年にアビスパ福岡に入団。また、U-20サッカー日本代表にも選出され、1997 FIFAワールドユース選手権に出場した。1999年に中京大学に進学して、在学中に教員免許を取得した。
2007年より京都先端科学大学（旧称：京都学園大学）の講師となり、併せて同大学サッカー部のコーチを務めている（後に監督に就任）。",,
2365,松永 一慶,Kazuyoshi MATSUNAGA,pre2014_p2,松永一慶,unknown,,no_institution_keyword_found,"1996年、サンフレッチェ広島と練習生契約。同期は、服部公太、影山貴志、金本圭太、高田純、山口哲治、秋満勝二、上田実。その後活躍が認められプロ契約にこぎつけた。その後、久保竜彦や高橋泰などの台頭や怪我の連続で出場機会が与えられず、アビスパ福岡へ移籍した。
福岡では1年で退団し、その後Jリーグ入りを目指して設立されたプロフェソール宮崎FCに入団。翌2002年にSリーグのジュロンFCへ移籍するものの同年にP宮崎に復帰。給料未払い等、問題が多発しクラブが混迷したため同年末にP宮崎を退団し、翌2004年に栃木SCへ移籍した。
2004年栃木在籍時、第8回国際親善サッカー大会アブドゥラ・アルファイサル・プリンス・カップにてJFL選抜として日本代表に選出されている。
2008年をもって現役を引退。指導者となり、2016年時点では明光サッカースクール西船橋校のコーチだったが、2017年にレノファ山口FCレディースのコーチに転身すると、2018年には同チーム監督に就任した。",,
6518,内田 哲兵,Teppei UCHIDA,pre2014_p2,内田哲兵,unknown,,no_institution_keyword_found,2001年にJ2リーグのヴァンフォーレ甲府でプレーした。5月6日の京都パープルサンガとの試合でデビューした。試合出場はこの1試合でシーズン終了後に退団した。,,
8101,林 威宏,Takehiro HAYASHI,pre2014_p2,林威宏,unknown,,no_institution_keyword_found,"2004年には日本フットボールリーグで最優秀選手に輝く活躍で、大塚製薬サッカー部のJ2昇格に貢献した。徳島ヴォルティスへチーム名を変更した2005年はケガの影響で1試合の出場にとどまる。
2006年も1試合のみの出場。シーズン後に大塚製薬からの出向期間満了に伴う戦力外通告を受けた。
2007シーズンから2010年まで徳島ユースのコーチを務めた。コーチ退任後は大塚製薬の社業に専念している。",,
4708,植村 映一,Eiichi UEMURA,pre2014_p2,植村映一,unknown,,no_institution_keyword_found,1999年にJ2リーグのヴァンフォーレ甲府でプレーした。11月14日の川崎フロンターレとの試合でデビューした。試合出場はこの1試合でシーズン終了後に退団した。,,
1975,伊藤 琢矢,Takuya ITO,pre2014_p2,伊藤琢矢,unknown,,no_institution_keyword_found,"ファジアーノ岡山FC時代は主力選手として、JFL・J2昇格に貢献した。移籍先のギラヴァンツ北九州でも主力選手としてJ2昇格に貢献するも、昇格後は出番が大幅に減少、シーズン終了後解雇（契約不更新）される。その後トライアウトを経て、タイ・ディヴィジョン1リーグ（当時）のラパチャFCへ移籍。
移籍後はプレー面以外でクラブ側の給料未払い、契約書の内容改ざん、VISAのケアがなかったことが重なり、2012年オフにクラブを退団するとそのまま引退した。引退後はそのままタイに残り、北九州にあるアパレルブランドのタイでの販売を担当、その他にタイサッカーのコラム等の執筆も行っている。",,
